kind,item,count_of_16_serps
top-10 organic domain,www.bridgit.com.au,12
top-10 organic domain,www.reddit.com,8
top-10 organic domain,www.commbank.com.au,4
top-10 organic domain,www.resolvefinance.com.au,3
top-10 organic domain,www.anz.com.au,3
top-10 organic domain,forums.whirlpool.net.au,3
top-10 organic domain,www.mortgagechoice.com.au,2
top-10 organic domain,ybr.com.au,2
top-10 organic domain,www.canstar.com.au,2
top-10 organic domain,crowdpropertycapital.com.au,2
top-10 organic domain,www.pnbank.com.au,2
top-10 organic domain,www.funding.com.au,2
top-10 organic domain,www.propertychat.com.au,2
top-10 organic domain,intuitivefinance.com.au,2
top-10 organic domain,mortgagestreet.com.au,2
top-10 organic domain,zandawealth.com.au,2
top-10 organic domain,broker.loanmarket.com.au,2
top-10 organic domain,mangocredit.com.au,2
top-10 organic domain,assetline.com.au,1
top-10 organic domain,aintreegroup.com.au,1
top-10 organic domain,www.loans.com.au,1
top-10 organic domain,gocardless.com,1
top-10 organic domain,www.nab.com.au,1
top-10 organic domain,moneysmart.gov.au,1
top-10 organic domain,www.latrobefinancial.com.au,1
top-10 organic domain,www.peppermoney.com.au,1
top-10 organic domain,www.westpac.com.au,1
top-10 organic domain,www.newcastlepermanent.com.au,1
top-10 organic domain,www.banksa.com.au,1
top-10 organic domain,www.comparethemarket.com.au,1
top-10 organic domain,www.bridgingloansaustralia.com.au,1
top-10 organic domain,koalify.com.au,1
top-10 organic domain,everstonefinance.com.au,1
top-10 organic domain,whichrealestateagent.com.au,1
top-10 organic domain,www.mortgagebrokerhomeloans.com.au,1
top-10 organic domain,savvy.com.au,1
top-10 organic domain,momentafinance.co.uk,1
top-10 organic domain,risehigh.com.au,1
top-10 organic domain,www.axtonfinance.com.au,1
top-10 organic domain,sanfordfinance.com.au,1
AI Overview reference,www.bridgit.com.au,6
AI Overview reference,www.anz.com.au,6
AI Overview reference,www.commbank.com.au,5
AI Overview reference,www.nab.com.au,4
AI Overview reference,www.canstar.com.au,4
AI Overview reference,www.comparethemarket.com.au,4
AI Overview reference,www.peppermoney.com.au,3
AI Overview reference,www.money.com.au,3
AI Overview reference,www.youtube.com,3
AI Overview reference,www.bankaust.com.au,2
AI Overview reference,www.pnbank.com.au,2
AI Overview reference,www.westpac.com.au,2
AI Overview reference,www.stgeorge.com.au,2
AI Overview reference,www.latrobefinancial.com.au,2
AI Overview reference,www.loanmarket.com.au,2
AI Overview reference,www.mamoney.com.au,2
AI Overview reference,www.xero.com,2
AI Overview reference,www.bendigobank.com.au,1
AI Overview reference,communityfirst.com.au,1
AI Overview reference,www.ifghomeloans.com.au,1
AI Overview reference,www.stryve.com.au,1
AI Overview reference,www.bcu.com.au,1
AI Overview reference,www.mortgagechoice.com.au,1
AI Overview reference,www.infochoice.com.au,1
AI Overview reference,www.loans.com.au,1
AI Overview reference,everstonefinance.com.au,1
AI Overview reference,www.bridgingloansaustralia.com.au,1
AI Overview reference,lendology.com.au,1
AI Overview reference,loanbuddy.com.au,1
AI Overview reference,www.universalfinance-difficultloanspecialistsadelaide.com.au,1
related search,Bridging loan calculator Australia,3
related search,Bridging loan calculator,2
related search,Bridging loan interest rate,2
related search,ANZ bridging loan,2
related search,Bridging loan rates,1
related search,Bridging loan lenders,1
related search,Bridging finance calculator,1
related search,Bridging finance reviews,1
related search,Bridging finance Westpac,1
related search,Bridging finance ING,1
related search,Bridging finance rates Australia,1
related search,Bridging finance NAB,1
related search,Bridging finance Macquarie,1
related search,Bridging loan interest rate australia,1
related search,Bridging loan interest rate calculator,1
related search,CBA bridging loan interest rate,1
related search,Bridging loan interest rate westpac,1
related search,Bridging loan interest rate ANZ,1
related search,Best bridging loan interest rate,1
related search,Bridging loan calculator australia,1
related search,Bridging loan calculator nsw,1
related search,Best bridging loan calculator,1
related search,Bridging loan cost australia,1
related search,Bridging loan cost calculator,1
related search,Bridging loan cost reddit,1
related search,Buy before you sell reddit,1
related search,Buy before you sell australia,1
related search,Buy before you sell nsw,1
related search,Bridging loan vs relocation loan australia,1
related search,Bridging loan vs relocation loan calculator,1
related search,Bridging loan vs relocation loan cost,1
related search,Bridging loan construction rates,1
related search,Bridging loan construction interest rate,1
related search,Bridging loan construction lenders,1
related search,Bridging loan construction calculator,1
related search,Commercial bridging loan australia,1
related search,Commercial bridging loan rates,1
related search,Commercial bridging loan interest rate,1
related search,Commercial bridging loan calculator,1
related search,Best commercial bridging loan,1
related search,Commercial bridging loan lenders,1
related search,Commercial bridging loan nsw,1
related search,Bridging loan Westpac,1
related search,Bridging loan Macquarie Bank,1
related search,NAB bridging loan,1
related search,Bridging loan Bendigo bank,1
related search,Deposit bond vs bridging loan australia,1
related search,Deposit bond vs bridging loan calculator,1
forum thread (bridging loan),www.reddit.com | Bridging loan,
forum thread (bridging loan),www.reddit.com | What's the point of a bridging loan?,
forum thread (bridging loan),www.propertychat.com.au | Bridging loan advice,
forum thread (buy before you sell),"www.reddit.com | Halfway through ""Buy Before Sell"".",
forum thread (buy before you sell),www.reddit.com | Money movement of buying and selling. Is it crazy to buy before my house ...,
forum thread (buy before you sell),www.linkedin.com | Should you sell before you buy? | Veronica Morgan,
forum thread (bridging loan vs relocation loan),www.reddit.com | Bridging loan…,
forum thread (bridging loan vs relocation loan),www.reddit.com | Loan Strategy to upgrade my house - feeling weird about this,
forum thread (bridging loan vs relocation loan),www.somersoft.com | Bridging Finance Vs Relocation Vs IP Switch,
forum thread (bridging loan downsizing),www.reddit.com | Considerations for downsizing single pensioner?,
forum thread (bridging loan downsizing),www.propertychat.com.au | Bridging loan to downsize PPOR when over 75,
forum thread (bridging loan downsizing),www.reddit.com | Bridging loan…,
forum thread (bridging loan bad credit),www.reddit.com | Bridging loan,
forum thread (bridging loan bad credit),www.reddit.com | Yard.com.au or Newcastle Permanent bridging loan,
forum thread (what happens if my house doesn't sell bridging loan),www.reddit.com | Bridging loan,
forum thread (what happens if my house doesn't sell bridging loan),"www.facebook.com | Curious what people do if they own a property, want to move but can't get ...",
forum thread (what happens if my house doesn't sell bridging loan),www.facebook.com | Has anyone used a bridging loan to purchase a new home while selling ...,
forum thread (bridging loan pros and cons),www.reddit.com | Bridging loan,
forum thread (bridging loan pros and cons),www.reddit.com | Buying/selling,
forum thread (bridging loan pros and cons),www.linkedin.com | Bridge loans are riskier than most investors realize. | Rob Beardsley,
forum thread (deposit bond vs bridging loan),"www.facebook.com | Recommendations please, for a good broker to secure a bridging loan... ...",
forum thread (deposit bond vs bridging loan),www.reddit.com | Bridging Loan Experiences,
forum thread (deposit bond vs bridging loan),forum.homeone.com.au | Bridging loans - help!!!! • Home Renovation & Building Forum,
