url,template,clicks,impressions,position
https://www.yourpropertyguide.com.au/guides/real-estate-agent-fees-australia,guides,53,1032,3.7
https://www.yourpropertyguide.com.au/guides/real-estate-commission-nsw,guides,38,715,2.7
https://www.yourpropertyguide.com.au/guides/cgt-changes-2026-budget,guides,37,708,5.6
https://www.yourpropertyguide.com.au/guides/cost-of-selling-a-house-australia,guides,16,137,3.0
https://www.yourpropertyguide.com.au/guides/renters-rights-sa,guides,15,688,6.9
https://www.yourpropertyguide.com.au/guides/property-management-fees-australia,guides,13,436,4.5
https://www.yourpropertyguide.com.au/guides/real-estate-commission-vic,guides,13,280,2.6
https://www.yourpropertyguide.com.au/guides/first-home-buyer-nsw,guides,7,1035,6.3
https://www.yourpropertyguide.com.au/guides/granny-flat-guide-wa,guides,7,102,5.6
https://www.yourpropertyguide.com.au/suburbs/currawong-beach-nsw-2108,suburb profile,6,13,2.4
https://www.yourpropertyguide.com.au/guides/foreign-buyer-firb-guide,guides,5,151,6.7
https://www.yourpropertyguide.com.au/guides/real-estate-commission-wa,guides,5,31,3.5
https://www.yourpropertyguide.com.au/guides/real-estate-commission-qld,guides,4,132,3.0
https://www.yourpropertyguide.com.au/guides/smsf-property-guide,guides,4,23,3.5
https://www.yourpropertyguide.com.au/guides/granny-flat-guide-sa,guides,4,17,5.6
https://www.yourpropertyguide.com.au/guides/questions-to-ask-a-real-estate-agent,guides,4,10,4.0
https://www.yourpropertyguide.com.au/guides/first-home-owner-grant-australia,guides,3,139,6.0
https://www.yourpropertyguide.com.au/guides/renters-rights-nsw,guides,3,63,5.7
https://www.yourpropertyguide.com.au/guides/downsizers-guide,guides,3,49,6.5
https://www.yourpropertyguide.com.au/guides/australia-fastest-growing-suburbs-2026,guides,3,16,2.6
https://www.yourpropertyguide.com.au/suburbs/morayfield-qld-4506/thea-court,suburb street,3,2,4.0
https://www.yourpropertyguide.com.au/guides/how-much-deposit-to-buy-a-house,guides,2,132,5.7
https://www.yourpropertyguide.com.au/guides/renovation-cost-australia-2026,guides,2,55,6.7
https://www.yourpropertyguide.com.au/guides/first-home-buyer-vic,guides,2,21,6.3
https://www.yourpropertyguide.com.au/suburbs/wallan-vic-3756/darraweit-road,suburb street,2,7,7.0
https://www.yourpropertyguide.com.au/suburbs/caboolture-qld-4510/misty-court,suburb street,2,6,6.0
https://www.yourpropertyguide.com.au/guides/sydney-vs-melbourne-property-market,guides,2,4,3.3
https://www.yourpropertyguide.com.au/suburbs/caboolture-qld-4510/merino-street,suburb street,2,3,3.0
https://www.yourpropertyguide.com.au/suburbs/caboolture-qld-4510/lesley-avenue,suburb street,2,2,9.0
https://www.yourpropertyguide.com.au/suburbs/daisy-hill-qld-4127/vs/springwood-qld-4127,suburb vs,2,2,2.0
https://www.yourpropertyguide.com.au/suburbs/cannington-wa-6987/vs/beckenham-wa-6107,suburb vs,2,2,1.0
https://www.yourpropertyguide.com.au/suburbs/eraring-nsw-2264,suburb profile,2,2,1.0
https://www.yourpropertyguide.com.au/suburbs/caboolture-qld-4510/treeside-court,suburb street,2,1,7.0
https://www.yourpropertyguide.com.au/property/4-weynton-mews-bella-vista-nsw-2153,other,2,1,4.0
https://www.yourpropertyguide.com.au/guides/stamp-duty-sa,guides,1,286,7.6
https://www.yourpropertyguide.com.au/suburbs/bankstown-nsw-2200,suburb profile,1,252,7.6
https://www.yourpropertyguide.com.au/suburbs/carindale-qld-4152,suburb profile,1,175,6.0
https://www.yourpropertyguide.com.au/guides/first-home-super-saver-scheme,guides,1,42,6.9
https://www.yourpropertyguide.com.au/guides/sydney-property-market-2026,guides,1,31,7.3
https://www.yourpropertyguide.com.au/guides/renters-rights-qld,guides,1,31,6.6
https://www.yourpropertyguide.com.au/postcodes/2017,postcodes,1,23,5.8
https://www.yourpropertyguide.com.au/postcodes/6112,postcodes,1,23,6.5
https://www.yourpropertyguide.com.au/guides/property-depreciation-guide,guides,1,19,6.3
https://www.yourpropertyguide.com.au/guides/bridging-loans-guide,guides,1,18,4.4
https://www.yourpropertyguide.com.au/market-reports/tas,market-reports,1,13,6.7
https://www.yourpropertyguide.com.au/guides/perth-property-market-2026,guides,1,12,6.7
https://www.yourpropertyguide.com.au/guides/cooling-off-period-vic,guides,1,12,6.1
https://www.yourpropertyguide.com.au/property-market/sydney,property-market,1,12,5.0
https://www.yourpropertyguide.com.au/guides/first-home-buyer-qld,guides,1,10,6.1
https://www.yourpropertyguide.com.au/guides/real-estate-commission-act,guides,1,10,4.0
https://www.yourpropertyguide.com.au/guides/settlement-day-australia,guides,1,10,5.0
https://www.yourpropertyguide.com.au/suburbs/caboolture-qld-4510/schipper-court,suburb street,1,9,8.6
https://www.yourpropertyguide.com.au/suburbs/longueville-nsw-2066,suburb profile,1,8,7.0
https://www.yourpropertyguide.com.au/postcodes/2640,postcodes,1,8,5.0
https://www.yourpropertyguide.com.au/postcodes/2287,postcodes,1,7,6.0
https://www.yourpropertyguide.com.au/suburbs/morayfield-qld-4506/rosella-circuit,suburb street,1,5,2.8
https://www.yourpropertyguide.com.au/suburbs/morayfield-qld-4506/franklin-crescent,suburb street,1,4,4.0
https://www.yourpropertyguide.com.au/guides/best-brisbane-suburbs-for-families-2026,guides,1,4,6.5
https://www.yourpropertyguide.com.au/guides/lenders-mortgage-insurance-guide,guides,1,4,7.0
https://www.yourpropertyguide.com.au/postcodes/2444,postcodes,1,4,7.0
https://www.yourpropertyguide.com.au/suburbs/morning-bay-nsw-2105,suburb profile,1,3,7.0
https://www.yourpropertyguide.com.au/suburbs/adelaide-sa-5000/seymour-place,suburb street,1,3,4.0
https://www.yourpropertyguide.com.au/suburbs/narangba-qld-4504/gene-court,suburb street,1,3,9.0
https://www.yourpropertyguide.com.au/guides/cheapest-suburbs-buy-house-australia-2026,guides,1,3,3.0
https://www.yourpropertyguide.com.au/suburbs/manjimup-wa-6258,suburb profile,1,3,6.0
https://www.yourpropertyguide.com.au/guides/how-to-sell-a-house-australia,guides,1,3,2.7
https://www.yourpropertyguide.com.au/property/9-monash-crescent-clontarf-nsw-2093,other,1,3,5.0
https://www.yourpropertyguide.com.au/suburbs/caboolture-qld-4510/foxglove-street,suburb street,1,2,6.0
https://www.yourpropertyguide.com.au/suburbs/morayfield-qld-4506/drumine-street,suburb street,1,2,1.0
https://www.yourpropertyguide.com.au/property/unit-53-2-sienna-drive-morayfield-qld-4506,other,1,2,4.0
https://www.yourpropertyguide.com.au/suburbs/morayfield-qld-4506/trail-road,suburb street,1,2,4.0
https://www.yourpropertyguide.com.au/property/unit-18-18-straitsman-way-currambine-wa-6028,other,1,2,6.0
https://www.yourpropertyguide.com.au/property/57-tallon-street-caboolture-qld-4510,other,1,2,6.0
https://www.yourpropertyguide.com.au/suburbs/caboolture-qld-4510/floral-drive,suburb street,1,2,4.0
https://www.yourpropertyguide.com.au/suburbs/bella-vista-nsw-2153/cedar-cutters-way,suburb street,1,2,6.0
https://www.yourpropertyguide.com.au/suburbs/adelaide-sa-5000/twin-plaza-arcade,suburb street,1,2,3.0
https://www.yourpropertyguide.com.au/suburbs/narangba-qld-4504/lignum-court,suburb street,1,2,8.0
https://www.yourpropertyguide.com.au/guides/renters-rights-act,guides,1,2,6.0
https://www.yourpropertyguide.com.au/guides/home-loan-pre-approval-australia,guides,1,2,4.0
https://www.yourpropertyguide.com.au/suburbs/caboolture-qld-4510/dowling-court,suburb street,1,2,3.0
https://www.yourpropertyguide.com.au/suburbs/wallan-vic-3756/william-street,suburb street,1,2,6.0
https://www.yourpropertyguide.com.au/suburbs/mount-warrigal-nsw-2528/vs/warilla-nsw-2528,suburb vs,1,2,2.0
https://www.yourpropertyguide.com.au/property/56-coutts-drive-burpengary-qld-4505,other,1,2,6.0
https://www.yourpropertyguide.com.au/guides/how-much-is-my-house-worth-australia,guides,1,2,4.0
https://www.yourpropertyguide.com.au/suburbs/lynwood-qld-4660,suburb profile,1,1,3.0
https://www.yourpropertyguide.com.au/suburbs/morayfield-qld-4506/olearia-street,suburb street,1,1,3.0
https://www.yourpropertyguide.com.au/suburbs/morayfield-qld-4506/batchen-street,suburb street,1,1,3.0
https://www.yourpropertyguide.com.au/property/unit-1-91-93-lower-king-street-caboolture-qld-4510,other,1,1,1.0
https://www.yourpropertyguide.com.au/suburbs/bella-vista-nsw-2153/kentridge-place,suburb street,1,1,5.0
https://www.yourpropertyguide.com.au/suburbs/ingleside-nsw-2101/chiltern-road,suburb street,1,1,5.0
https://www.yourpropertyguide.com.au/suburbs/caboolture-qld-4510/hayes-street,suburb street,1,1,8.0
https://www.yourpropertyguide.com.au/suburbs/caboolture-qld-4510/william-street,suburb street,1,1,7.0
https://www.yourpropertyguide.com.au/suburbs/wallan-vic-3756/castellina-crescent,suburb street,1,1,5.0
https://www.yourpropertyguide.com.au/guides/granny-flat-guide-vic,guides,1,1,6.0
https://www.yourpropertyguide.com.au/property/37-shrike-lane-humpty-doo-nt-0836,other,1,1,6.0
https://www.yourpropertyguide.com.au/suburbs/tin-can-bay-qld-4580/mallett-street,suburb street,1,1,4.0
https://www.yourpropertyguide.com.au/suburbs/adelaide-sa-5000/old-treasury-lane,suburb street,1,1,1.0
https://www.yourpropertyguide.com.au/suburbs/mernda-vic-3754/vs/doreen-vic-3754,suburb vs,1,1,1.0
https://www.yourpropertyguide.com.au/suburbs/pacific-fair-qld-4218,suburb profile,1,1,1.0
https://www.yourpropertyguide.com.au/suburbs/caboolture-qld-4510/manley-street,suburb street,1,1,8.0
https://www.yourpropertyguide.com.au/suburbs/ithaca-qld-4059,suburb profile,1,1,4.0
https://www.yourpropertyguide.com.au/suburbs/paxton-nsw-2325,suburb profile,1,1,1.0
https://www.yourpropertyguide.com.au/suburbs/caboolture-qld-4510/riccardo-street,suburb street,1,1,10.0
https://www.yourpropertyguide.com.au/schools/gosford-high-school-42090,schools,1,1,5.0
https://www.yourpropertyguide.com.au/postcodes/2009,postcodes,1,1,5.0
https://www.yourpropertyguide.com.au/guides/darwin-nt-property-market-2026,guides,1,1,3.0
https://www.yourpropertyguide.com.au/suburbs/mays-hill-nsw-2145/vs/south-wentworthville-nsw-2145,suburb vs,1,1,1.0
https://www.yourpropertyguide.com.au/postcodes/4000,postcodes,0,497,6.6
https://www.yourpropertyguide.com.au/suburbs/morayfield-qld-4506,suburb profile,0,475,8.3
https://www.yourpropertyguide.com.au/suburbs/surfers-paradise-qld-4217,suburb profile,0,364,6.8
https://www.yourpropertyguide.com.au/rba-cash-rate,other,0,153,7.1
https://www.yourpropertyguide.com.au/suburbs/caboolture-qld-4510,suburb profile,0,153,8.6
https://www.yourpropertyguide.com.au/suburbs/wacol-qld-4076,suburb profile,0,138,7.6
https://www.yourpropertyguide.com.au/postcodes/2170,postcodes,0,110,6.7
https://www.yourpropertyguide.com.au/guides/negative-gearing-changes-2026-budget,guides,0,100,7.0
https://www.yourpropertyguide.com.au/suburbs/north-lakes-qld-4509,suburb profile,0,82,7.0
https://www.yourpropertyguide.com.au/postcodes/3810,postcodes,0,78,6.1
https://www.yourpropertyguide.com.au/guides/stamp-duty-nsw,guides,0,78,7.1
https://www.yourpropertyguide.com.au/glossary,glossary,0,68,6.0
https://www.yourpropertyguide.com.au/suburbs/mosman-nsw-2088,suburb profile,0,65,8.0
https://www.yourpropertyguide.com.au/postcodes/3029,postcodes,0,63,6.4
https://www.yourpropertyguide.com.au/stamp-duty-calculator,calculators,0,58,8.2
https://www.yourpropertyguide.com.au/suburbs/beenleigh-qld-4207,suburb profile,0,58,7.0
https://www.yourpropertyguide.com.au/suburbs/cranbourne-vic-3977,suburb profile,0,49,9.0
https://www.yourpropertyguide.com.au/guides/stamp-duty-qld,guides,0,48,7.2
https://www.yourpropertyguide.com.au/suburbs/peppermint-grove-wa-6011,suburb profile,0,45,10.0
https://www.yourpropertyguide.com.au/suburbs/maylands-wa-6931,suburb profile,0,43,6.4
https://www.yourpropertyguide.com.au/suburbs/reservoir-vic-3073,suburb profile,0,39,9.0
https://www.yourpropertyguide.com.au/suburbs/maryborough-qld-4650,suburb profile,0,38,7.0
https://www.yourpropertyguide.com.au/postcodes/2060,postcodes,0,36,7.0
https://www.yourpropertyguide.com.au/guides/stamp-duty-vic,guides,0,36,7.8
https://www.yourpropertyguide.com.au/postcodes/3156,postcodes,0,33,7.4
https://www.yourpropertyguide.com.au/suburbs/erskine-wa-6210,suburb profile,0,33,9.0
https://www.yourpropertyguide.com.au/suburbs/frenchs-forest-nsw-2086,suburb profile,0,32,7.3
https://www.yourpropertyguide.com.au/postcodes/6007,postcodes,0,31,8.0
https://www.yourpropertyguide.com.au/postcodes/5158,postcodes,0,30,5.3
https://www.yourpropertyguide.com.au/suburbs/camp-hill-qld-4152,suburb profile,0,28,6.5
https://www.yourpropertyguide.com.au/suburbs/collingwood-vic-3066,suburb profile,0,28,7.9
https://www.yourpropertyguide.com.au/guides/stamp-duty-wa,guides,0,27,8.0
https://www.yourpropertyguide.com.au/suburbs/coolangatta-qld-4225,suburb profile,0,24,7.4
https://www.yourpropertyguide.com.au/suburbs/rutherford-nsw-2320,suburb profile,0,24,8.5
https://www.yourpropertyguide.com.au/postcodes/3336,postcodes,0,23,9.0
https://www.yourpropertyguide.com.au/suburbs/homebush-nsw-2140,suburb profile,0,21,7.0
https://www.yourpropertyguide.com.au/postcodes/3217,postcodes,0,20,7.0
https://www.yourpropertyguide.com.au/affordability-calculator,calculators,0,20,4.0
https://www.yourpropertyguide.com.au/property/40-herrenberg-street-aldershot-qld-4650,other,0,19,9.0
https://www.yourpropertyguide.com.au/guides/stamp-duty-act,guides,0,19,8.0
https://www.yourpropertyguide.com.au/suburbs/rochedale-qld-4123,suburb profile,0,18,6.0
https://www.yourpropertyguide.com.au/postcodes/2000,postcodes,0,18,7.0
https://www.yourpropertyguide.com.au/postcodes/2515,postcodes,0,17,8.0
https://www.yourpropertyguide.com.au/suburbs/loganholme-qld-4129,suburb profile,0,17,7.5
https://www.yourpropertyguide.com.au/suburbs/christies-beach-sa-5165,suburb profile,0,17,9.0
https://www.yourpropertyguide.com.au/postcodes/3561,postcodes,0,16,6.3
https://www.yourpropertyguide.com.au/,home,0,15,5.1
https://www.yourpropertyguide.com.au/postcodes/2112,postcodes,0,15,7.0
https://www.yourpropertyguide.com.au/suburbs/tweed-heads-nsw-2485,suburb profile,0,15,9.0
https://www.yourpropertyguide.com.au/postcodes/4118,postcodes,0,14,6.7
https://www.yourpropertyguide.com.au/suburbs/derrimut-vic-3026,suburb profile,0,14,8.0
https://www.yourpropertyguide.com.au/suburbs/palm-beach-qld-4221,suburb profile,0,14,7.0
https://www.yourpropertyguide.com.au/suburbs/eagle-farm-qld-4009,suburb profile,0,14,7.0
https://www.yourpropertyguide.com.au/guides/first-home-buyer-guide,guides,0,14,3.0
https://www.yourpropertyguide.com.au/suburbs/mornington-island-qld-4871,suburb profile,0,14,6.0
https://www.yourpropertyguide.com.au/suburbs/north-isis-qld-4660/whitebridge-road,suburb street,0,13,4.0
https://www.yourpropertyguide.com.au/suburbs/panania-nsw-2213,suburb profile,0,13,7.4
https://www.yourpropertyguide.com.au/guides/renters-rights-vic,guides,0,13,6.1
https://www.yourpropertyguide.com.au/suburbs/altona-vic-3018,suburb profile,0,13,8.0
https://www.yourpropertyguide.com.au/postcodes/2099,postcodes,0,13,9.0
https://www.yourpropertyguide.com.au/postcodes/3021,postcodes,0,13,6.0
https://www.yourpropertyguide.com.au/postcodes/2019,postcodes,0,12,7.0
https://www.yourpropertyguide.com.au/suburbs/beacon-hill-nsw-2100,suburb profile,0,12,7.5
https://www.yourpropertyguide.com.au/suburbs/cannington-wa-6980,suburb profile,0,12,9.0
https://www.yourpropertyguide.com.au/suburbs/batemans-bay-nsw-2536,suburb profile,0,12,6.0
https://www.yourpropertyguide.com.au/postcodes/2250,postcodes,0,12,7.0
https://www.yourpropertyguide.com.au/suburbs/rouse-hill-nsw-2155,suburb profile,0,12,8.0
https://www.yourpropertyguide.com.au/guides/stamp-duty-nt,guides,0,11,7.1
https://www.yourpropertyguide.com.au/suburbs/o-connor-act-2602,suburb profile,0,11,7.0
https://www.yourpropertyguide.com.au/suburbs/brookvale-nsw-2100,suburb profile,0,11,8.0
https://www.yourpropertyguide.com.au/postcodes/2067,postcodes,0,11,6.0
https://www.yourpropertyguide.com.au/suburbs/toorak-vic-3142,suburb profile,0,11,8.0
https://www.yourpropertyguide.com.au/suburbs/bardon-qld-4065,suburb profile,0,11,7.0
https://www.yourpropertyguide.com.au/suburbs/woodcroft-sa-5162,suburb profile,0,11,7.0
https://www.yourpropertyguide.com.au/postcodes/4670,postcodes,0,11,5.0
https://www.yourpropertyguide.com.au/suburbs/hope-island-qld-4212,suburb profile,0,11,9.0
https://www.yourpropertyguide.com.au/suburbs/bracken-ridge-qld-4017,suburb profile,0,10,6.4
https://www.yourpropertyguide.com.au/postcodes/5120,postcodes,0,9,7.0
https://www.yourpropertyguide.com.au/postcodes/4214,postcodes,0,8,8.9
https://www.yourpropertyguide.com.au/postcodes/2011,postcodes,0,8,8.4
https://www.yourpropertyguide.com.au/suburbs/kenmore-qld-4069,suburb profile,0,8,5.1
https://www.yourpropertyguide.com.au/suburbs/dianella-wa-6059,suburb profile,0,8,8.0
https://www.yourpropertyguide.com.au/suburbs/geraldton-wa-6530,suburb profile,0,8,7.0
https://www.yourpropertyguide.com.au/postcodes/4009,postcodes,0,8,9.0
https://www.yourpropertyguide.com.au/postcodes/4115,postcodes,0,8,6.0
https://www.yourpropertyguide.com.au/postcodes/2141,postcodes,0,7,5.0
https://www.yourpropertyguide.com.au/schools/balgowlah-heights-public-school-41248,schools,0,7,8.0
https://www.yourpropertyguide.com.au/suburbs/condell-park-nsw-2200,suburb profile,0,7,4.0
https://www.yourpropertyguide.com.au/guides/offset-accounts-explained-australia,guides,0,7,4.0
https://www.yourpropertyguide.com.au/postcodes/2031,postcodes,0,7,8.3
https://www.yourpropertyguide.com.au/guides/negative-gearing-australia,guides,0,6,8.0
https://www.yourpropertyguide.com.au/suburbs/narangba-qld-4504/callaghan-road,suburb street,0,6,9.0
https://www.yourpropertyguide.com.au/postcodes/2022,postcodes,0,6,9.0
https://www.yourpropertyguide.com.au/suburbs/eastgardens-nsw-2036,suburb profile,0,6,5.2
https://www.yourpropertyguide.com.au/postcodes/6168,postcodes,0,6,8.0
https://www.yourpropertyguide.com.au/suburbs/bahrs-scrub-qld-4207,suburb profile,0,6,7.0
https://www.yourpropertyguide.com.au/suburbs/braddon-act-2612,suburb profile,0,6,7.3
https://www.yourpropertyguide.com.au/property-market/brisbane,property-market,0,6,7.5
https://www.yourpropertyguide.com.au/suburbs/bella-vista-nsw-2153,suburb profile,0,5,6.0
https://www.yourpropertyguide.com.au/postcodes/2030,postcodes,0,5,6.0
https://www.yourpropertyguide.com.au/suburbs/villawood-nsw-2163,suburb profile,0,5,5.0
https://www.yourpropertyguide.com.au/property/27-penny-place-arndell-park-nsw-2148,other,0,5,5.0
https://www.yourpropertyguide.com.au/suburbs/mountain-creek-qld-4557,suburb profile,0,5,6.0
https://www.yourpropertyguide.com.au/postcodes/2043,postcodes,0,5,6.0
https://www.yourpropertyguide.com.au/postcodes/3140,postcodes,0,5,7.2
https://www.yourpropertyguide.com.au/suburbs/hay-nsw-2711,suburb profile,0,5,7.0
https://www.yourpropertyguide.com.au/suburbs/paradise-sa-5075,suburb profile,0,5,8.0
https://www.yourpropertyguide.com.au/suburbs/warwick-farm-nsw-2170,suburb profile,0,5,6.0
https://www.yourpropertyguide.com.au/postcodes/2284,postcodes,0,5,7.0
https://www.yourpropertyguide.com.au/postcodes/2171,postcodes,0,5,7.0
https://www.yourpropertyguide.com.au/suburbs/port-melbourne-vic-3207,suburb profile,0,5,9.0
https://www.yourpropertyguide.com.au/postcodes/6011,postcodes,0,4,5.0
https://www.yourpropertyguide.com.au/postcodes/2027,postcodes,0,4,6.0
https://www.yourpropertyguide.com.au/suburbs/caboolture-qld-4510/ascot-street,suburb street,0,4,4.5
https://www.yourpropertyguide.com.au/postcodes/4113,postcodes,0,4,9.0
https://www.yourpropertyguide.com.au/postcodes/2530,postcodes,0,4,8.0
https://www.yourpropertyguide.com.au/postcodes/2804,postcodes,0,4,9.0
https://www.yourpropertyguide.com.au/postcodes/2020,postcodes,0,4,6.0
https://www.yourpropertyguide.com.au/postcodes/3188,postcodes,0,4,8.5
https://www.yourpropertyguide.com.au/postcodes/2234,postcodes,0,4,8.5
https://www.yourpropertyguide.com.au/suburbs/underwood-qld-4119,suburb profile,0,4,6.0
https://www.yourpropertyguide.com.au/suburbs/bella-vista-nsw-2153/northridge-avenue,suburb street,0,4,6.0
https://www.yourpropertyguide.com.au/suburbs/adelaide-sa-5000/petronella-lane,suburb street,0,4,7.5
https://www.yourpropertyguide.com.au/suburbs/woodgate-qld-4660/theodolite-creek-drive,suburb street,0,4,7.0
https://www.yourpropertyguide.com.au/property/18-starwort-street-caboolture-qld-4510,other,0,4,9.0
https://www.yourpropertyguide.com.au/guides/first-home-buyer-sa,guides,0,4,7.0
https://www.yourpropertyguide.com.au/suburbs/casino-nsw-2470,suburb profile,0,4,7.0
https://www.yourpropertyguide.com.au/suburbs/palmview-qld-4553,suburb profile,0,4,4.0
https://www.yourpropertyguide.com.au/property/12-gumnut-close-morayfield-qld-4506,other,0,4,10.0
https://www.yourpropertyguide.com.au/suburbs/langwarrin-vic-3910,suburb profile,0,4,8.0
https://www.yourpropertyguide.com.au/suburbs/lillico-vic-3820,suburb profile,0,4,6.0
https://www.yourpropertyguide.com.au/suburbs/morphett-vale-sa-5162,suburb profile,0,4,7.0
https://www.yourpropertyguide.com.au/postcodes/2283,postcodes,0,4,5.0
https://www.yourpropertyguide.com.au/postcodes/6000,postcodes,0,4,8.0
https://www.yourpropertyguide.com.au/guides/property-auction-guide,guides,0,4,7.0
https://www.yourpropertyguide.com.au/schools/killara-high-school-41343,schools,0,4,10.0
https://www.yourpropertyguide.com.au/market-reports/nsw,market-reports,0,4,5.0
https://www.yourpropertyguide.com.au/suburbs/ingleside-nsw-2101/mona-vale-road,suburb street,0,3,5.0
https://www.yourpropertyguide.com.au/postcodes/3000,postcodes,0,3,7.0
https://www.yourpropertyguide.com.au/postcodes/2024,postcodes,0,3,7.0
https://www.yourpropertyguide.com.au/suburbs/darra-qld-4076,suburb profile,0,3,6.0
https://www.yourpropertyguide.com.au/suburbs/narangba-qld-4504/saint-clair-court,suburb street,0,3,9.0
https://www.yourpropertyguide.com.au/suburbs/adelaide-sa-5000/surflen-street,suburb street,0,3,9.0
https://www.yourpropertyguide.com.au/suburbs/ewingsdale-nsw-2481/kennedys-lane,suburb street,0,3,6.0
https://www.yourpropertyguide.com.au/property/11-alcorn-street-suffolk-park-nsw-2481,other,0,3,7.0
https://www.yourpropertyguide.com.au/suburbs/burpengary-qld-4505/busoni-crescent,suburb street,0,3,8.3
https://www.yourpropertyguide.com.au/suburbs/longueville-nsw-2066/dettmann-avenue,suburb street,0,3,9.0
https://www.yourpropertyguide.com.au/suburbs/floreat-wa-6014,suburb profile,0,3,8.0
https://www.yourpropertyguide.com.au/suburbs/caboolture-qld-4510/saint-road,suburb street,0,3,7.0
https://www.yourpropertyguide.com.au/postcodes/2359,postcodes,0,3,6.0
https://www.yourpropertyguide.com.au/postcodes/5010,postcodes,0,3,6.0
https://www.yourpropertyguide.com.au/suburbs/caboolture-qld-4510/cutler-street,suburb street,0,3,9.0
https://www.yourpropertyguide.com.au/property/unit-2-11-penny-place-arndell-park-nsw-2148,other,0,3,4.0
https://www.yourpropertyguide.com.au/postcodes/6210,postcodes,0,3,9.0
https://www.yourpropertyguide.com.au/postcodes/2264,postcodes,0,3,8.7
https://www.yourpropertyguide.com.au/postcodes/2360,postcodes,0,3,8.0
https://www.yourpropertyguide.com.au/guides/first-home-buyer-tas,guides,0,3,8.0
https://www.yourpropertyguide.com.au/suburbs/north-isis-qld-4660/framptons-road,suburb street,0,3,3.0
https://www.yourpropertyguide.com.au/suburbs/clontarf-nsw-2093/monash-crescent,suburb street,0,3,10.0
https://www.yourpropertyguide.com.au/suburbs/narangba-qld-4504/barrine-place,suburb street,0,3,7.0
https://www.yourpropertyguide.com.au/property/11-dhanga-djeembana-walk-melbourne-vic-3000,other,0,3,7.0
https://www.yourpropertyguide.com.au/postcodes/3701,postcodes,0,3,5.0
https://www.yourpropertyguide.com.au/guides/real-estate-commission-sa,guides,0,3,2.0
https://www.yourpropertyguide.com.au/suburbs/caboolture-qld-4510/rogers-crescent,suburb street,0,3,7.0
https://www.yourpropertyguide.com.au/guides/best-time-to-sell-a-house-australia,guides,0,3,2.0
https://www.yourpropertyguide.com.au/postcodes/3104,postcodes,0,3,6.0
https://www.yourpropertyguide.com.au/suburbs/heathridge-wa-6027,suburb profile,0,3,9.0
https://www.yourpropertyguide.com.au/postcodes/2128,postcodes,0,3,8.0
https://www.yourpropertyguide.com.au/suburbs/cedar-creek-qld-4520,suburb profile,0,3,9.0
https://www.yourpropertyguide.com.au/suburbs/mascot-nsw-2020,suburb profile,0,3,7.0
https://www.yourpropertyguide.com.au/suburbs/para-vista-sa-5093,suburb profile,0,3,7.0
https://www.yourpropertyguide.com.au/property-market/melbourne,property-market,0,3,5.7
https://www.yourpropertyguide.com.au/postcodes/3073,postcodes,0,3,8.0
https://www.yourpropertyguide.com.au/guides/renters-rights-wa,guides,0,3,7.0
https://www.yourpropertyguide.com.au/postcodes/2088,postcodes,0,3,6.0
https://www.yourpropertyguide.com.au/postcodes/3039,postcodes,0,3,8.0
https://www.yourpropertyguide.com.au/suburbs/dernancourt-sa-5075,suburb profile,0,3,10.0
https://www.yourpropertyguide.com.au/postcodes/3047,postcodes,0,3,7.0
https://www.yourpropertyguide.com.au/suburbs/modbury-heights-sa-5092,suburb profile,0,3,8.0
https://www.yourpropertyguide.com.au/suburbs/dundas-nsw-2117,suburb profile,0,3,9.0
https://www.yourpropertyguide.com.au/suburbs/norwest-nsw-2153,suburb profile,0,3,10.0
https://www.yourpropertyguide.com.au/suburbs/sanctuary-cove-qld-4212,suburb profile,0,3,7.0
https://www.yourpropertyguide.com.au/postcodes/3442,postcodes,0,2,6.0
https://www.yourpropertyguide.com.au/postcodes/2107,postcodes,0,2,6.0
https://www.yourpropertyguide.com.au/suburbs/mumbil-nsw-2820,suburb profile,0,2,8.0
https://www.yourpropertyguide.com.au/suburbs/rockhampton-qld-4700,suburb profile,0,2,6.0
https://www.yourpropertyguide.com.au/suburbs/byron-bay-nsw-2481,suburb profile,0,2,5.0
https://www.yourpropertyguide.com.au/postcodes/2148,postcodes,0,2,6.0
https://www.yourpropertyguide.com.au/suburbs/cottesloe-wa-6011,suburb profile,0,2,6.0
https://www.yourpropertyguide.com.au/suburbs/caboolture-qld-4510/lychee-drive,suburb street,0,2,8.5
https://www.yourpropertyguide.com.au/postcodes/6171,postcodes,0,2,9.0
https://www.yourpropertyguide.com.au/suburbs/arndell-park-nsw-2148/murtha-street,suburb street,0,2,6.0
https://www.yourpropertyguide.com.au/suburbs/caboolture-qld-4510/cowie-street,suburb street,0,2,3.0
https://www.yourpropertyguide.com.au/suburbs/arndell-park-nsw-2148/wrightland-place,suburb street,0,2,4.0
https://www.yourpropertyguide.com.au/suburbs/clontarf-nsw-2093/russell-street,suburb street,0,2,4.0
https://www.yourpropertyguide.com.au/suburbs/grogan-nsw-2666,suburb profile,0,2,8.0
https://www.yourpropertyguide.com.au/suburbs/indooroopilly-qld-4068,suburb profile,0,2,8.0
https://www.yourpropertyguide.com.au/suburbs/longueville-nsw-2066/lucretia-avenue,suburb street,0,2,8.0
https://www.yourpropertyguide.com.au/suburbs/melbourne-vic-3000/hosier-lane,suburb street,0,2,2.0
https://www.yourpropertyguide.com.au/postcodes/3149,postcodes,0,2,8.0
https://www.yourpropertyguide.com.au/suburbs/bayview-nsw-2104/pittwater-road,suburb street,0,2,7.0
https://www.yourpropertyguide.com.au/market-reports/qld,market-reports,0,2,10.0
https://www.yourpropertyguide.com.au/glossary/restrictive-covenant,glossary,0,2,8.0
https://www.yourpropertyguide.com.au/suburbs/humpty-doo-nt-0836/mudlark-road,suburb street,0,2,5.0
https://www.yourpropertyguide.com.au/postcodes/2168,postcodes,0,2,6.0
https://www.yourpropertyguide.com.au/suburbs/wolli-creek-nsw-2205,suburb profile,0,2,8.0
https://www.yourpropertyguide.com.au/suburbs/burpengary-qld-4505/new-settlement-road,suburb street,0,2,8.0
https://www.yourpropertyguide.com.au/postcodes/3870,postcodes,0,2,4.0
https://www.yourpropertyguide.com.au/suburbs/morayfield-qld-4506/sherwood-street,suburb street,0,2,10.0
https://www.yourpropertyguide.com.au/suburbs/caboolture-qld-4510/urban-road,suburb street,0,2,8.0
https://www.yourpropertyguide.com.au/suburbs/melbourne-vic-3000/nicholson-place,suburb street,0,2,2.0
https://www.yourpropertyguide.com.au/suburbs/deception-bay-qld-4508,suburb profile,0,2,8.0
https://www.yourpropertyguide.com.au/property/1-birkdale-place-currambine-wa-6028,other,0,2,5.0
https://www.yourpropertyguide.com.au/suburbs/doonside-nsw-2767/mundin-street,suburb street,0,2,7.0
https://www.yourpropertyguide.com.au/postcodes/2289,postcodes,0,2,8.0
https://www.yourpropertyguide.com.au/suburbs/melbourne-vic-3000/rainbow-alley,suburb street,0,2,8.0
https://www.yourpropertyguide.com.au/suburbs/wallan-vic-3756/freeway-drive,suburb street,0,2,6.0
https://www.yourpropertyguide.com.au/property/42-narani-crescent-northbridge-nsw-2063,other,0,2,8.0
https://www.yourpropertyguide.com.au/suburbs/caboolture-qld-4510/ardrossan-road,suburb street,0,2,5.5
https://www.yourpropertyguide.com.au/suburbs/burpengary-qld-4505/chestnut-drive,suburb street,0,2,5.0
https://www.yourpropertyguide.com.au/property/14-charlemont-terrace-bella-vista-nsw-2153,other,0,2,7.0
https://www.yourpropertyguide.com.au/postcodes/3268,postcodes,0,2,10.0
https://www.yourpropertyguide.com.au/property/8-westwind-place-currambine-wa-6028,other,0,2,9.0
https://www.yourpropertyguide.com.au/schools/mentone-grammar-school-46184,schools,0,2,6.0
https://www.yourpropertyguide.com.au/suburbs/wallan-vic-3756/berry-saltbush-drive,suburb street,0,2,10.0
https://www.yourpropertyguide.com.au/suburbs/koroit-vic-3282,suburb profile,0,2,6.0
https://www.yourpropertyguide.com.au/guides/granny-flat-guide-qld,guides,0,2,4.0
https://www.yourpropertyguide.com.au/postcodes/2533,postcodes,0,2,9.0
https://www.yourpropertyguide.com.au/suburbs/fortitude-valley-bc-qld-4006,suburb profile,0,2,9.0
https://www.yourpropertyguide.com.au/suburbs/moura-qld-4718,suburb profile,0,2,4.0
https://www.yourpropertyguide.com.au/postcodes/4716,postcodes,0,2,8.0
https://www.yourpropertyguide.com.au/postcodes/4060,postcodes,0,2,4.0
https://www.yourpropertyguide.com.au/property/87-frizzells-road-woodgate-qld-4660,other,0,2,7.0
https://www.yourpropertyguide.com.au/property/42-macgregor-street-suffolk-park-nsw-2481,other,0,2,7.0
https://www.yourpropertyguide.com.au/property/3-waterfall-crescent-bella-vista-nsw-2153,other,0,2,6.0
https://www.yourpropertyguide.com.au/suburbs/allambie-nsw-2100,suburb profile,0,2,7.0
https://www.yourpropertyguide.com.au/postcodes/9999,postcodes,0,2,8.0
https://www.yourpropertyguide.com.au/suburbs/windsor-gardens-sa-5087,suburb profile,0,2,7.0
https://www.yourpropertyguide.com.au/suburbs/old-noarlunga-sa-5168,suburb profile,0,2,6.0
https://www.yourpropertyguide.com.au/suburbs/avoca-beach-nsw-2251,suburb profile,0,2,8.0
https://www.yourpropertyguide.com.au/schools/st-justin-s-catholic-primary-school-50387/vs/oran-park-anglican-college-50494,schools,0,2,2.0
https://www.yourpropertyguide.com.au/guides/first-home-buyer-nt,guides,0,2,8.0
https://www.yourpropertyguide.com.au/property/55-onkaparinga-valley-road-balhannah-sa-5242,other,0,2,3.0
https://www.yourpropertyguide.com.au/suburbs/queens-park-wa-6107,suburb profile,0,2,10.0
https://www.yourpropertyguide.com.au/suburbs/kirribilli-nsw-2061,suburb profile,0,2,8.0
https://www.yourpropertyguide.com.au/suburbs/mudgeeraba-qld-4213,suburb profile,0,2,9.0
https://www.yourpropertyguide.com.au/suburbs/malvern-vic-3144,suburb profile,0,2,8.0
https://www.yourpropertyguide.com.au/suburbs/bokarina-qld-4575/schools,suburb schools,0,2,5.0
https://www.yourpropertyguide.com.au/suburbs/hazelmere-wa-6055,suburb profile,0,2,8.0
https://www.yourpropertyguide.com.au/postcodes/2074,postcodes,0,2,8.0
https://www.yourpropertyguide.com.au/compare,compare,0,2,4.0
https://www.yourpropertyguide.com.au/suburbs/parwan-vic-3340/schools,suburb schools,0,2,9.0
https://www.yourpropertyguide.com.au/postcodes/2579,postcodes,0,2,8.0
https://www.yourpropertyguide.com.au/suburbs/adelaide-sa-5000/rental-market,suburb rental-market,0,2,6.0
https://www.yourpropertyguide.com.au/postcodes/2263,postcodes,0,2,9.0
https://www.yourpropertyguide.com.au/suburbs/wilcannia-nsw-2836,suburb profile,0,2,10.0
https://www.yourpropertyguide.com.au/postcodes/2299,postcodes,0,2,8.0
https://www.yourpropertyguide.com.au/suburbs/mambourin-vic-3024,suburb profile,0,2,9.0
https://www.yourpropertyguide.com.au/suburbs/hillcrest-qld-4118,suburb profile,0,2,17.0
https://www.yourpropertyguide.com.au/postcodes/2298,postcodes,0,2,6.0
https://www.yourpropertyguide.com.au/best-suburbs,best-suburbs,0,1,3.0
https://www.yourpropertyguide.com.au/suburbs/gregory-river-qld-4660,suburb profile,0,1,7.0
https://www.yourpropertyguide.com.au/postcodes/3083,postcodes,0,1,6.0
https://www.yourpropertyguide.com.au/suburbs/ewingsdale-nsw-2481,suburb profile,0,1,6.0
https://www.yourpropertyguide.com.au/property/76-elof-road-caboolture-qld-4510,other,0,1,3.0
https://www.yourpropertyguide.com.au/schools/mount-barker-primary-school-49244,schools,0,1,19.0
https://www.yourpropertyguide.com.au/property/unit-2-68-elof-road-caboolture-qld-4510,other,0,1,4.0
https://www.yourpropertyguide.com.au/suburbs/gollan-nsw-2820/bullaburra-road,suburb street,0,1,1.0
https://www.yourpropertyguide.com.au/suburbs/narangba-qld-4504/tibrogargan-drive,suburb street,0,1,9.0
https://www.yourpropertyguide.com.au/postcodes/2794,postcodes,0,1,9.0
https://www.yourpropertyguide.com.au/suburbs/bradfield-nsw-2556,suburb profile,0,1,8.0
https://www.yourpropertyguide.com.au/suburbs/clontarf-nsw-2093/rental-market,suburb rental-market,0,1,5.0
https://www.yourpropertyguide.com.au/suburbs/burpengary-qld-4505/acacia-street,suburb street,0,1,8.0
https://www.yourpropertyguide.com.au/suburbs/caboolture-qld-4510/lynfield-drive,suburb street,0,1,9.0
https://www.yourpropertyguide.com.au/suburbs/humpty-doo-nt-0836/hayball-road,suburb street,0,1,5.0
https://www.yourpropertyguide.com.au/suburbs/bradfield-nsw-2556/medich-place,suburb street,0,1,10.0
https://www.yourpropertyguide.com.au/suburbs/caboolture-qld-4510/jacques-close,suburb street,0,1,9.0
https://www.yourpropertyguide.com.au/suburbs/burpengary-qld-4505/welsh-street,suburb street,0,1,6.0
https://www.yourpropertyguide.com.au/postcodes/3216,postcodes,0,1,4.0
https://www.yourpropertyguide.com.au/suburbs/bella-vista-nsw-2153/prestige-avenue,suburb street,0,1,10.0
https://www.yourpropertyguide.com.au/postcodes/2156,postcodes,0,1,9.0
https://www.yourpropertyguide.com.au/postcodes/2439,postcodes,0,1,10.0
https://www.yourpropertyguide.com.au/suburbs/caboolture-qld-4510/waterview-crescent,suburb street,0,1,6.0
https://www.yourpropertyguide.com.au/suburbs/wallan-vic-3756/teatree-lane,suburb street,0,1,10.0
https://www.yourpropertyguide.com.au/suburbs/sunnybank-hills-qld-4109,suburb profile,0,1,3.0
https://www.yourpropertyguide.com.au/suburbs/mansfield-dc-qld-4122,suburb profile,0,1,9.0
https://www.yourpropertyguide.com.au/suburbs/burpengary-qld-4505/redgum-drive,suburb street,0,1,6.0
https://www.yourpropertyguide.com.au/suburbs/northbridge-nsw-2063/bourmac-avenue,suburb street,0,1,10.0
https://www.yourpropertyguide.com.au/suburbs/bulga-forest-nsw-2429,suburb profile,0,1,10.0
https://www.yourpropertyguide.com.au/suburbs/depot-hill-qld-4700,suburb profile,0,1,9.0
https://www.yourpropertyguide.com.au/suburbs/bayview-nsw-2104/cabbage-tree-road,suburb street,0,1,9.0
https://www.yourpropertyguide.com.au/property/75-kennedy-road-humpty-doo-nt-0836,other,0,1,3.0
https://www.yourpropertyguide.com.au/suburbs/aldershot-qld-4650/stein-road,suburb street,0,1,4.0
https://www.yourpropertyguide.com.au/suburbs/morayfield-qld-4506/carol-street,suburb street,0,1,7.0
https://www.yourpropertyguide.com.au/suburbs/clontarf-nsw-2093/amiens-road,suburb street,0,1,3.0
https://www.yourpropertyguide.com.au/suburbs/port-of-brisbane-qld-4178,suburb profile,0,1,10.0
https://www.yourpropertyguide.com.au/property/786-malvern-road-belcong-qld-4723,other,0,1,9.0
https://www.yourpropertyguide.com.au/suburbs/caboolture-qld-4510/craigslea-drive,suburb street,0,1,9.0
https://www.yourpropertyguide.com.au/suburbs/morayfield-qld-4506/mosset-street,suburb street,0,1,10.0
https://www.yourpropertyguide.com.au/suburbs/caboolture-qld-4510/mareli-street,suburb street,0,1,8.0
https://www.yourpropertyguide.com.au/suburbs/longueville-nsw-2066/stuart-street,suburb street,0,1,8.0
https://www.yourpropertyguide.com.au/suburbs/caboolture-qld-4510/joyner-circuit,suburb street,0,1,7.0
https://www.yourpropertyguide.com.au/suburbs/longueville-nsw-2066/river-road-w,suburb street,0,1,6.0
https://www.yourpropertyguide.com.au/suburbs/melbourne-vic-3000/blender-lane,suburb street,0,1,8.0
https://www.yourpropertyguide.com.au/postcodes/2529,postcodes,0,1,9.0
https://www.yourpropertyguide.com.au/postcodes/5214,postcodes,0,1,10.0
https://www.yourpropertyguide.com.au/suburbs/morayfield-qld-4506/prospect-circuit,suburb street,0,1,8.0
https://www.yourpropertyguide.com.au/property/4-paddington-avenue-currambine-wa-6028,other,0,1,5.0
https://www.yourpropertyguide.com.au/suburbs/wallan-vic-3756/boronia-avenue,suburb street,0,1,9.0
https://www.yourpropertyguide.com.au/suburbs/longueville-nsw-2066/kenneth-street,suburb street,0,1,5.0
https://www.yourpropertyguide.com.au/suburbs/badgerys-creek-nsw-2555,suburb profile,0,1,9.0
https://www.yourpropertyguide.com.au/postcodes/4568,postcodes,0,1,10.0
https://www.yourpropertyguide.com.au/postcodes/2083,postcodes,0,1,7.0
https://www.yourpropertyguide.com.au/property/unit-50-3-sunlander-drive-currambine-wa-6028,other,0,1,5.0
https://www.yourpropertyguide.com.au/property/8-henry-court-buxton-qld-4660,other,0,1,7.0
https://www.yourpropertyguide.com.au/suburbs/adelaide-sa-5000/rosina-street,suburb street,0,1,8.0
https://www.yourpropertyguide.com.au/suburbs/buxton-qld-4660/gregory-street,suburb street,0,1,7.0
https://www.yourpropertyguide.com.au/suburbs/galiwinku-nt-0822,suburb profile,0,1,9.0
https://www.yourpropertyguide.com.au/property/unit-5-28-lower-king-street-caboolture-qld-4510,other,0,1,3.0
https://www.yourpropertyguide.com.au/property/unit-5-27-barina-downs-road-bella-vista-nsw-2153,other,0,1,5.0
https://www.yourpropertyguide.com.au/suburbs/caboolture-qld-4510/mendrina-close,suburb street,0,1,7.0
https://www.yourpropertyguide.com.au/suburbs/myrtletown-qld-4008,suburb profile,0,1,5.0
https://www.yourpropertyguide.com.au/suburbs/adelaide-sa-5000/elizabeth-street,suburb street,0,1,2.0
https://www.yourpropertyguide.com.au/suburbs/bella-vista-nsw-2153/charlemont-terrace,suburb street,0,1,5.0
https://www.yourpropertyguide.com.au/property/25-bimbadgen-place-bella-vista-nsw-2153,other,0,1,8.0
https://www.yourpropertyguide.com.au/suburbs/wallan-vic-3756/moss-street,suburb street,0,1,5.0
https://www.yourpropertyguide.com.au/property/1-tailor-street-woodgate-qld-4660,other,0,1,8.0
https://www.yourpropertyguide.com.au/suburbs/northbridge-nsw-2063/dalmeny-road,suburb street,0,1,9.0
https://www.yourpropertyguide.com.au/suburbs/morayfield-qld-4506/rosalie-way,suburb street,0,1,4.0
https://www.yourpropertyguide.com.au/property/16-harbour-view-street-clontarf-nsw-2093,other,0,1,8.0
https://www.yourpropertyguide.com.au/suburbs/caboolture-qld-4510/kestrel-street,suburb street,0,1,4.0
https://www.yourpropertyguide.com.au/suburbs/tarneit-vic-3029,suburb profile,0,1,9.0
https://www.yourpropertyguide.com.au/postcodes/2044,postcodes,0,1,9.0
https://www.yourpropertyguide.com.au/postcodes/4025,postcodes,0,1,7.0
https://www.yourpropertyguide.com.au/suburbs/new-lambton-heights-nsw-2305,suburb profile,0,1,8.0
https://www.yourpropertyguide.com.au/property/41-beatrice-street-clontarf-nsw-2093,other,0,1,7.0
https://www.yourpropertyguide.com.au/suburbs/ingleside-nsw-2101/addison-road,suburb street,0,1,9.0
https://www.yourpropertyguide.com.au/postcodes/2766,postcodes,0,1,8.0
https://www.yourpropertyguide.com.au/suburbs/balhannah-sa-5242/spoehr-road,suburb street,0,1,10.0
https://www.yourpropertyguide.com.au/suburbs/ewingsdale-nsw-2481/tahra-crescent,suburb street,0,1,5.0
https://www.yourpropertyguide.com.au/postcodes/2066,postcodes,0,1,9.0
https://www.yourpropertyguide.com.au/property/21-moss-avenue-wallan-vic-3756,other,0,1,7.0
https://www.yourpropertyguide.com.au/postcodes/2423,postcodes,0,1,7.0
https://www.yourpropertyguide.com.au/suburbs/karuah-nsw-2324,suburb profile,0,1,5.0
https://www.yourpropertyguide.com.au/suburbs/adelaide-sa-5000/french-street,suburb street,0,1,5.0
https://www.yourpropertyguide.com.au/postcodes/2147,postcodes,0,1,5.0
https://www.yourpropertyguide.com.au/property/60-cliff-avenue-northbridge-nsw-2063,other,0,1,5.0
https://www.yourpropertyguide.com.au/suburbs/morayfield-qld-4506/notus-drive,suburb street,0,1,6.0
https://www.yourpropertyguide.com.au/suburbs/bella-vista-nsw-2153/bronzewing-terrace,suburb street,0,1,8.0
https://www.yourpropertyguide.com.au/suburbs/wallan-vic-3756/belladonna-circuit,suburb street,0,1,7.0
https://www.yourpropertyguide.com.au/suburbs/bundaberg-qld-4670,suburb profile,0,1,8.0
https://www.yourpropertyguide.com.au/suburbs/morayfield-qld-4506/bristlebird-drive,suburb street,0,1,9.0
https://www.yourpropertyguide.com.au/postcodes/2379,postcodes,0,1,6.0
https://www.yourpropertyguide.com.au/suburbs/goobarragandra-nsw-2720,suburb profile,0,1,3.0
https://www.yourpropertyguide.com.au/suburbs/caboolture-qld-4510/boyle-street,suburb street,0,1,7.0
https://www.yourpropertyguide.com.au/property/51-teak-circuit-suffolk-park-nsw-2481,other,0,1,5.0
https://www.yourpropertyguide.com.au/postcodes/3730,postcodes,0,1,8.0
https://www.yourpropertyguide.com.au/postcodes/6167,postcodes,0,1,7.0
https://www.yourpropertyguide.com.au/property/4a-meridian-place-bella-vista-nsw-2153,other,0,1,9.0
https://www.yourpropertyguide.com.au/property/7-yarrandi-place-longueville-nsw-2066,other,0,1,8.0
https://www.yourpropertyguide.com.au/suburbs/springwood-bc-qld-4127,suburb profile,0,1,6.0
https://www.yourpropertyguide.com.au/suburbs/spring-creek-qld-4420,suburb profile,0,1,10.0
https://www.yourpropertyguide.com.au/suburbs/kambah-act-2902/vs/waramanga-act-2611,suburb vs,0,1,1.0
https://www.yourpropertyguide.com.au/suburbs/wonboyn-nsw-2551,suburb profile,0,1,2.0
https://www.yourpropertyguide.com.au/suburbs/broken-hill-nsw-2880,suburb profile,0,1,7.0
https://www.yourpropertyguide.com.au/suburbs/mount-moffatt-qld-4465,suburb profile,0,1,3.0
https://www.yourpropertyguide.com.au/suburbs/tingalpa-dc-qld-4173,suburb profile,0,1,5.0
https://www.yourpropertyguide.com.au/postcodes/3862,postcodes,0,1,10.0
https://www.yourpropertyguide.com.au/property/6-wild-horse-road-caboolture-qld-4510,other,0,1,10.0
https://www.yourpropertyguide.com.au/property/21-drummer-street-tin-can-bay-qld-4580,other,0,1,6.0
https://www.yourpropertyguide.com.au/suburbs/charles-darwin-nt-0820,suburb profile,0,1,6.0
https://www.yourpropertyguide.com.au/suburbs/ben-buckler-nsw-2026,suburb profile,0,1,3.0
https://www.yourpropertyguide.com.au/suburbs/seaholme-vic-3018,suburb profile,0,1,10.0
https://www.yourpropertyguide.com.au/suburbs/altona-north-vic-3025/vs/brooklyn-vic-3012,suburb vs,0,1,3.0
https://www.yourpropertyguide.com.au/suburbs/melbourne-vic-3000/coromandel-place,suburb street,0,1,8.0
https://www.yourpropertyguide.com.au/suburbs/bella-vista-nsw-2153/kimberley-court,suburb street,0,1,10.0
https://www.yourpropertyguide.com.au/suburbs/kingsbury-vic-3083,suburb profile,0,1,7.0
https://www.yourpropertyguide.com.au/suburbs/fairfield-nsw-2165,suburb profile,0,1,9.0
https://www.yourpropertyguide.com.au/suburbs/mosman-park-wa-6012,suburb profile,0,1,10.0
https://www.yourpropertyguide.com.au/suburbs/yass-nsw-2582,suburb profile,0,1,8.0
https://www.yourpropertyguide.com.au/schools/southern-montessori-school-49796,schools,0,1,6.0
https://www.yourpropertyguide.com.au/suburbs/wingham-nsw-2429,suburb profile,0,1,4.0
https://www.yourpropertyguide.com.au/suburbs/hillcrest-tas-7320/schools,suburb schools,0,1,7.0
https://www.yourpropertyguide.com.au/suburbs/new-farm-qld-4005,suburb profile,0,1,9.0
https://www.yourpropertyguide.com.au/schools/preston-high-school-52699,schools,0,1,5.0
https://www.yourpropertyguide.com.au/suburbs/wayville-sa-5034,suburb profile,0,1,10.0
https://www.yourpropertyguide.com.au/suburbs/carlton-vic-3000,suburb profile,0,1,9.0
https://www.yourpropertyguide.com.au/schools/trinity-lutheran-college-47977,schools,0,1,11.0
https://www.yourpropertyguide.com.au/suburbs/henrietta-tas-7325/schools,suburb schools,0,1,10.0
https://www.yourpropertyguide.com.au/property/10-dupont-avenue-city-beach-wa-6015,other,0,1,5.0
https://www.yourpropertyguide.com.au/suburbs/girrawheen-wa-6064,suburb profile,0,1,4.0
https://www.yourpropertyguide.com.au/suburbs/benger-wa-6223,suburb profile,0,1,9.0
https://www.yourpropertyguide.com.au/suburbs/sylvania-southgate-nsw-2224,suburb profile,0,1,6.0
https://www.yourpropertyguide.com.au/postcodes/2035,postcodes,0,1,6.0
https://www.yourpropertyguide.com.au/postcodes/4120,postcodes,0,1,10.0
https://www.yourpropertyguide.com.au/postcodes/2177,postcodes,0,1,10.0
https://www.yourpropertyguide.com.au/property/28-brighton-drive-bella-vista-nsw-2153,other,0,1,4.0
https://www.yourpropertyguide.com.au/guides/real-estate-commission-nt,guides,0,1,10.0
https://www.yourpropertyguide.com.au/property/59-ann-maree-drive-caboolture-qld-4510,other,0,1,4.0
https://www.yourpropertyguide.com.au/property/2-wrightland-place-arndell-park-nsw-2148,other,0,1,7.0
https://www.yourpropertyguide.com.au/guides/canberra-act-property-market-2026,guides,0,1,6.0
https://www.yourpropertyguide.com.au/postcodes/3084,postcodes,0,1,7.0
https://www.yourpropertyguide.com.au/property/9-squill-place-arndell-park-nsw-2148,other,0,1,4.0
https://www.yourpropertyguide.com.au/guides/hobart-tasmania-property-market-2026,guides,0,1,8.0
https://www.yourpropertyguide.com.au/suburbs/adamstown-nsw-2289,suburb profile,0,1,10.0
https://www.yourpropertyguide.com.au/suburbs/oak-flats-nsw-2529,suburb profile,0,1,9.0
https://www.yourpropertyguide.com.au/suburbs/melrose-park-dc-sa-5039,suburb profile,0,1,9.0
https://www.yourpropertyguide.com.au/suburbs/oatley-nsw-2223,suburb profile,0,1,10.0
https://www.yourpropertyguide.com.au/suburbs/moorvale-qld-4105,suburb profile,0,1,7.0
https://www.yourpropertyguide.com.au/suburbs/mount-ive-sa-5717,suburb profile,0,1,5.0
https://www.yourpropertyguide.com.au/suburbs/sunnybank-south-qld-4109,suburb profile,0,1,9.0
https://www.yourpropertyguide.com.au/suburbs/rivett-act-2611,suburb profile,0,1,4.0
https://www.yourpropertyguide.com.au/suburbs/melbourne-vic-3000/st-kilda-road,suburb street,0,1,2.0
https://www.yourpropertyguide.com.au/suburbs/redcliffe-north-qld-4020/vs/scarborough-qld-4020,suburb vs,0,1,6.0
https://www.yourpropertyguide.com.au/suburbs/marburg-qld-4346,suburb profile,0,1,10.0
https://www.yourpropertyguide.com.au/suburbs/sapphire-central-qld-4702,suburb profile,0,1,10.0
https://www.yourpropertyguide.com.au/suburbs/manly-nsw-2095,suburb profile,0,1,9.0
https://www.yourpropertyguide.com.au/suburbs/wickham-nt-0822,suburb profile,0,1,7.0
https://www.yourpropertyguide.com.au/suburbs/tonsley-sa-5042,suburb profile,0,1,8.0
https://www.yourpropertyguide.com.au/suburbs/chambers-flat-qld-4133,suburb profile,0,1,10.0
https://www.yourpropertyguide.com.au/suburbs/caboolture-qld-4510/priory-close,suburb street,0,1,6.0
https://www.yourpropertyguide.com.au/suburbs/middle-park-vic-3206,suburb profile,0,1,9.0
https://www.yourpropertyguide.com.au/suburbs/linden-park-sa-5065,suburb profile,0,1,10.0
https://www.yourpropertyguide.com.au/property/22-grassdale-crescent-morayfield-qld-4506,other,0,1,7.0
https://www.yourpropertyguide.com.au/suburbs/taren-point-nsw-2229,suburb profile,0,1,6.0
https://www.yourpropertyguide.com.au/suburbs/mount-gambier-sa-5291,suburb profile,0,1,10.0
