keyword,ai_search_volume,kp_vol,intent,intent_p
hem,4185,3600,navigational,0.58
what hem,1519,590,informational,1.0
what is a hem,1519,590,informational,1
what is hem,1519,590,informational,1.0
serviceability calculator,318,390,commercial,0.61
calculate serviceability,318,10,transactional,0.9
hem meaning,198,1300,informational,1.0
hem australia,60,50,informational,0.5
monthly living expenses in australia,13,20,commercial,0.69
hem calculator,11,390,informational,0.81
average living expenses australia,11,210,commercial,0.65
australia average living expenses,11,10,commercial,0.54
hem calculation,11,10,informational,0.97
average monthly living expenses australia,8,70,commercial,0.86
loan serviceability meaning,7,10,informational,0.74
typical living expenses australia,6,10,informational,0.65
home loan serviceability,5,50,commercial,0.94
serviceability calculator excel,5,10,commercial,0.63
loan serviceability calculator,3,110,commercial,0.61
household expenditure measure,2,260,informational,0.67
hem benchmark,2,50,commercial,0.53
average living expenses melbourne,1,90,commercial,0.53
average monthly living expenses for a single person in australia,1,90,commercial,0.9
average living expenses for a single person in australia,1,10,commercial,0.62
average living expenses in melbourne,1,10,commercial,0.49
hem couple,1,10,informational,0.53
hem property,0,590,informational,0.68
hem living expenses,0,90,informational,0.99
household expenditure measure hem,0,90,informational,0.8
mortgage serviceability calculator,0,90,commercial,0.51
cba serviceability calculator,0,70,commercial,0.89
average monthly living expenses for a couple in australia,0,50,commercial,0.92
home loan serviceability calculator,0,50,navigational,0.49
household expenditure measure calculator,0,50,commercial,0.39
macquarie serviceability calculator,0,50,navigational,0.62
westpac serviceability calculator,0,50,navigational,0.82
ing serviceability calculator,0,30,commercial,0.54
annual living expenses in australia,0,20,informational,0.71
anz serviceability calculator,0,20,commercial,0.41
average monthly living expenses melbourne,0,20,commercial,0.81
hem bank,0,20,navigational,0.63
hem banking,0,20,navigational,0.38
hem household expenditure measure,0,20,informational,0.86
hem living expenses calculator,0,20,informational,0.54
hem mortgage,0,20,informational,0.44
serviceability buffer,0,20,informational,0.79
yearly living expenses in australia,0,20,informational,0.77
average living expenses per month australia,0,10,commercial,0.89
average monthly living expenses for one person australia,0,10,commercial,0.91
average weekly living expenses australia,0,10,commercial,0.72
bank hem,0,10,navigational,0.7
bank serviceability calculator,0,10,commercial,0.64
bankwest serviceability calculator,0,10,commercial,0.47
genworth serviceability calculator,0,10,commercial,0.7
hem calculator 2022,0,10,informational,0.72
hem calculator nab,0,10,informational,0.61
hem home loan,0,10,informational,0.48
hem lending,0,10,informational,0.49
hem living expenses 2021,0,10,informational,0.67
hem loan,0,10,informational,0.55
home loan living expenses calculator,0,10,commercial,0.73
household expenditure measure 2021,0,10,commercial,0.68
household expenditure measure 2022,0,10,commercial,0.79
household expenditure method hem,0,10,informational,0.96
living expenses for home loan,0,10,commercial,0.84
loan serviceability buffer,0,10,commercial,0.96
macquarie bank serviceability calculator,0,10,navigational,0.73
me bank serviceability calculator,0,10,navigational,0.72
monthly expenses mortgage calculator,0,10,commercial,0.43
monthly living expenses melbourne,0,10,commercial,0.62
nab broker serviceability calculator,0,10,commercial,0.97
personal loan serviceability calculator,0,10,commercial,0.94
resimac serviceability calculator,0,10,commercial,0.86
smsf loan serviceability calculator,0,10,commercial,0.64
st george serviceability calculator,0,10,navigational,0.88
weekly living expenses in australia,0,10,informational,0.65
