url,title,words,tables,faq_schema,h2s,dollar_figures
https://www.district.com.au/pages/hem,"Hem
 – District Furniture",619,0,False,Cart | Your cart is empty. | Subtotal | Hem Collection | Are you shopping for...,$200
https://melbourneinstitute.unimelb.edu.au/publications/social-indicator-reports,Social Indicator Reports,732,0,False,Poverty Lines: Australia | Household Expenditure Measure | Social Exclusion Monitor | Financial Wellbeing Scales,
https://www.infochoice.com.au/home-loans/what-is-the-hem-and-how-does-it-determine-how-much-i-can-borrow,Understanding HEM: Borrowing Capacity Explained,2929,1,False,"What is the Household Expenditure Measure (HEM)? | How do lenders use the HEM? | What is not included in the HEM? | What are basic, moderate and lavish HEM levels? | Why is the HEM controversial? | Latest news | Stay informed. | Helpful home loan links | Related Home Loan Guides | Related Home Loan News | Important Information","$3,100; $2,500; $100,000,; $499,000; $2,500; $300; $300; $3,100; $150,000; $150; $ 3,240; $350"
https://www.savings.com.au/home-loans/hem-living-expenses-explained,Household Expenditure Measure Explained,2910,1,False,What is the Household Expenditure Measure (HEM)? | Why is the HEM controversial? | What expenses may be considered in my home loan application? | Some of the market’s best home loan deals | Savings.com.au’s two cents | Important information | Get rate alerts | Save Smarter | Send me the pod,"$ 3,059; $530; $ 2,962; $ 2,995; $ 3,072; $395; $ 2,995; $150; $3000; $500,000; $30,000; $20,000"
https://propertyed.com.au/hem-guide/,Household Expenditure Measure (HEM) Guide,2688,1,True,What is HEM? | How lenders use HEM | What HEM measures | The 2026 context | Indicative benchmark figures | How it plays out | The Westpac case | What actually moves the dial | Before you apply | Common questions | Prepare the right things. Borrow with confidence.,"$1,800; $2,200; $2,400; $3,000; $2,900; $3,400; $350; $3,100; $3,800; $700; $2,400; $3,000"
https://zingerfinance.com.au/home-expenditure-measure-hem-explained/,,0,,,,FAILED
https://www.canstar.com.au/home-loans/household-expenditure-measure-explained/,Household Expenditure Measure (HEM) | Canstar,2648,0,False,What is the Household Expenditure Measure? | How does the HEM work? | Why are living expenses important in a home loan application? | What living expenses are considered in a home loan application? | Latest Articles in Home Loans | How much does a tiny house cost in Australia? | What are the average interest rates on home loans? | Cash rate vs interest rate: how are they different? | Interest rate forecast 2026: when will rates go up in Australia? | Latest Articles in Home Loans | How much does a tiny house cost in Australia? | What are the average interest rates on home loans? | Cash rate vs interest rate: how are they different? | Interest rate forecast 2026: when will rates go up in Australia?,$200; $500
https://www.jmdmortgages.com.au/blog/how-banks-calculate-living-expenses-hem-2026,How Banks Calculate Your Living Expenses: The HEM Benchmark Explained | JMD Mortgages,2238,1,False,What Is the Household Expenditure Measure? | How Lenders Actually Use HEM | The Wagyu Beef and Shiraz Case — and Why HEM Is Still Legal | What Actually Changes Your Borrowing Capacity | Where HEM Can Work in Your Favour | The Double Squeeze in 2026 | What This Means for How You Prepare,"$1,800; $2,200; $21,600; $26,400; $2,400; $3,000; $28,800; $36,000; $2,900; $3,400; $34,800; $40,800"
https://www.westpac.com.au/home-loans/calculator/mortgage-calculator/living-expenses,How to calculate your living expenses | Westpac,1720,0,False,Key takeaways from this article: | Why is it helpful to calculate your living expenses? | When does the bank need to look at your living expenses? | How do banks calculate living expenses? | Can you increase your borrowing ability by tweaking your living expenses? | 10 ways to reduce your living expenses | We’re here to help you manage your money effectively,
https://www.macquarie.com.au/help/brokers/credit-guidelines-and-processes/completing-the-macquarie-serviceability-calculator/inputting-living-expenses-macquarie-serviceability-calculator.html,Inputting living expenses into Macquarie Serviceability Calculator | Broker Help Centre,1012,0,False,,"$650; $500; $500,; $10,000"
https://www.finder.com.au/home-loans/home-loan-application/how-do-lenders-calculate-my-living-expenses,HEM Living Expenses: How lenders calculate expenses | Finder,3708,1,False,"UberEats orders, gym memberships, restaurant meals and online shopping are just some of the monthly expenses lenders consider when working out if you can afford your home loan. | Get rewarded $$ for switching with Finder Rewards | Ask a question","$1,425; $1,992; $1,425; $682; $1,124; $35,472; $58,470; $22,998; $682; $35,472; $1,124; $58,470"
https://emumoney.com.au/guides/a-to-z/hem,What is the Household Expenditure Measure? | Emu Money,1376,0,True,Key points | How the HEM is built | How lenders use it | What it means for your application | Example | Not to be confused with | Frequently asked questions | Related terms | Go deeper | Sources,
https://mymoney.com.au/insights/hem-benchmark-credit-card-limits-borrowing-capacity-mortgage-broker-australia-2026,HEM & Borrowing Capacity Australia 2026 | Mortgage Broker | MyMoney®,1907,0,False,Understanding Borrowing Capacity in Australia's 2026 Lending Environment | The HEM Benchmark: What It Is and Why It Matters | Credit Card Limits: A Hidden Borrowing Capacity Killer | Key Considerations for Maximising Your Borrowing Capacity | Common Mistakes When Applying for a Home Loan in 2026 | Australian Regulatory Context | Questions to Ask Your Mortgage Broker About Borrowing Capacity | How MyMoney® Can Help | Need Professional Help? | Related Insights,"$20,000; $20,000; $20,000; $80,000; $100,000"
https://www.homeloanexperts.com.au/mortgage-calculators/living-expenses-calculator/,Living Expenses Calculator | Know Your Living Cost,2177,0,False,Living Expenses Calculator | Why do banks care about my living expenses? | How Do Banks Calculate Your Living Expenses? | How Will The Living Expenses Calculator Help Me? | Tips for using the calculator | What Is The Household Expenditure Measure (HEM)? | Why do banks use the HEM? | What Are The Types Of Expenses In HEM? | What Expenses Are Not Included In HEM? | How is HEM calculated? | Does HEM Determine How Much I Can Borrow? | Banks Don't Rely On HEM Alone | Do Higher Living Expenses Reduce Borrowing Power? | Should I Reduce My Living Expenses Before Applying For A Home Loan?,"$4,000; $2,500; $2,500"
https://www.bankaust.com.au/page/living-expense-calculator,Living expenses calculator | Bank Australia,595,0,False,Related topics,
https://www.moneyquest.com.au/news/how-your-living-expenses-impact-your-loan-application/,How Your Living Expenses Impact Your Loan Application | MoneyQuest | Blog,1028,0,False,,
https://www.moneyquest.com.au/news/managing-mortgages-and-the-cost-of-living-in-challenging-times/,Managing Mortgages And The Cost of Living in Challenging Times,1327,0,False,,
