engine,page,query,impressions,clicks,avg_position
google,/glossary/hem-household-expenditure-measure,hem,5,0,42.8
google,/glossary/hem-household-expenditure-measure,what is h e m,3,0,51.3
google,/glossary/hem-household-expenditure-measure,hem meaning,1,0,81
google,/glossary/hem-household-expenditure-measure,what does hem stand for,1,0,82
google,/glossary/hem-household-expenditure-measure,what is hem,1,0,49
google,/borrowing-power-calculator,borrowing power calculator,468,0,88.2
google,/borrowing-power-calculator,how much can i borrow calculator,133,0,56.6
google,/borrowing-power-calculator,how much can i borrow,129,0,45.1
google,/borrowing-power-calculator,home loan borrowing calculator,98,0,40.4
google,/borrowing-power-calculator,how much can i borrow home loan,91,0,42.4
google,/borrowing-power-calculator,mortgage borrowing calculator,86,0,46.0
google,/borrowing-power-calculator,home loan eligibility calculator,74,0,92.7
google,/borrowing-power-calculator,how much can i borrow personal loan,57,0,41.6
google,/borrowing-power-calculator,personal loan borrowing power calculator,47,0,47.9
google,/borrowing-power-calculator,how much can i borrow mortgage,44,0,27.2
google,/borrowing-power-calculator,borrowing power,41,0,41.4
google,/borrowing-power-calculator,borrowing capacity calculator,40,0,56.6
google,/borrowing-power-calculator,borrowing power calculator australia,38,0,74.0
google,/borrowing-power-calculator,borrowing capacity,37,0,43.6
google,/borrowing-power-calculator,borrowing calculator,33,0,48.5
google,/borrowing-power-calculator,personal loan borrowing power,30,0,34
google,/borrowing-power-calculator,borrow power calculator,29,0,85.9
google,/borrowing-power-calculator,home loan borrowing power,29,0,30.5
google,/borrowing-power-calculator,how much i can borrow,29,0,27.3
google,/borrowing-power-calculator,mortgage power calculator,24,0,81.8
google,/borrowing-power-calculator,calculate borrowing power,23,0,66.0
google,/borrowing-power-calculator,home loan borrowing power calculator,23,0,46.4
google,/borrowing-power-calculator,how much can i borrow home loan calculator,23,0,37.7
google,/borrowing-power-calculator,how much can i borrow for home loan,20,0,28.4
google,/borrowing-power-calculator,how much can i borrow for a home loan,19,0,31.5
google,/borrowing-power-calculator,loan eligibility calculator,19,0,83.2
google,/borrowing-power-calculator,calculate my borrowing power,18,0,78.3
google,/borrowing-power-calculator,how much can i borrow mortgage australia,18,0,95.1
google,/borrowing-power-calculator,mortgage borrowing power,18,0,29.3
google,/borrowing-power-calculator,mortgage calculator how much can i borrow,18,0,40.5
google,/borrowing-power-calculator,home loan affordability calculator,17,0,50.3
google,/borrowing-power-calculator,bank australia borrowing power,16,0,64.8
google,/borrowing-power-calculator,home loan borrowing calculator cba,16,0,76.2
google,/borrowing-power-calculator,how much can i afford to borrow,16,0,86.4
google,/borrowing-power-calculator,mortgage affordability calculator australia,16,0,43.1
google,/borrowing-power-calculator,borrowing power calculator brisbane,14,0,94.5
google,/borrowing-power-calculator,cba borrowing power,14,0,77.5
google,/borrowing-power-calculator,home loan borrowing capacity calculator,14,0,25.5
google,/borrowing-power-calculator,home loan calculator how much can i borrow,14,0,29.9
google,/borrowing-power-calculator,how much can i borrow cba,14,0,86.5
google,/borrowing-power-calculator,how much can i borrow for a house,14,0,20.8
google,/borrowing-power-calculator,how much house can i afford?,14,0,96.1
google,/borrowing-power-calculator,how much rent can i afford australia calculator,14,0,90.9
google,/borrowing-power-calculator,borrowing calculator commonwealth,13,0,91.1
google,/borrowing-power-calculator,borrowing mortgage calculator,13,0,77.5
google,/borrowing-power-calculator,borrowing power calculator home loan,13,0,84.8
google,/borrowing-power-calculator,home loan eligibility calculator australia,13,0,58.9
google,/borrowing-power-calculator,home loan how much can i borrow,13,0,31.5
google,/borrowing-power-calculator,how much i can borrow for mortgage,13,0,37.3
google,/borrowing-power-calculator,how much money can i borrow,13,0,30.2
google,/borrowing-power-calculator,personal loan how much can i borrow,13,0,26.7
google,/borrowing-power-calculator,borrowing calculator home loan,12,0,20.1
google,/borrowing-power-calculator,cba borrowing calculator,12,0,79.5
google,/borrowing-power-calculator,home loan approval calculator,12,0,82.7
google,/borrowing-power-calculator,how much can i borrow australia,12,0,59
google,/borrowing-power-calculator,how much can i borrow personal loan calculator,12,0,37.1
google,/borrowing-power-calculator,how much mortgage can i get,12,0,57.9
google,/borrowing-power-calculator,how much of a mortgage can i afford,12,0,17.8
google,/borrowing-power-calculator,loan borrowing calculator,12,0,54
google,/borrowing-power-calculator,nab home loan calculator how much can i borrow,12,0,73.8
google,/borrowing-power-calculator,compare borrowing power,11,0,67.5
google,/borrowing-power-calculator,how much can i borrow with deposit calculator,11,0,74.8
google,/borrowing-power-calculator,how much could i lend,11,0,96.1
google,/borrowing-power-calculator,how much home loan can i get,11,0,41.5
google,/borrowing-power-calculator,lending power calculator,11,0,96.5
google,/borrowing-power-calculator,mortgage how much can i borrow,11,0,43
google,/borrowing-power-calculator,personal loans how much can i borrow,11,0,22
google,/borrowing-power-calculator,aussie borrowing power,10,0,84.3
google,/borrowing-power-calculator,aussie home loans borrowing power,10,0,79.6
google,/borrowing-power-calculator,borrowing power calculator first home buyer,10,0,95.7
google,/borrowing-power-calculator,buying power calculator,10,0,82.6
google,/borrowing-power-calculator,how much can i borrow brisbane,10,0,95.2
google,/borrowing-power-calculator,how much mortgage can i afford,10,0,48.1
google,/borrowing-power-calculator,loan serviceability calculator,10,0,80.4
google,/borrowing-power-calculator,mortgage borrowing power calculator,10,0,57.6
google,/borrowing-power-calculator,mortgage eligibility calculator australia,10,0,71.2
google,/borrowing-power-calculator,mortgage loan borrowing calculator,10,0,61.4
google,/borrowing-power-calculator,nab borrowing power,10,0,57.3
google,/borrowing-power-calculator,nab calculator how much can i borrow,10,0,94.5
google,/borrowing-power-calculator,nab how much can i borrow,10,0,66.3
google,/borrowing-power-calculator,bankwest how much can i borrow,9,0,71.1
google,/borrowing-power-calculator,cba how much can i borrow,9,0,72.9
google,/borrowing-power-calculator,commbank borrowing calculator,9,0,72.1
google,/borrowing-power-calculator,how much can i borrow for a home,9,0,36
google,/borrowing-power-calculator,how much can i borrow mortgage calculator,9,0,59.8
google,/borrowing-power-calculator,how much can we borrow,9,0,42.7
google,/borrowing-power-calculator,how much i can borrow calculator,9,0,54.8
google,/borrowing-power-calculator,how much should you borrow for a mortgage,9,0,19.9
google,/borrowing-power-calculator,aussie borrowing calculator,8,0,75.2
google,/borrowing-power-calculator,aussie home loans how much can i borrow,8,0,72.8
google,/borrowing-power-calculator,calculate home loan borrowing power,8,0,18.5
google,/borrowing-power-calculator,cba borrowing capacity calculator,8,0,72.1
google,/borrowing-power-calculator,home loan borrow calculator,8,0,33
google,/borrowing-power-calculator,home loan borrowing capacity,8,0,19.4
google,/borrowing-power-calculator,how much can i borrow for a mortgage,8,0,57.8
google,/borrowing-power-calculator,how much can i borrow for a personal loan,8,0,48.9
google,/borrowing-power-calculator,how much could i borrow calculator,8,0,68
google,/borrowing-power-calculator,personal loan borrowing calculator,8,0,46.4
google,/borrowing-power-calculator,borrow calculator,7,0,95.9
google,/borrowing-power-calculator,borrowing calculator aussie,7,0,90.6
google,/borrowing-power-calculator,commbank borrowing power,7,0,77.9
google,/borrowing-power-calculator,how much am i able to borrow for a mortgage,7,0,73.9
google,/borrowing-power-calculator,how much can borrow,7,0,41.3
google,/borrowing-power-calculator,how much can i borrow car loan,7,0,92.7
google,/borrowing-power-calculator,how much can i borrow on 150k salary in australia,7,0,97.1
google,/borrowing-power-calculator,how much can i loan for a house,7,0,21
google,/borrowing-power-calculator,how much can j,7,0,74.4
google,/borrowing-power-calculator,how much money can i borrow for a mortgage,7,0,20.3
google,/borrowing-power-calculator,lending calculator,7,0,84.4
google,/borrowing-power-calculator,pre approval calculator,7,0,96.1
google,/borrowing-power-calculator,what is my borrowing capacity,7,0,59
google,/borrowing-power-calculator,borrow power,6,0,52.5
google,/borrowing-power-calculator,calculate my borrowing capacity,6,0,42.2
google,/borrowing-power-calculator,calculator borrowing power,6,0,69.8
google,/borrowing-power-calculator,how much borrow,6,0,34.2
google,/borrowing-power-calculator,how much can i borrow for a mortgage australia,6,0,56.2
google,/borrowing-power-calculator,how much can i borrow for a mortgage in australia,6,0,83.3
google,/borrowing-power-calculator,how much can i borrow loan personal,6,0,21.7
google,/borrowing-power-calculator,how much can i borrow self employed,6,0,99.3
google,/borrowing-power-calculator,how much can i borrow with 200k income australia,6,0,81.2
google,/borrowing-power-calculator,how much can i lend mortgage,6,0,43
google,/borrowing-power-calculator,how much can we borrow calculator,6,0,83.5
google,/borrowing-power-calculator,how much could i borrow home loan,6,0,34.2
google,/borrowing-power-calculator,how much i can borrow personal loan,6,0,19.5
google,/borrowing-power-calculator,how much money can i borrow for a home loan,6,0,19.8
google,/borrowing-power-calculator,loan affordability calculator,6,0,67.5
google,/borrowing-power-calculator,loan borrowing power,6,0,19.5
google,/borrowing-power-calculator,mortgage calculator borrowing power,6,0,83.2
google,/borrowing-power-calculator,mortgage loan approval calculator,6,0,86
google,/borrowing-power-calculator,mortgage serviceability calculator,6,0,78
google,/borrowing-power-calculator,nab borrowing capacity,6,0,70.8
google,/borrowing-power-calculator,what can i borrow mortgage,6,0,21.8
google,/borrowing-power-calculator,what home loan can i afford,6,0,69.2
google,/borrowing-power-calculator,affordability calculator,5,0,90.2
google,/borrowing-power-calculator,australia borrowing power calculator,5,0,92.6
google,/borrowing-power-calculator,borrow money calculator,5,0,77.6
google,/borrowing-power-calculator,borrowing calculator cba,5,0,92
google,/borrowing-power-calculator,borrowing capacity anz,5,0,95.2
google,/borrowing-power-calculator,borrowing capacity calculator cba,5,0,90.8
google,/borrowing-power-calculator,borrowing power calculator nab,5,0,48.4
google,/borrowing-power-calculator,borrowing power home loan,5,0,50.4
google,/borrowing-power-calculator,calculate borrowing power home loan,5,0,50
google,/borrowing-power-calculator,estimate borrowing power,5,0,81.8
google,/borrowing-power-calculator,first home buyer borrowing calculator,5,0,80.4
google,/borrowing-power-calculator,home loan power calculator,5,0,78.2
google,/borrowing-power-calculator,house loan borrowing calculator,5,0,35.2
google,/borrowing-power-calculator,housing loan eligibility calculator,5,0,89.6
google,/borrowing-power-calculator,how much can i borrow calculator mortgage,5,0,65.4
google,/borrowing-power-calculator,how much can i borrow from centrelink,5,0,85
google,/borrowing-power-calculator,how much can i borrow on 150k salary,5,0,67.6
google,/borrowing-power-calculator,how much could i borrow personal loan,5,0,37.8
google,/borrowing-power-calculator,how much loan can i get for home,5,0,50.8
google,/borrowing-power-calculator,how much loan will i get,5,0,33.2
google,/borrowing-power-calculator,how much mortgage can i borrow australia,5,0,76.4
google,/borrowing-power-calculator,how much will the bank loan me,5,0,48
google,/borrowing-power-calculator,how much would a bank lend me,5,0,38.8
google,/borrowing-power-calculator,loan approval calculator,5,0,90.6
google,/borrowing-power-calculator,mortgage affordability calculator,5,0,81
google,/borrowing-power-calculator,mortgage borrowing estimate,5,0,78.4
google,/borrowing-power-calculator,my borrowing capacity,5,0,36
google,/borrowing-power-calculator,my borrowing power,5,0,62.8
google,/borrowing-power-calculator,nab borrowing calculator,5,0,64.2
google,/borrowing-power-calculator,property loan eligibility calculator,5,0,60.6
google,/borrowing-power-calculator,serviceability calculator,5,0,89.2
google,/borrowing-power-calculator,anz calculator how much can i borrow,4,0,76.2
google,/borrowing-power-calculator,aussie home loans borrowing calculator,4,0,79.5
google,/borrowing-power-calculator,borrow mortgage calculator,4,0,77.5
google,/borrowing-power-calculator,borrowing calc,4,0,36.5
google,/borrowing-power-calculator,borrowing calculator mortgage,4,0,18
google,/borrowing-power-calculator,borrowing capacity calculator australia,4,0,58.2
google,/borrowing-power-calculator,borrowing capacity calculator commbank,4,0,82.2
google,/borrowing-power-calculator,borrowing capacity nab,4,0,96
google,/borrowing-power-calculator,borrowing power calcualtor,4,0,58.8
google,/borrowing-power-calculator,borrowing power calculatir,4,0,99.5
google,/borrowing-power-calculator,borrowing power calculator gross income,4,0,75.2
google,/borrowing-power-calculator,borrowing power calculator personal loan,4,0,78.2
google,/borrowing-power-calculator,borrowing power mortgage,4,0,36.8
google,/borrowing-power-calculator,borrowing power nab,4,0,77.2
google,/borrowing-power-calculator,calculate borrowing capacity,4,0,18.5
google,/borrowing-power-calculator,car borrowing power calculator,4,0,92.2
google,/borrowing-power-calculator,car loan borrowing power calculator,4,0,62.2
google,/borrowing-power-calculator,cba borrowing capacity,4,0,73
google,/borrowing-power-calculator,cba home loan borrowing calculator,4,0,79.8
google,/borrowing-power-calculator,cba home loan borrowing power,4,0,50.2
google,/borrowing-power-calculator,commonwealth bank borrowing power,4,0,86.5
google,/borrowing-power-calculator,home loan capacity calculator,4,0,38
google,/borrowing-power-calculator,home loan lending calculator,4,0,39
google,/borrowing-power-calculator,house loan borrow calculator,4,0,55.5
google,/borrowing-power-calculator,how much can borrow for a mortgage,4,0,64
google,/borrowing-power-calculator,how much can borrow home loan,4,0,62.2
google,/borrowing-power-calculator,how much can i afford,4,0,94.5
google,/borrowing-power-calculator,how much can i borrow calc,4,0,76.5
google,/borrowing-power-calculator,how much can i borrow for a house loan,4,0,24.2
google,/borrowing-power-calculator,how much can i lend mortgage calculator,4,0,76.2
google,/borrowing-power-calculator,how much can i loan,4,0,19
google,/borrowing-power-calculator,how much can you borrow,4,0,21.5
google,/borrowing-power-calculator,how much i can borrow for a home loan,4,0,79
google,/borrowing-power-calculator,how much i can borrow for home loan,4,0,44.2
google,/borrowing-power-calculator,how much loan i will get on my salary,4,0,79.2
google,/borrowing-power-calculator,ing how much can i borrow,4,0,68.2
google,/borrowing-power-calculator,loan affordability calculation,4,0,38.5
google,/borrowing-power-calculator,loan capacity calculator,4,0,56.8
google,/borrowing-power-calculator,loan eligibility calculator australia,4,0,77
google,/borrowing-power-calculator,loan servicing calculator,4,0,95.8
google,/borrowing-power-calculator,mortgage borrow calc,4,0,76.5
google,/borrowing-power-calculator,mortgage borrow calculator,4,0,73.5
google,/borrowing-power-calculator,mortgage borrowing calculator australia,4,0,41.5
google,/borrowing-power-calculator,mortgage calculator how much can i borrow australia,4,0,35.5
google,/borrowing-power-calculator,mortgage calculator how much could i borrow,4,0,39
google,/borrowing-power-calculator,mortgage capacity calculator,4,0,79.2
google,/borrowing-power-calculator,mortgage eligibility calculator,4,0,95.2
google,/borrowing-power-calculator,mortgage how much could i borrow,4,0,74
google,/borrowing-power-calculator,mortgage lending calculator,4,0,77
google,/borrowing-power-calculator,mortgage loan eligibility calculator,4,0,53.2
google,/borrowing-power-calculator,mortgage qualification calculator,4,0,83
google,/borrowing-power-calculator,nab borrowing power calculator,4,0,94.2
google,/borrowing-power-calculator,nab home loan borrowing calculator,4,0,89.5
google,/borrowing-power-calculator,nab home loan borrowing power,4,0,75.8
google,/borrowing-power-calculator,site:www.yourpropertyguide.com.au,4,0,17.8
google,/borrowing-power-calculator,what can i borrow,4,0,35.8
google,/borrowing-power-calculator,what is my borrowing power,4,0,57.8
google,/borrowing-power-calculator,what mortgage can i get,4,0,18
google,/borrowing-power-calculator,aussie borrowing power calculator,3,0,93
google,/borrowing-power-calculator,aussie home loan borrowing calculator,3,0,78.7
google,/borrowing-power-calculator,borrow calc,3,0,94.3
google,/borrowing-power-calculator,borrow calculator home loan,3,0,43
google,/borrowing-power-calculator,borrow calculator mortgage,3,0,96
google,/borrowing-power-calculator,borrowing calculator australia,3,0,40.3
google,/borrowing-power-calculator,borrowing calculator commbank,3,0,75
google,/borrowing-power-calculator,borrowing calculator suncorp,3,0,91.7
google,/borrowing-power-calculator,borrowing capacity calculator nab,3,0,90.3
google,/borrowing-power-calculator,borrowing capacity home loan,3,0,19.3
google,/borrowing-power-calculator,borrowing power cal,3,0,99
google,/borrowing-power-calculator,borrowing power calc,3,0,92.7
google,/borrowing-power-calculator,borrowing power calculator cba,3,0,64.3
google,/borrowing-power-calculator,borrowing power calculator commbank,3,0,80.7
google,/borrowing-power-calculator,borrowing power calculator tool,3,0,88
google,/borrowing-power-calculator,borrowing power estimate,3,0,93
google,/borrowing-power-calculator,borrowing power for home loan,3,0,45
google,/borrowing-power-calculator,buying power,3,0,68
google,/borrowing-power-calculator,check my borrowing capacity,3,0,66.7
google,/borrowing-power-calculator,commbank borrowing capacity,3,0,79.7
google,/borrowing-power-calculator,commbank borrowing power calculator,3,0,92.7
google,/borrowing-power-calculator,commbank home loan borrowing power,3,0,76
google,/borrowing-power-calculator,commonwealth bank borrowing calculator,3,0,63.3
google,/borrowing-power-calculator,commonwealth borrowing calculator,3,0,86.7
google,/borrowing-power-calculator,hiw much can i borrow,3,0,43.3
google,/borrowing-power-calculator,home loan borrow,3,0,43
google,/borrowing-power-calculator,home loan borrowing calculator australia,3,0,71.3
google,/borrowing-power-calculator,home loan borrowing calculator nab,3,0,89.3
google,/borrowing-power-calculator,home loan borrowing calculator qld,3,0,97.7
google,/borrowing-power-calculator,home loan calculator borrow,3,0,67
google,/borrowing-power-calculator,home loan calculator borrowing power,3,0,45.7
google,/borrowing-power-calculator,home loan serviceability calculator,3,0,68.3
google,/borrowing-power-calculator,home loans how much can i borrow,3,0,45.7
google,/borrowing-power-calculator,house borrowing calculator,3,0,71
google,/borrowing-power-calculator,house loan affordability,3,0,87
google,/borrowing-power-calculator,housing loan affordability calculator,3,0,85
google,/borrowing-power-calculator,how banks calculate borrowing capacity,3,0,95
google,/borrowing-power-calculator,how big of a home loan can i afford,3,0,70.7
google,/borrowing-power-calculator,how much can borrow mortgage,3,0,44.7
google,/borrowing-power-calculator,how much can i borro,3,0,19.3
google,/borrowing-power-calculator,how much can i borrow commbank,3,0,84
google,/borrowing-power-calculator,how much can i borrow for a home loan in australia based on my income?,3,0,19.7
google,/borrowing-power-calculator,how much can i borrow for a home loan?,3,0,27.3
google,/borrowing-power-calculator,how much can i borrow for mortgage,3,0,18.7
google,/borrowing-power-calculator,how much can i borrow home loan australia,3,0,41
google,/borrowing-power-calculator,how much can i borrow nab,3,0,95
google,/borrowing-power-calculator,how much can i borrow perth,3,0,94.7
google,/borrowing-power-calculator,how much can i botrow,3,0,43
google,/borrowing-power-calculator,how much can we borrow home loan,3,0,43.7
google,/borrowing-power-calculator,how much can you borrow for a mortgage,3,0,51
google,/borrowing-power-calculator,how much could i borrow,3,0,42
google,/borrowing-power-calculator,how much could i borrow for a mortgage,3,0,50.7
google,/borrowing-power-calculator,how much could i borrow mortgage calculator,3,0,89.3
google,/borrowing-power-calculator,how much could i lend for a mortgage,3,0,62.7
google,/borrowing-power-calculator,how much could we borrow,3,0,71.3
google,/borrowing-power-calculator,how much could we borrow mortgage,3,0,19
google,/borrowing-power-calculator,how much house can i afford australia,3,0,46
google,/borrowing-power-calculator,how much house loan can i afford,3,0,46
google,/borrowing-power-calculator,how much house loan can i get,3,0,93.3
google,/borrowing-power-calculator,how much i could borrow,3,0,45.7
google,/borrowing-power-calculator,how much loan can i get,3,0,45
google,/borrowing-power-calculator,how much of a home loan can i get,3,0,95.3
google,/borrowing-power-calculator,how much will the bank lend me,3,0,67.7
google,/borrowing-power-calculator,loan calculator borrowing power,3,0,40.7
google,/borrowing-power-calculator,loan how much can i borrow,3,0,45.3
google,/borrowing-power-calculator,loan power,3,0,43.3
google,/borrowing-power-calculator,loan power calculator,3,0,92
google,/borrowing-power-calculator,mortgage borrowing,3,0,43
google,/borrowing-power-calculator,mortgage borrowing capacity,3,0,25
google,/borrowing-power-calculator,mortgage calculator borrowing,3,0,96.7
google,/borrowing-power-calculator,mortgage pre approval calculator,3,0,96.3
google,/borrowing-power-calculator,nab calculator borrowing power,3,0,84
google,/borrowing-power-calculator,nab mortgage borrowing calculator,3,0,89
google,/borrowing-power-calculator,what mortgage can i afford,3,0,18
google,/borrowing-power-calculator,what's my borrowing power,3,0,44
google,/borrowing-power-calculator,affordability calculator home loan,2,0,89.5
google,/borrowing-power-calculator,anz borrowing calculator,2,0,93
google,/borrowing-power-calculator,aussie home loan calculator how much can i borrow,2,0,72.5
google,/borrowing-power-calculator,bank australia borrowing calculator,2,0,50
google,/borrowing-power-calculator,bankwest borrowing calculator,2,0,87.5
google,/borrowing-power-calculator,bankwest borrowing power calculator,2,0,88.5
google,/borrowing-power-calculator,borrowing calculator westpac,2,0,80
google,/borrowing-power-calculator,borrowing capacity calc,2,0,59
google,/borrowing-power-calculator,borrowing capacity calculation,2,0,19
google,/borrowing-power-calculator,borrowing capacity cba,2,0,87.5
google,/borrowing-power-calculator,borrowing home loan calculator,2,0,57.5
google,/borrowing-power-calculator,borrowing loan calculator,2,0,54
google,/borrowing-power-calculator,borrowing power australia,2,0,90.5
google,/borrowing-power-calculator,borrowing power calculator with deposit,2,0,82
google,/borrowing-power-calculator,borrowing power for investment property,2,0,94.5
google,/borrowing-power-calculator,buying power calculator home,2,0,87.5
google,/borrowing-power-calculator,calculate how much i can borrow,2,0,18.5
google,/borrowing-power-calculator,calculator how much can i borrow,2,0,92.5
google,/borrowing-power-calculator,cba borrow power,2,0,96.5
google,/borrowing-power-calculator,cba borrowing power calculator,2,0,89.5
google,/borrowing-power-calculator,cba mortgage borrowing calculator,2,0,81.5
google,/borrowing-power-calculator,comm bank borrowing power,2,0,78.5
google,/borrowing-power-calculator,commbank borrowing calc,2,0,84.5
google,/borrowing-power-calculator,commbank lending calculator,2,0,62.5
google,/borrowing-power-calculator,commbank mortgage borrowing calculator,2,0,43.5
google,/borrowing-power-calculator,commonwealth bank how much can i borrow,2,0,43
google,/borrowing-power-calculator,commonwealth calculator borrow,2,0,87.5
google,/borrowing-power-calculator,commonwealth how much can i borrow,2,0,86.5
google,/borrowing-power-calculator,cost of borrowing calculator,2,0,100
google,/borrowing-power-calculator,estimate borrowing capacity,2,0,92.5
google,/borrowing-power-calculator,home borrowing calculator,2,0,56
google,/borrowing-power-calculator,home loan affordability calculator australia,2,0,48.5
google,/borrowing-power-calculator,home loan borrowing calc,2,0,59
google,/borrowing-power-calculator,home loan how much caqn i borrow,2,0,20.5
google,/borrowing-power-calculator,home loans borrowing calculator,2,0,18.5
google,/borrowing-power-calculator,home loans nab calculator,2,0,86.5
google,/borrowing-power-calculator,house loan how much can i borrow,2,0,57
google,/borrowing-power-calculator,housing loan how much can i borrow,2,0,20
google,/borrowing-power-calculator,how mich can i borrow,2,0,19.5
google,/borrowing-power-calculator,how much can get,2,0,96.5
google,/borrowing-power-calculator,how much can i,2,0,90.5
google,/borrowing-power-calculator,how much can i borrow anz,2,0,88.5
google,/borrowing-power-calculator,how much can i borrow calculator home loan,2,0,19.5
google,/borrowing-power-calculator,how much can i borrow first home buyer,2,0,58
google,/borrowing-power-calculator,how much can i borrow for a car loan,2,0,89.5
google,/borrowing-power-calculator,how much can i borrow for investment property,2,0,87
google,/borrowing-power-calculator,how much can i borrow from my super fund,2,0,83
google,/borrowing-power-calculator,how much can i borrow house loan,2,0,20
google,/borrowing-power-calculator,how much can i borrow macquarie,2,0,63
google,/borrowing-power-calculator,how much can i borrow mortgage calculator australia,2,0,90
google,/borrowing-power-calculator,how much can i borrow on a home loan,2,0,58.5
google,/borrowing-power-calculator,how much can i borrow on mortgage,2,0,59.5
google,/borrowing-power-calculator,how much can i borrow to buy a house,2,0,88
google,/borrowing-power-calculator,how much can i borrow unsecured personal loan,2,0,19
google,/borrowing-power-calculator,how much can i borrow with 150k deposit,2,0,97.5
google,/borrowing-power-calculator,how much can i borrow with 200k income,2,0,60
google,/borrowing-power-calculator,how much can i borrow with a mortgage,2,0,60
google,/borrowing-power-calculator,how much can i borrown,2,0,55
google,/borrowing-power-calculator,how much can i lend for mortgage,2,0,61
google,/borrowing-power-calculator,how much can i loan mortgage,2,0,56.5
google,/borrowing-power-calculator,how much can l borrow,2,0,57.5
google,/borrowing-power-calculator,how much can we borrow mortgage,2,0,57.5
google,/borrowing-power-calculator,how much can you borrow for home loan,2,0,55.5
google,/borrowing-power-calculator,how much can you borrow?,2,0,28
google,/borrowing-power-calculator,how much could i borrow for a home loan,2,0,56.5
google,/borrowing-power-calculator,how much could i lend mortgage,2,0,63
google,/borrowing-power-calculator,how much home loan,2,0,59
google,/borrowing-power-calculator,how much home loan i can borrow,2,0,20.5
google,/borrowing-power-calculator,how much home loan will i get,2,0,83.5
google,/borrowing-power-calculator,how much house can i afford,2,0,96.5
google,/borrowing-power-calculator,how much i can borrow for home loan calculator,2,0,54.5
google,/borrowing-power-calculator,how much i can borrow home loan,2,0,55
google,/borrowing-power-calculator,how much i can borrow mortgage,2,0,56.5
google,/borrowing-power-calculator,how much loan can i borrow,2,0,52.5
google,/borrowing-power-calculator,how much money can i borrow home loan,2,0,19.5
google,/borrowing-power-calculator,how much money could i borrow for a house,2,0,56.5
google,/borrowing-power-calculator,how much mortgage can i afford?,2,0,17
google,/borrowing-power-calculator,how much mortgage loan can i afford,2,0,19.5
google,/borrowing-power-calculator,how much of a loan could i get,2,0,58.5
google,/borrowing-power-calculator,how much personal loan can i borrow,2,0,58
google,/borrowing-power-calculator,how much the bank will loan me,2,0,90.5
google,/borrowing-power-calculator,how much will bank lend me,2,0,89.5
google,/borrowing-power-calculator,hsbc borrowing calculator,2,0,57.5
google,/borrowing-power-calculator,lending calculator australia,2,0,51
google,/borrowing-power-calculator,macquarie bank how much can i borrow,2,0,97
google,/borrowing-power-calculator,macquarie how much can i borrow,2,0,98
google,/borrowing-power-calculator,max loan calculator,2,0,55.5
google,/borrowing-power-calculator,me bank borrowing power,2,0,52
google,/borrowing-power-calculator,mortgage affordability calc,2,0,90.5
google,/borrowing-power-calculator,mortgage borrowing capacity calculator,2,0,56
google,/borrowing-power-calculator,mortgage calculator australia how much can i borrow,2,0,99
google,/borrowing-power-calculator,mortgage calculator borrow,2,0,89.5
google,/borrowing-power-calculator,mortgage calculators how much can i borrow,2,0,97.5
google,/borrowing-power-calculator,mortgage can i borrow,2,0,18.5
google,/borrowing-power-calculator,mortgage how much can i borrow australia,2,0,85.5
google,/borrowing-power-calculator,much can i borrow mortgage,2,0,58.5
google,/borrowing-power-calculator,my borrowing power calculator,2,0,97
google,/borrowing-power-calculator,nab borrowing capacity calculator,2,0,81
google,/borrowing-power-calculator,nab lending calculator,2,0,52
google,/borrowing-power-calculator,online borrowing power calculator,2,0,98.5
google,/borrowing-power-calculator,pepper money borrowing power,2,0,97.5
google,/borrowing-power-calculator,pre-approval calculator,2,0,85.5
google,/borrowing-power-calculator,westpac home loan borrowing calculator,2,0,83
google,/borrowing-power-calculator,what can i borrow calculator,2,0,94.5
google,/borrowing-power-calculator,what can i lend mortgage,2,0,57.5
google,/borrowing-power-calculator,what home loan can i afford calculator,2,0,57
google,/borrowing-power-calculator,what home loan can i get,2,0,89.5
google,/borrowing-power-calculator,what house can i afford australia,2,0,19.5
google,/borrowing-power-calculator,what house loan can i afford,2,0,93
google,/borrowing-power-calculator,what mortgage loan can i get,2,0,82.5
google,/borrowing-power-calculator,whats my borrowing power,2,0,18.5
google,/borrowing-power-calculator,affordability calculator mortgage,1,0,95
google,/borrowing-power-calculator,amount i can borrow for a mortgage,1,0,97
google,/borrowing-power-calculator,anz borrowing power calculator,1,0,85
google,/borrowing-power-calculator,aussie free borrowing calculator,1,0,89
google,/borrowing-power-calculator,bank borrowing calculator,1,0,97
google,/borrowing-power-calculator,bank of melbourne borrowing power,1,0,73
google,/borrowing-power-calculator,bank sa borrowing power,1,0,73
google,/borrowing-power-calculator,bankwest borrowing power,1,0,18
google,/borrowing-power-calculator,best borrowing power calculator,1,0,99
google,/borrowing-power-calculator,borrow home loan calculator,1,0,19
google,/borrowing-power-calculator,borrowing calculator anz,1,0,95
google,/borrowing-power-calculator,borrowing calculator commonwealth bank,1,0,66
google,/borrowing-power-calculator,borrowing calculator nab,1,0,93
google,/borrowing-power-calculator,borrowing calculator personal loan,1,0,93
google,/borrowing-power-calculator,borrowing calculator with deposit,1,0,97
google,/borrowing-power-calculator,borrowing capacity australia,1,0,88
google,/borrowing-power-calculator,borrowing capacity calculator anz,1,0,87
google,/borrowing-power-calculator,borrowing capacity calculator macquarie,1,0,96
google,/borrowing-power-calculator,borrowing capacity commbank,1,0,69
google,/borrowing-power-calculator,borrowing capacity mortgage,1,0,19
google,/borrowing-power-calculator,borrowing capcity,1,0,19
google,/borrowing-power-calculator,borrowing for home loan,1,0,100
google,/borrowing-power-calculator,borrowing power calculator bankwest,1,0,92
google,/borrowing-power-calculator,borrowing power calculator ing,1,0,84
google,/borrowing-power-calculator,borrowing power calculator suncorp,1,0,90
google,/borrowing-power-calculator,borrowing power calculator westpac,1,0,88
google,/borrowing-power-calculator,borrowing power calculator with hecs,1,0,94
google,/borrowing-power-calculator,borrowing power commbank,1,0,93
google,/borrowing-power-calculator,borrowing power commonwealth bank,1,0,89
google,/borrowing-power-calculator,borrowing power with deposit,1,0,19
google,/borrowing-power-calculator,borrowing power with equity,1,0,93
google,/borrowing-power-calculator,borrowing.power calculator,1,0,99
google,/borrowing-power-calculator,buying power calculator australia,1,0,92
google,/borrowing-power-calculator,calculate borrowing,1,0,98
google,/borrowing-power-calculator,calculate borrowing power australia,1,0,80
google,/borrowing-power-calculator,calculate maximum mortgage,1,0,90
google,/borrowing-power-calculator,calculating borrowing power,1,0,86
google,/borrowing-power-calculator,can loan,1,0,53
google,/borrowing-power-calculator,car loan how much can i borrow,1,0,97
google,/borrowing-power-calculator,cba borrowing repayment calculator,1,0,75
google,/borrowing-power-calculator,cba home loan calculator how much can i borrow,1,0,76
google,/borrowing-power-calculator,cba mortgage calculator how much can i borrow,1,0,74
google,/borrowing-power-calculator,check borrowing capacity,1,0,88
google,/borrowing-power-calculator,check my buying power,1,0,19
google,/borrowing-power-calculator,check my mortgage eligibility,1,0,79
google,/borrowing-power-calculator,check your mortgage eligibility,1,0,88
google,/borrowing-power-calculator,combank borrowing calc,1,0,63
google,/borrowing-power-calculator,comm bank borrowing calculator,1,0,75
google,/borrowing-power-calculator,commbank how much can i borrow,1,0,64
google,/borrowing-power-calculator,commbank personal loan borrowing power,1,0,68
google,/borrowing-power-calculator,commonwealth bank borrow calculator,1,0,83
google,/borrowing-power-calculator,commonwealth bank borrowing capacity calculator,1,0,90
google,/borrowing-power-calculator,commonwealth bank borrowing power calculator,1,0,90
google,/borrowing-power-calculator,commonwealth bank home loan borrowing calculator,1,0,72
google,/borrowing-power-calculator,commonwealth bank home loan calculator how much can i borrow,1,0,74
google,/borrowing-power-calculator,commonwealth bank lending calculator,1,0,87
google,/borrowing-power-calculator,commonwealth borrowing calculator home loan,1,0,76
google,/borrowing-power-calculator,commonwealth borrowing capacity,1,0,97
google,/borrowing-power-calculator,commonwealth borrowing power,1,0,91
google,/borrowing-power-calculator,estimated home loan approval calculator,1,0,96
google,/borrowing-power-calculator,free borrowing power calculator,1,0,98
google,/borrowing-power-calculator,hem calculator australia,1,0,94
google,/borrowing-power-calculator,hem living expenses calculator,1,0,94
google,/borrowing-power-calculator,home borrow calculator,1,0,17
google,/borrowing-power-calculator,home loan affordability,1,0,86
google,/borrowing-power-calculator,home loan borrowing,1,0,98
google,/borrowing-power-calculator,home loan borrowing calculator anz,1,0,86
google,/borrowing-power-calculator,home loan borrowing capacity calculator australia,1,0,93
google,/borrowing-power-calculator,home loan borrowing power calculator australia,1,0,19
google,/borrowing-power-calculator,home loan buying power calculator,1,0,87
google,/borrowing-power-calculator,home loan calculator borrowing,1,0,20
google,/borrowing-power-calculator,home loan calculators how much can i borrow,1,0,19
google,/borrowing-power-calculator,home loan how much can i afford,1,0,98
google,/borrowing-power-calculator,home loan how much can i borrow calculator,1,0,98
google,/borrowing-power-calculator,home loan pre approval calculator,1,0,99
google,/borrowing-power-calculator,home loan serviceability,1,0,96
google,/borrowing-power-calculator,home mortgage how much can i borrow,1,0,92
google,/borrowing-power-calculator,house loan how much can i afford,1,0,97
google,/borrowing-power-calculator,house loan pre approval calculator,1,0,97
google,/borrowing-power-calculator,how big mortgage can i afford,1,0,19
google,/borrowing-power-calculator,how big of a house loan can i get,1,0,92
google,/borrowing-power-calculator,how much am i allowed to borrow for a mortgage,1,0,88
google,/borrowing-power-calculator,how much bank loan can i get for home,1,0,35
google,/borrowing-power-calculator,how much borrow mortgage,1,0,96
google,/borrowing-power-calculator,how much can house can i afford calculator,1,0,99
google,/borrowing-power-calculator,how much can i afford calculator,1,0,99
google,/borrowing-power-calculator,how much can i borrow against my house,1,0,100
google,/borrowing-power-calculator,how much can i borrow against my property,1,0,89
google,/borrowing-power-calculator,how much can i borrow bankwest,1,0,27
google,/borrowing-power-calculator,how much can i borrow calculator australia,1,0,84
google,/borrowing-power-calculator,how much can i borrow calculator personal loan,1,0,91
google,/borrowing-power-calculator,how much can i borrow commonwealth bank,1,0,81
google,/borrowing-power-calculator,how much can i borrow compare,1,0,84
google,/borrowing-power-calculator,how much can i borrow comparison,1,0,96
google,/borrowing-power-calculator,how much can i borrow for a car,1,0,98
google,/borrowing-power-calculator,how much can i borrow for a home loan calculator,1,0,20
google,/borrowing-power-calculator,how much can i borrow for mortgage calculator,1,0,99
google,/borrowing-power-calculator,how much can i borrow from the bank,1,0,20
google,/borrowing-power-calculator,how much can i borrow home loan commbank,1,0,83
google,/borrowing-power-calculator,how much can i borrow in australia,1,0,89
google,/borrowing-power-calculator,how much can i borrow in mortgage,1,0,90
google,/borrowing-power-calculator,how much can i borrow investment property,1,0,96
google,/borrowing-power-calculator,how much can i borrow melbourne,1,0,20
google,/borrowing-power-calculator,how much can i borrow on $60 k salary australia,1,0,99
google,/borrowing-power-calculator,how much can i borrow on 100k salary,1,0,100
google,/borrowing-power-calculator,how much can i borrow on 130k salary in australia,1,0,94
google,/borrowing-power-calculator,how much can i borrow on 80k salary australia,1,0,94
google,/borrowing-power-calculator,how much can i borrow on a mortgage,1,0,90
google,/borrowing-power-calculator,how much can i borrow personal loan commbank,1,0,46
google,/borrowing-power-calculator,"how much can i borrow unsecured personal loan""",1,0,19
google,/borrowing-power-calculator,how much can i borrow westpac,1,0,19
google,/borrowing-power-calculator,how much can i borrow with 50000 deposit,1,0,78
google,/borrowing-power-calculator,how much can i borrow with deposit,1,0,94
google,/borrowing-power-calculator,how much can i bortow,1,0,18
google,/borrowing-power-calculator,how much can i burrow,1,0,90
google,/borrowing-power-calculator,how much can i can borrow mortgage,1,0,85
google,/borrowing-power-calculator,how much can i get approved for a home loan,1,0,17
google,/borrowing-power-calculator,how much can i get for a home loan,1,0,93
google,/borrowing-power-calculator,how much can i lend,1,0,87
google,/borrowing-power-calculator,how much can i mortgage,1,0,99
google,/borrowing-power-calculator,how much can i mortgage borrow,1,0,20
google,/borrowing-power-calculator,how much can iborrow,1,0,17
google,/borrowing-power-calculator,how much can mortgage can i afford,1,0,99
google,/borrowing-power-calculator,how much can we afford calculator,1,0,99
google,/borrowing-power-calculator,how much can you borrow from 401k,1,0,94
google,/borrowing-power-calculator,how much can you borrow mortgage,1,0,95
google,/borrowing-power-calculator,how much cani borrow,1,0,89
google,/borrowing-power-calculator,how much cna i borrow,1,0,90
google,/borrowing-power-calculator,how much could borrow mortgage,1,0,90
google,/borrowing-power-calculator,how much could i borrow on a mortgage,1,0,20
google,/borrowing-power-calculator,how much could i get a home loan for,1,0,88
google,/borrowing-power-calculator,how much could i get a mortgage loan for,1,0,86
google,/borrowing-power-calculator,how much could i get as a mortgage,1,0,100
google,/borrowing-power-calculator,how much could i.borrow,1,0,87
google,/borrowing-power-calculator,how much do i need to earn to borrow 500k,1,0,98
google,/borrowing-power-calculator,how much do i need to earn to borrow 600k,1,0,92
google,/borrowing-power-calculator,how much for a home loan can i get,1,0,97
google,/borrowing-power-calculator,how much home loan can i qualify for,1,0,90
google,/borrowing-power-calculator,how much home loan i can get,1,0,92
google,/borrowing-power-calculator,how much house can i afford calculator,1,0,97
google,/borrowing-power-calculator,how much housing loan can i get,1,0,92
google,/borrowing-power-calculator,how much housing loan can i take,1,0,90
google,/borrowing-power-calculator,how much i can borrow anz,1,0,73
google,/borrowing-power-calculator,how much i can borrow for investment property,1,0,100
google,/borrowing-power-calculator,how much i can borrow hsbc,1,0,60
google,/borrowing-power-calculator,how much if a mortgage can i get,1,0,100
google,/borrowing-power-calculator,how much is my borrowing capacity,1,0,37
google,/borrowing-power-calculator,how much line of credit can i get calculator,1,0,89
google,/borrowing-power-calculator,how much loan can i get for a house,1,0,92
google,/borrowing-power-calculator,how much loan can i take,1,0,89
google,/borrowing-power-calculator,how much loan could i get,1,0,83
google,/borrowing-power-calculator,how much money can i borrow for a car,1,0,99
google,/borrowing-power-calculator,how much money can i borrow for a home,1,0,20
google,/borrowing-power-calculator,how much money can i borrow for a house,1,0,92
google,/borrowing-power-calculator,how much mortgage can i afford australia,1,0,95
google,/borrowing-power-calculator,how much mortgage can i afford calculator,1,0,96
google,/borrowing-power-calculator,how much mortgage can i borrow,1,0,19
google,/borrowing-power-calculator,how much mortgage can i qualify for calculator,1,0,97
google,/borrowing-power-calculator,how much mortgage i can borrow,1,0,19
google,/borrowing-power-calculator,how much of a loan can i get,1,0,99
google,/borrowing-power-calculator,how much of a mortgage can i get,1,0,100
google,/borrowing-power-calculator,how much of a mortgage loan can i get,1,0,18
google,/borrowing-power-calculator,how much personal loan can i get,1,0,84
google,/borrowing-power-calculator,how much personal loan i can get,1,0,90
google,/borrowing-power-calculator,how much should i borrow for a mortgage,1,0,19
google,/borrowing-power-calculator,how much should you borrow for a house,1,0,19
google,/borrowing-power-calculator,how much we can borrow,1,0,19
google,/borrowing-power-calculator,how much will bank loan me,1,0,91
google,/borrowing-power-calculator,how much will the bank give me for a mortgage,1,0,87
google,/borrowing-power-calculator,how much will the bank lend for a mortgage,1,0,97
google,/borrowing-power-calculator,how much will the bank loan me calculator,1,0,87
google,/borrowing-power-calculator,how much you can borrow,1,0,20
google,/borrowing-power-calculator,how much you can borrow calculator,1,0,97
google,/borrowing-power-calculator,how mych can i borrow,1,0,89
google,/borrowing-power-calculator,how to calculate borrowing capacity,1,0,20
google,/borrowing-power-calculator,how to calculate borrowing power,1,0,20
google,/borrowing-power-calculator,how.much can i borrow,1,0,20
google,/borrowing-power-calculator,how.much could.i borrow,1,0,89
google,/borrowing-power-calculator,how.much mortgage can i afford,1,0,95
google,/borrowing-power-calculator,hsbc how much can i borrow,1,0,21
google,/borrowing-power-calculator,income mortgage calculator,1,0,19
google,/borrowing-power-calculator,income qualification for mortgage calculator,1,0,85
google,/borrowing-power-calculator,ing borrowing calculator,1,0,76
google,/borrowing-power-calculator,ing home loan borrowing calculator,1,0,87
google,/borrowing-power-calculator,investment loan borrowing power calculator,1,0,90
google,/borrowing-power-calculator,investment property borrowing calculator,1,0,98
google,/borrowing-power-calculator,joint home loan eligibility calculator,1,0,83
google,/borrowing-power-calculator,loan availability calculator,1,0,100
google,/borrowing-power-calculator,loan borrow,1,0,18
google,/borrowing-power-calculator,loan borrow calculator,1,0,93
google,/borrowing-power-calculator,loan borrowing capacity calculator,1,0,19
google,/borrowing-power-calculator,loan borrowing power calculator,1,0,92
google,/borrowing-power-calculator,loan calculator eligibility,1,0,89
google,/borrowing-power-calculator,loan calculator how much can i afford,1,0,93
google,/borrowing-power-calculator,loan capacity,1,0,98
google,/borrowing-power-calculator,loan income calculator,1,0,19
google,/borrowing-power-calculator,loan limit calculator,1,0,93
google,/borrowing-power-calculator,low income mortgage calculator,1,0,88
google,/borrowing-power-calculator,macquarie bank borrowing power,1,0,99
google,/borrowing-power-calculator,macquarie borrowing calculator,1,0,86
google,/borrowing-power-calculator,max mortgage calculator,1,0,90
google,/borrowing-power-calculator,maximum borrowing capacity,1,0,99
google,/borrowing-power-calculator,maximum loan calculator,1,0,98
google,/borrowing-power-calculator,maximum mortgage calculator,1,0,87
google,/borrowing-power-calculator,moneysmart how much can i borrow,1,0,77
google,/borrowing-power-calculator,mortgage affordability calculator with rental income,1,0,88
google,/borrowing-power-calculator,mortgage approval calculator,1,0,96
google,/borrowing-power-calculator,mortgage borrow calculator australia,1,0,18
google,/borrowing-power-calculator,mortgage borrowing calculator nationwide,1,0,26
google,/borrowing-power-calculator,mortgage calculator eligibility,1,0,94
google,/borrowing-power-calculator,mortgage calculator how much i can borrow,1,0,18
google,/borrowing-power-calculator,mortgage calculator what can i borrow,1,0,96
google,/borrowing-power-calculator,mortgage how much can borrow,1,0,18
google,/borrowing-power-calculator,mortgage how much can i afford calculator,1,0,95
google,/borrowing-power-calculator,mortgage limit calculator,1,0,87
google,/borrowing-power-calculator,mortgage loan affordability calculator,1,0,18
google,/borrowing-power-calculator,mortgage loan borrow calculator,1,0,18
google,/borrowing-power-calculator,mortgage loan calculator based on income,1,0,91
google,/borrowing-power-calculator,mortgage loan calculator how much can i borrow,1,0,20
google,/borrowing-power-calculator,mortgage loan qualification calculator,1,0,84
google,/borrowing-power-calculator,nab borrow power,1,0,96
google,/borrowing-power-calculator,nab borrowing calc,1,0,96
google,/borrowing-power-calculator,nab borrowing calculator home loan,1,0,95
google,/borrowing-power-calculator,nab home loan calculator borrow,1,0,83
google,/borrowing-power-calculator,nab serviceability calculator,1,0,86
google,/borrowing-power-calculator,online mortgage affordability calculator,1,0,90
google,/borrowing-power-calculator,personal loan approval calculator,1,0,89
google,/borrowing-power-calculator,personal loan eligibility calculator,1,0,100
google,/borrowing-power-calculator,potential loan calculator,1,0,84
google,/borrowing-power-calculator,pre approval calculator mortgage,1,0,89
google,/borrowing-power-calculator,pre qualification calculator,1,0,85
google,/borrowing-power-calculator,purchasing power calculator,1,0,92
google,/borrowing-power-calculator,real estate borrowing,1,0,81
google,/borrowing-power-calculator,real estate borrowing calculator,1,0,19
google,/borrowing-power-calculator,secured loan how much can i borrow,1,0,31
google,/borrowing-power-calculator,simple borrowing power calculator,1,0,95
google,/borrowing-power-calculator,spending power,1,0,99
google,/borrowing-power-calculator,st george borrowing power calculator,1,0,86
google,/borrowing-power-calculator,suncorp borrowing calculator,1,0,89
google,/borrowing-power-calculator,suncorp borrowing power,1,0,92
google,/borrowing-power-calculator,ubank borrowing calculator,1,0,79
google,/borrowing-power-calculator,ubank borrowing power,1,0,74
google,/borrowing-power-calculator,westpac borrowing calculator,1,0,79
google,/borrowing-power-calculator,westpac how much can i borrow,1,0,73
google,/borrowing-power-calculator,westpac how much can i borrow calculator,1,0,70
google,/borrowing-power-calculator,what can i borrow home loan,1,0,20
google,/borrowing-power-calculator,what can we afford mortgage calculator,1,0,82
google,/borrowing-power-calculator,what can you borrow for a mortgage,1,0,39
google,/borrowing-power-calculator,what could i borrow mortgage,1,0,18
google,/borrowing-power-calculator,what home mortgage can i afford,1,0,93
google,/borrowing-power-calculator,what house price can i afford,1,0,96
google,/borrowing-power-calculator,what mortgage can i afford calculator,1,0,99
google,/borrowing-power-calculator,what mortgage can i borrow,1,0,18
google,/borrowing-power-calculator,what's my borrowing capacity,1,0,19
google,/affordability-calculator,how much house can i afford?,109,0,88.3
google,/affordability-calculator,investment property affordability calculator,43,0,92.7
google,/affordability-calculator,how much house can i afford,24,0,87.5
google,/affordability-calculator,affordability calculator for rent,23,0,86.9
google,/affordability-calculator,can i afford to buy a house,23,0,70.1
google,/affordability-calculator,financial affordability assessment,22,0,92.9
google,/affordability-calculator,how much rent can i afford australia calculator,21,0,85.0
google,/affordability-calculator,home affordability,18,0,68.2
google,/affordability-calculator,how much can mortgage can i afford,17,0,94.8
google,/affordability-calculator,mortgage affordability calculator,17,0,91
google,/affordability-calculator,what mortgage could i afford,16,0,90.1
google,/affordability-calculator,affordability checking,15,0,90.3
google,/affordability-calculator,rent affordability calculator australia,14,0,94.6
google,/affordability-calculator,affordability,11,0,44.8
google,/affordability-calculator,how much mortgage can i afford,11,0,92.2
google,/affordability-calculator,what mortgage can i afford calculator,11,0,91.5
google,/affordability-calculator,affordability calculator,10,0,112.6
google,/affordability-calculator,how much can i afford,10,0,67.2
google,/affordability-calculator,house affordability calculator,9,0,78.2
google,/affordability-calculator,how much can i afford to rent,9,0,89.3
google,/affordability-calculator,home affordability calculator,8,0,86.8
google,/affordability-calculator,mortgage loan affordability,8,0,90.1
google,/affordability-calculator,rent affordability calculator,8,0,93
google,/affordability-calculator,housing loan affordability calculator,7,0,90
google,/affordability-calculator,how expensive of a house can i afford,7,0,91.4
google,/affordability-calculator,how much home can we afford,7,0,81.6
google,/affordability-calculator,how much house can i afford australia,7,0,95.7
google,/affordability-calculator,what price house can i afford,7,0,86
google,/affordability-calculator,buy to let affordability calculator,6,0,79.7
google,/affordability-calculator,house affordability,6,0,47.7
google,/affordability-calculator,how expensive of a home can i afford,6,0,89.2
google,/affordability-calculator,how much home afford,6,0,90
google,/affordability-calculator,how much house could i afford,6,0,88
google,/affordability-calculator,rent calculator - how much can i afford,6,0,90.3
google,/affordability-calculator,calculate affordability,5,0,82
google,/affordability-calculator,can i afford an investment property calculator,5,0,96.4
google,/affordability-calculator,can i afford to buy a home,5,0,74.8
google,/affordability-calculator,home loan calculator affordability,5,0,87.8
google,/affordability-calculator,house loan affordability,5,0,87.6
google,/affordability-calculator,how much mortgage afford,5,0,90.6
google,/affordability-calculator,how much mortgage payment can i afford,5,0,91.2
google,/affordability-calculator,how much rent can i afford australia,5,0,88.8
google,/affordability-calculator,mortgage affordability calc,5,0,87.8
google,/affordability-calculator,mortgage affordability formula,5,0,87.2
google,/affordability-calculator,what home can i afford,5,0,87.4
google,/affordability-calculator,what house can i afford calculator,5,0,85.6
google,/affordability-calculator,affordable home calculator,4,0,85.5
google,/affordability-calculator,home loan affordability,4,0,96.2
google,/affordability-calculator,housing affordability calculator,4,0,87.2
google,/affordability-calculator,how expensive house can i afford,4,0,87.2
google,/affordability-calculator,how much can i afford?,4,0,20.8
google,/affordability-calculator,how much could,4,0,84.8
google,/affordability-calculator,how much house can we afford,4,0,92.8
google,/affordability-calculator,how much house payment can i afford,4,0,91.5
google,/affordability-calculator,how much of a mortgage can i afford,4,0,92
google,/affordability-calculator,loan affordability calculation,4,0,91.8
google,/affordability-calculator,moving affordability calculator,4,0,110.2
google,/affordability-calculator,rent calculator affordability,4,0,87.2
google,/affordability-calculator,what home can you afford,4,0,80.8
google,/affordability-calculator,what house can i afford,4,0,87.2
google,/affordability-calculator,affordability analysis,3,0,76
google,/affordability-calculator,affordability assessment,3,0,92.3
google,/affordability-calculator,affordability calculator home loan,3,0,82.7
google,/affordability-calculator,affordable mortgage calculator,3,0,82
google,/affordability-calculator,calculate affordable mortgage,3,0,83.3
google,/affordability-calculator,can i afford a home calculator,3,0,83.7
google,/affordability-calculator,can i afford a house,3,0,67
google,/affordability-calculator,could i afford a house,3,0,66.3
google,/affordability-calculator,house budget calculator,3,0,85
google,/affordability-calculator,how expensive of a home can i afford calculator,3,0,88
google,/affordability-calculator,how much can house can i afford,3,0,92.3
google,/affordability-calculator,how much can i afford for buying a house,3,0,91.7
google,/affordability-calculator,how much can i afford mortgage loan calculator,3,0,91.7
google,/affordability-calculator,how much can i spend on a home,3,0,74
google,/affordability-calculator,how much can i spend on a house,3,0,72
google,/affordability-calculator,how much could i afford mortgage,3,0,94
google,/affordability-calculator,how much home afford calculator,3,0,87
google,/affordability-calculator,how much home calculator,3,0,90.7
google,/affordability-calculator,how much home can i afford calculator,3,0,88
google,/affordability-calculator,how much home can you afford,3,0,90.7
google,/affordability-calculator,how much home could i afford,3,0,86.7
google,/affordability-calculator,how much house afford,3,0,75.3
google,/affordability-calculator,how much house afford calculator,3,0,83
google,/affordability-calculator,how much mtg can i afford,3,0,87.7
google,/affordability-calculator,how much rent can i afford,3,0,92
google,/affordability-calculator,how much rent can i afford calculator australia,3,0,86.7
google,/affordability-calculator,how much rent could i afford,3,0,99
google,/affordability-calculator,mortgage calculator how much home can i afford,3,0,92.3
google,/affordability-calculator,mortgage how much can i afford calculator,3,0,92.3
google,/affordability-calculator,mortgage i can afford calculator,3,0,82
google,/affordability-calculator,mortgage you can afford,3,0,84.7
google,/affordability-calculator,what cost house can i afford,3,0,90
google,/affordability-calculator,what could i afford for a house,3,0,83
google,/affordability-calculator,what home can i afford calculator,3,0,83.3
google,/affordability-calculator,what house can i afford australia,3,0,81.3
google,/affordability-calculator,what house can you afford,3,0,85
google,/affordability-calculator,what house mortgage can i afford,3,0,90
google,/affordability-calculator,what house payment can i afford,3,0,86.7
google,/affordability-calculator,what house price can i afford,3,0,86
google,/affordability-calculator,what mortgage can i afford,3,0,93.3
google,/affordability-calculator,what price home can i afford,3,0,87.7
google,/affordability-calculator,what price house can we afford,3,0,90.3
google,/affordability-calculator,what price house can you afford,3,0,88.3
google,/affordability-calculator,afford a mortgage calculator,2,0,90
google,/affordability-calculator,affordability calculator mortgage,2,0,96
google,/affordability-calculator,affordability calculator rent,2,0,81.5
google,/affordability-calculator,calculate affordability for home loan,2,0,90
google,/affordability-calculator,calculate house you can afford,2,0,82.5
google,/affordability-calculator,can i afford it,2,0,45.5
google,/affordability-calculator,can i afford to buy a house calculator,2,0,85.5
google,/affordability-calculator,estimate how much house i can afford,2,0,82.5
google,/affordability-calculator,home afford,2,0,93
google,/affordability-calculator,home price affordability,2,0,58.5
google,/affordability-calculator,house loan affordability calculator,2,0,90
google,/affordability-calculator,house purchase budget,2,0,75.5
google,/affordability-calculator,housing budget calculator,2,0,91.5
google,/affordability-calculator,how big of a mortgage can i afford,2,0,99
google,/affordability-calculator,how big of a mortgage can i afford calculator,2,0,95
google,/affordability-calculator,how expensive of a house can i afford calculator,2,0,85
google,/affordability-calculator,how large of a mortgage can i afford,2,0,97.5
google,/affordability-calculator,how much can house can i afford calculator,2,0,92
google,/affordability-calculator,how much can i afford for a mortgage,2,0,92.5
google,/affordability-calculator,how much home loan can i afford,2,0,99
google,/affordability-calculator,how much house calculator,2,0,94.5
google,/affordability-calculator,how much house can i afford calculator,2,0,90.5
google,/affordability-calculator,how much house can i really afford calculator,2,0,81.5
google,/affordability-calculator,how much house can we afford calculator,2,0,84.5
google,/affordability-calculator,how much house can you afford calculator,2,0,85
google,/affordability-calculator,how much house could i afford calculator,2,0,85
google,/affordability-calculator,how much house could i qualify for,2,0,85
google,/affordability-calculator,how much house do i qualify for,2,0,84.5
google,/affordability-calculator,how much house payment can you afford,2,0,95.5
google,/affordability-calculator,how much mortgage can i afford calculator,2,0,91
google,/affordability-calculator,how much mortgage could i afford,2,0,95
google,/affordability-calculator,how much mortgage i can afford calculator,2,0,84
google,/affordability-calculator,how much mortgage qualify for,2,0,95
google,/affordability-calculator,how to determine how much mortgage you can afford,2,0,89.5
google,/affordability-calculator,mortgage approval estimate calculator,2,0,82
google,/affordability-calculator,mortgage calculator can i afford,2,0,83.5
google,/affordability-calculator,mortgage calculator how much house can i afford,2,0,88
google,/affordability-calculator,mortgage i can afford,2,0,81.5
google,/affordability-calculator,mortgage payment affordability,2,0,66.5
google,/affordability-calculator,mortgage pre approval estimate,2,0,96.5
google,/affordability-calculator,mortgage qualification calculator,2,0,85.5
google,/affordability-calculator,rocket mortgage affordability calculator,2,0,63.5
google,/affordability-calculator,site:www.yourpropertyguide.com.au,2,0,14
google,/affordability-calculator,what can i afford house,2,0,84.5
google,/affordability-calculator,what can i afford on a house,2,0,62
google,/affordability-calculator,what can we afford for a house,2,0,78.5
google,/affordability-calculator,what home mortgage can i afford,2,0,91
google,/affordability-calculator,what house can we afford,2,0,79
google,/affordability-calculator,what housing can i afford,2,0,86
google,/affordability-calculator,what mortgage can we afford,2,0,95
google,/affordability-calculator,what priced home can i afford,2,0,85
google,/affordability-calculator,100k before tax,1,0,4
google,/affordability-calculator,6 lacks,1,0,6
google,/affordability-calculator,affordability example,1,0,82
google,/affordability-calculator,affordable mortgage amount,1,0,88
google,/affordability-calculator,best home affordability calculator,1,0,87
google,/affordability-calculator,best mortgage affordability calculator,1,0,84
google,/affordability-calculator,calculate budget for house,1,0,88
google,/affordability-calculator,calculate how much you can afford on a house,1,0,17
google,/affordability-calculator,calculate pre approved mortgage amount,1,0,93
google,/affordability-calculator,calculating affordable mortgage,1,0,72
google,/affordability-calculator,calculator to determine how much mortgage i can afford,1,0,84
google,/affordability-calculator,calculator to see if i can afford a house,1,0,86
google,/affordability-calculator,can i afford a house calculator,1,0,87
google,/affordability-calculator,can i afford a second home calculator,1,0,79
google,/affordability-calculator,can i afford it calculator,1,0,78
google,/affordability-calculator,can i afford my mortgage calculator,1,0,82
google,/affordability-calculator,can i afford to buy a house on my own,1,0,63
google,/affordability-calculator,can i afford to live on my own calculator,1,0,84
google,/affordability-calculator,can we afford a house,1,0,61
google,/affordability-calculator,can you afford,1,0,69
google,/affordability-calculator,detailed home affordability calculator,1,0,73
google,/affordability-calculator,determine mortgage you can afford,1,0,85
google,/affordability-calculator,determining mortgage affordability,1,0,95
google,/affordability-calculator,estimate how much mortgage i can afford,1,0,88
google,/affordability-calculator,estimate mortgage approval,1,0,83
google,/affordability-calculator,estimate what mortgage i can afford,1,0,84
google,/affordability-calculator,estimated mortgage approval calculator,1,0,80
google,/affordability-calculator,estimating how much house i can afford,1,0,90
google,/affordability-calculator,figure out how much house i can afford,1,0,87
google,/affordability-calculator,figuring out mortgage you can afford,1,0,91
google,/affordability-calculator,find out how much mortgage you can afford,1,0,86
google,/affordability-calculator,help to buy affordability calculator,1,0,84
google,/affordability-calculator,home approval calculator,1,0,83
google,/affordability-calculator,home buying affordability calculator,1,0,72
google,/affordability-calculator,home buying budget,1,0,80
google,/affordability-calculator,home buying budget calculator,1,0,88
google,/affordability-calculator,home buying power,1,0,99
google,/affordability-calculator,home buying power calculator,1,0,93
google,/affordability-calculator,home loan affordability calculator australia,1,0,74
google,/affordability-calculator,home loan how much can i afford,1,0,92
google,/affordability-calculator,home mortgage affordability,1,0,86
google,/affordability-calculator,home mortgage approval calculator,1,0,83
google,/affordability-calculator,home much home can i afford,1,0,90
google,/affordability-calculator,home much home can i afford calculator,1,0,88
google,/affordability-calculator,home much house can i afford,1,0,89
google,/affordability-calculator,home purchase affordability calculator,1,0,73
google,/affordability-calculator,home purchase budget,1,0,87
google,/affordability-calculator,house approval calculator,1,0,83
google,/affordability-calculator,house loan approval calculator,1,0,89
google,/affordability-calculator,house loan how much can i afford,1,0,86
google,/affordability-calculator,house much house can i afford,1,0,88
google,/affordability-calculator,house much house can i afford calculator,1,0,88
google,/affordability-calculator,house price affordability calculator,1,0,85
google,/affordability-calculator,housing income calculator,1,0,72
google,/affordability-calculator,housing to income ratio calculator,1,0,71
google,/affordability-calculator,how big a mortgage can i afford,1,0,100
google,/affordability-calculator,how big mortgage can i get,1,0,85
google,/affordability-calculator,how big of a home loan can i afford,1,0,89
google,/affordability-calculator,how big of a house can i afford,1,0,94
google,/affordability-calculator,how big of a house can i afford calculator,1,0,86
google,/affordability-calculator,how big of a mortgage payment can i afford,1,0,93
google,/affordability-calculator,how can i afford,1,0,70
google,/affordability-calculator,how do i evaluate property affordability?,1,0,1
google,/affordability-calculator,how do i know if i can afford a house,1,0,72
google,/affordability-calculator,how do i know what house i can afford,1,0,79
google,/affordability-calculator,how large of a house can i afford,1,0,90
google,/affordability-calculator,how much a mortgage can i afford,1,0,98
google,/affordability-calculator,how much afford house,1,0,92
google,/affordability-calculator,how much apartment can i afford calculator,1,0,89
google,/affordability-calculator,how much can i,1,0,91
google,/affordability-calculator,how much can i afford calculator,1,0,88
google,/affordability-calculator,how much can i afford for a home calculator,1,0,88
google,/affordability-calculator,how much can i afford for a house,1,0,97
google,/affordability-calculator,how much can i afford house loan,1,0,89
google,/affordability-calculator,how much can i afford mortgage,1,0,91
google,/affordability-calculator,how much can i afford to buy a home,1,0,94
google,/affordability-calculator,how much can i afford to buy a house calculator,1,0,86
google,/affordability-calculator,how much can i get pre approved for calculator,1,0,87
google,/affordability-calculator,how much can i spend on a house calculator,1,0,85
google,/affordability-calculator,how much can we afford calculator,1,0,90
google,/affordability-calculator,how much can we afford mortgage calculator,1,0,96
google,/affordability-calculator,how much can we afford to buy a house,1,0,87
google,/affordability-calculator,how much can you afford,1,0,80
google,/affordability-calculator,how much can you afford calculator,1,0,76
google,/affordability-calculator,how much can you afford mortgage calculator,1,0,80
google,/affordability-calculator,how much can you afford to buy a house,1,0,78
google,/affordability-calculator,how much can you afford to buy a house calculator,1,0,87
google,/affordability-calculator,how much can you spend on a house,1,0,75
google,/affordability-calculator,how much could i get approved for a mortgage,1,0,87
google,/affordability-calculator,how much do you spend on a house,1,0,72
google,/affordability-calculator,how much for a house can i afford,1,0,85
google,/affordability-calculator,how much home,1,0,80
google,/affordability-calculator,how much home can i afford,1,0,86
google,/affordability-calculator,how much home can i buy,1,0,80
google,/affordability-calculator,how much home can i buy calculator,1,0,88
google,/affordability-calculator,how much home do i qualify for,1,0,85
google,/affordability-calculator,how much home do i qualify for calculator,1,0,83
google,/affordability-calculator,how much home mortgage can i afford,1,0,87
google,/affordability-calculator,how much home you can afford,1,0,88
google,/affordability-calculator,how much house can i afford based on my salary,1,0,88
google,/affordability-calculator,how much house can i afford based on net income,1,0,100
google,/affordability-calculator,how much house can i afford rule of thumb,1,0,83
google,/affordability-calculator,how much house can i buy,1,0,81
google,/affordability-calculator,how much house can i buy calculator,1,0,91
google,/affordability-calculator,how much house can i qualify for,1,0,64
google,/affordability-calculator,how much house can i qualify for calculator,1,0,90
google,/affordability-calculator,how much house can i truly afford,1,0,92
google,/affordability-calculator,how much house do i qualify for calculator,1,0,83
google,/affordability-calculator,how much house house can i afford,1,0,89
google,/affordability-calculator,how much house loan can i afford,1,0,86
google,/affordability-calculator,how much house payment can i afford calculator,1,0,82
google,/affordability-calculator,how much i can afford home,1,0,89
google,/affordability-calculator,how much i could borrow,1,0,100
google,/affordability-calculator,how much investment property can i afford,1,0,79
google,/affordability-calculator,how much money will i need to buy a house,1,0,82
google,/affordability-calculator,how much monthly mortgage can i afford,1,0,85
google,/affordability-calculator,how much monthly mortgage payment can i afford,1,0,88
google,/affordability-calculator,how much mortgage can i afford australia,1,0,99
google,/affordability-calculator,how much mortgage can i afford on my salary calculator,1,0,81
google,/affordability-calculator,how much mortgage can i be approved for calculator,1,0,90
google,/affordability-calculator,how much mortgage can i get based on my salary,1,0,98
google,/affordability-calculator,how much mortgage can we afford,1,0,96
google,/affordability-calculator,how much mortgage could i borrow calculator,1,0,99
google,/affordability-calculator,how much mortgage could i get,1,0,95
google,/affordability-calculator,how much mortgage loan can i afford,1,0,78
google,/affordability-calculator,how much mortgage payment can i afford calculator,1,0,92
google,/affordability-calculator,how much much house can i afford,1,0,85
google,/affordability-calculator,how much should you spend on a house,1,0,63
google,/affordability-calculator,how much to spend on a house calculator,1,0,92
google,/affordability-calculator,how much would i get for a mortgage,1,0,74
google,/affordability-calculator,how to calculate how much home you can afford,1,0,90
google,/affordability-calculator,how to calculate how much mortgage you can afford,1,0,89
google,/affordability-calculator,how to calculate what house i can afford,1,0,82
google,/affordability-calculator,how to calculate what mortgage you can afford,1,0,80
google,/affordability-calculator,how to determine how much house i can afford,1,0,87
google,/affordability-calculator,how to figure out a mortgage you can afford,1,0,89
google,/affordability-calculator,how to figure out how much house i can afford,1,0,90
google,/affordability-calculator,how to figure out how much house you can afford,1,0,80
google,/affordability-calculator,how to find out how much house you can afford,1,0,82
google,/affordability-calculator,how to find out what mortgage you can afford,1,0,88
google,/affordability-calculator,how to know how much house i can afford,1,0,82
google,/affordability-calculator,how to know if you can afford a house,1,0,80
google,/affordability-calculator,how.much mortgage can i afford,1,0,89
google,/affordability-calculator,i am not a first home buyer,1,0,2
google,/affordability-calculator,income based mortgage calculator,1,0,90
google,/affordability-calculator,income for mortgage calculator,1,0,82
google,/affordability-calculator,income house calculator,1,0,86
google,/affordability-calculator,income mortgage calculator,1,0,100
google,/affordability-calculator,income vs mortgage calculator,1,0,88
google,/affordability-calculator,mortgage affordability calculator australia,1,0,96
google,/affordability-calculator,mortgage affordability calculator income,1,0,92
google,/affordability-calculator,mortgage affordability calculator with rental income,1,0,81
google,/affordability-calculator,mortgage calculator affordability,1,0,91
google,/affordability-calculator,mortgage calculator how much afford,1,0,89
google,/affordability-calculator,mortgage calculator how much can i afford,1,0,82
google,/affordability-calculator,mortgage calculator how much can you afford,1,0,81
google,/affordability-calculator,mortgage calculator what can i afford,1,0,84
google,/affordability-calculator,mortgage calculators how much can i afford,1,0,95
google,/affordability-calculator,mortgage eligibility calculator,1,0,94
google,/affordability-calculator,mortgage how much afford,1,0,98
google,/affordability-calculator,mortgage how much can i afford,1,0,99
google,/affordability-calculator,mortgage i can afford based on salary,1,0,86
google,/affordability-calculator,mortgage loan affordability calculator,1,0,87
google,/affordability-calculator,mortgage loan calculator affordability,1,0,86
google,/affordability-calculator,mortgage loan calculator how much can i afford,1,0,89
google,/affordability-calculator,mortgage loan how much can i afford,1,0,93
google,/affordability-calculator,mortgage loan income calculator,1,0,98
google,/affordability-calculator,mortgage loan qualify calculator,1,0,80
google,/affordability-calculator,mortgage payment calculator how much can i afford,1,0,97
google,/affordability-calculator,mortgage salary calculator,1,0,87
google,/affordability-calculator,online home affordability calculator,1,0,76
google,/affordability-calculator,online mortgage affordability calculator,1,0,81
google,/affordability-calculator,price of home i can afford,1,0,82
google,/affordability-calculator,price of home i can afford calculator,1,0,82
google,/affordability-calculator,property affordability,1,0,65
google,/affordability-calculator,property affordability calculator,1,0,16
google,/affordability-calculator,property budget calculator,1,0,81
google,/affordability-calculator,real estate affordability calculator,1,0,89
google,/affordability-calculator,rent calculator how much can i afford,1,0,87
google,/affordability-calculator,salary house calculator,1,0,87
google,/affordability-calculator,transaction data affordability assessment,1,0,80
google,/affordability-calculator,what amount of house can i afford,1,0,85
google,/affordability-calculator,what apartment can i afford calculator,1,0,87
google,/affordability-calculator,what can i afford,1,0,86
google,/affordability-calculator,what can i afford based on salary,1,0,87
google,/affordability-calculator,what can i afford calculator,1,0,77
google,/affordability-calculator,what can i afford house calculator,1,0,85
google,/affordability-calculator,what can i afford mortgage loan calculator,1,0,87
google,/affordability-calculator,what can i afford to buy a house calculator,1,0,85
google,/affordability-calculator,what can i afford to buy house,1,0,89
google,/affordability-calculator,what can i qualify for mortgage calculator,1,0,81
google,/affordability-calculator,what can we afford,1,0,80
google,/affordability-calculator,what can we afford mortgage,1,0,89
google,/affordability-calculator,what can we afford mortgage calculator,1,0,88
google,/affordability-calculator,what home loan can i afford,1,0,90
google,/affordability-calculator,what home price can i afford,1,0,100
google,/affordability-calculator,what homes can i afford,1,0,92
google,/affordability-calculator,what house can we afford calculator,1,0,86
google,/affordability-calculator,what house could i afford,1,0,96
google,/affordability-calculator,what house i can afford,1,0,87
google,/affordability-calculator,what house loan can i afford,1,0,90
google,/affordability-calculator,what house payment can i afford calculator,1,0,82
google,/affordability-calculator,what house payment can we afford,1,0,81
google,/affordability-calculator,what houses can i afford,1,0,93
google,/affordability-calculator,what monthly mortgage can i afford,1,0,87
google,/affordability-calculator,what mortgage amount can i afford,1,0,95
google,/affordability-calculator,what mortgage could i afford calculator,1,0,81
google,/affordability-calculator,what price house can i afford calculator,1,0,80
google,/affordability-calculator,what price mortgage can i afford,1,0,89
google,/affordability-calculator,what price range house can i afford,1,0,85
google,/affordability-calculator,what you can afford,1,0,82
google,/affordability-calculator,with 5% deposit,1,0,4
bing,/affordability-calculator,"can you buy a apperment  with 59,137 dollers",3,0,2
bing,/affordability-calculator,"can you buy a room in a apartment with 90,974 dollars",3,0,6
bing,/affordability-calculator,"can you buy a single story house with 59,137 dollars yes or no",2,0,9
bing,/affordability-calculator,"can you buy a apartment with 59,137 dollars",2,0,4
bing,/affordability-calculator,"can you buy a apperment  with 90,974  dollers",2,0,2
bing,/affordability-calculator,"can you buy a room in a aprment with 59,137 dollars",2,0,3
bing,/affordability-calculator,"can you buy a room in a apartment with 59,137 dollars",2,0,6
bing,/affordability-calculator,"can you buy a single story house with 59,137 dollers",2,0,2
bing,/guides/home-loan-pre-approval-australia,pre approval mortgages australia law,1,1,2
bing,/guides/home-loan-pre-approval-australia,how loan can a preapproval last before a loan contract is signed,1,0,6
bing,/guides/home-loan-pre-approval-australia,how long does a pre-approval last on your credit score australia,1,1,1
bing,/guides/home-loan-pre-approval-australia,does not submitting proper documents pre approval loan will make your loan not formally approve?,1,0,4
bing,/guides/home-loan-pre-approval-australia,after one pre approval when is is viewed as acceptable to get another pre-approval in australia,1,0,2
bing,/guides/home-loan-pre-approval-australia,how long must you wait to apply for a second pre-approval option in australia,1,0,3
bing,/guides/home-loan-pre-approval-australia,how to get a pre approval for a home loan australia,1,0,7
bing,/guides/home-loan-pre-approval-australia,mortgage pre approval australia,1,0,8
