query,ourRank,ourUrl,top1,top2,top3,paa
borrowing power calculator,,,www.commbank.com.au,www.nab.com.au,www.anz.com.au,"How much do I need to earn to get a $500,000 loan? | How much do you need to earn for a $700000 mortgage? | How much can I borrow on $150K salary in Australia? | How much home loan can I get on $80,000 salary?"
real estate commission nsw,,,www.realestate.com.au,www.reddit.com,www.openagent.com.au,What percent commission do most real estate agents get? | What is the average real estate commission in Australia? | What percentage do most estate agents charge? | How much does a real estate agent make in NSW?
real estate commission vic,,,www.reddit.com,www.agentselect.com.au,www.realestate.com.au,"What percent commission do most real estate agents get? | How much do real estate agents get paid in Melbourne? | What is the average real estate commission in Australia? | What are the typical fees involved in selling a house in Victoria, Australia?"
real estate commission qld,,,whichrealestateagent.com.au,www.realestate.com.au,www.reddit.com,How to calculate real estate commission in QLD? | What percentage do most realtors charge? | What are the typical solicitor fees for selling a house in Queensland? | How much do real estate agents earn in QLD?
best suburbs in moreton bay region,,,www.reddit.com,ljba.com.au,www.facebook.com,What are the cheapest suburbs in Moreton Bay? | What are the top 5 suburbs in Brisbane? | Is Moreton Bay a good place to live? | Is Moreton Bay a good place to invest?
best suburbs in australia,,,www.australia.com,www.realestate.com.au,www.frasersproperty.com.au,What are the top 10 richest suburbs in Australia? | Where do the happiest Australians live? | What is the dodgiest place in Australia? | What is the nicest part of Australia to live in?
best suburbs brisbane for families,,,www.reddit.com,www.huntergather.com.au,www.realestate.com.au,What are the best suburbs in Brisbane for families with children? | What are the top 10 suburbs to live in Brisbane? | What are the safest suburbs in Brisbane? | Which suburbs in Brisbane will boom in 2026?
renters rights act,,,www.act.gov.au,www.housing.qld.gov.au,www.tenants.org.au,What not to say to your landlord? | What are the 7 permitted grounds to end a tenancy? | What rights do landlords have in Victoria? | What are the rights of a tenant in Queensland?
morayfield property market,,,www.realestate.com.au,www.property.com.au,www.yourinvestmentpropertymag.com.au,Is it good to invest in Morayfield? | What suburbs will boom in 2026 in QLD? | Which suburbs will boom in Brisbane? | What is the current vacancy rate in Morayfield?
bondi median house price,,,www.realestate.com.au,www.property.com.au,www.levypropertygroup.com.au,Is Bondi an expensive suburb? | What is the median price of a house in Bondi? | Is Bondi a good investment? | How expensive is it to live in Bondi?
cronulla median house price,,,www.realestate.com.au,www.domain.com.au,www.yourinvestmentpropertymag.com.au,Is Cronulla an expensive suburb? | Is Cronulla a good investment? | Is Cronulla a good place to live? | What is the most expensive house in Cronulla?
how much is stamp duty wa,,,reiwa.com.au,www.wa.gov.au,apps.osr.wa.gov.au,"How much is stamp duty on a $500,000 property? | How to avoid paying stamp duty in WA? | What is stamp duty on $820,000? | Who is exempt from stamp duty in Western Australia?"
first home buyer guide nsw,,,www.nsw.gov.au,www.ljhooker.com.au,moneysmart.gov.au,"What are the rules for first home buyers in NSW? | How much of a deposit do I need for a $500,000 house? | Who is eligible for the $10,000 First home Owner grant in NSW? | How much income do you need to buy a $500,000 house in Australia?"
south lake suburb profile,,,www.realestate.com.au,reiwa.com.au,www.property.com.au,What are the no-go zones in Perth? | Which suburbs will boom in 2026 in Perth? | Which suburbs will boom in 2026 in NSW? | What are the top 10 suburbs in Perth?
rental report brisbane,,,www.cotality.com,www.jensenproperty.com.au,www.domain.com.au,What is the 30% rental rule? | How much can rent legally increase in QLD? | Can my landlord increase my rent by 33%? | What is the current situation with the rental crisis in Brisbane?
canberra suburbs median property prices,,,www.realestate.com.au,propertyupdate.com.au,broker.loanmarket.com.au,Which suburb in Canberra is the cheapest to buy a house? | Are Canberra house prices falling? | What is the nicest suburb of Canberra? | What are the best suburbs to buy in Canberra?
negative gearing australia,,,treasury.gov.au,www.commbank.com.au,budget.gov.au,Is there still negative gearing in Australia? | Is negative gearing actually worth it? | Is Australia the only country with negative gearing? | Will there be any changes to negative gearing in 2026?
how to sell a house australia,,,www.nsw.gov.au,www.amp.com.au,reiwa.com.au,What is the hardest month to sell a house? | How much tax do you pay when selling a house in Australia? | What not to do before you sell your house? | What is the smartest way to sell a house?
morayfield postcode,8,https://www.yourpropertyguide.com.au/suburbs/morayfield-qld-4506,auspost.com.au,findpostcode.com.au,en.wikipedia.org,Is Morayfield a suburb of Brisbane? | What suburb is 4506? | Is Caboolture in Morayfield? | How far is Morayfield from Brisbane CBD?
toorak postcode,9,https://www.yourpropertyguide.com.au/suburbs/toorak-vic-3142,auspost.com.au,www.inthesuburbs.com.au,en.wikipedia.org,
surfers paradise postcode,8,https://www.yourpropertyguide.com.au/suburbs/surfers-paradise-qld-4217,auspost.com.au,addressfinder.com,en.wikipedia.org,
2170 postcode,,,auspost.com.au,addressfinder.com,www.infotrack.com.au,"What suburb is postcode 2170? | What are the suburbs of Liverpool, NSW? | What is the smallest postcode in Australia? | What is the postcode for Casula, Australia?"
badagarang postcode,3,https://www.yourpropertyguide.com.au/suburbs/badagarang-nsw-2540,auspost.com.au,www.yourpropertyguide.com.au,www.domain.com.au,"Where is Badagarang, NSW? | Where is postcode 2289? | Are all Australian postcodes 4 digits? | What postcode is 4000 in Australia?"
highest growth suburbs wa,,,www.apimagazine.com.au,satterley.com.au,reiwa.com.au,Which suburbs will boom in 2026 in Perth? | What is the dodgiest suburb in Perth? | What are the top 5 suburbs to live in Perth? | What are the best suburbs to invest in Perth?
buying property in australia,,,www.ato.gov.au,www.taxesforexpats.com,www.realestate.com.au,"What is the 200 day rule in Australia? | Is it worth buying a property in Australia? | How much income do you need to buy a $500,000 house in Australia? | What is the 2% rule for investment property?"
stamp duty calculator wa,,,www.wa.gov.au,reiwa.com.au,www.transport.wa.gov.au,"How much stamp duty do I pay in WA? | How much is stamp duty on a $1,000,000 house? | How to avoid paying stamp duty in WA? | What is the calculation for stamp duty?"
suburb profile,,,www.realestate.com.au,www.domain.com.au,www.realestate.com.au,
best suburbs in perth,,,keystms.com.au,www.reddit.com,www.stryve.com.au,"What suburbs to stay away from in Perth? | What is the richest suburb in Perth, WA? | What are the top 20 suburbs in Perth by crime rate? | Which suburbs will boom in 2026 in Perth?"
real estate commission tas,,,whichrealestateagent.com.au,www.openagent.com.au,ablis.business.gov.au,What percent commission do most real estate agents get? | How much is stamp duty on a property in Tasmania? | What is the real estate commission amount? | What is the most common complaint filed against realtors?
real estate commission wa,,,www.openagent.com.au,www.realestate.com.au,whichrealestateagent.com.au,What percentage do most real estate brokers charge? | What is the real estate commission in WA? | How do I calculate real estate commissions in Western Australia? | How much money do real estate agents make in WA?
toorak median house price,,,www.realestate.com.au,www.property.com.au,www.theage.com.au,"Why is Toorak so expensive? | Which suburb in Melbourne has the highest median house price? | What is the average cost of a house in Toorak, Victoria? | Is Toorak the most expensive suburb?"
renters rights nsw,,,www.tenants.org.au,www.nsw.gov.au,www.nsw.gov.au,What not to say to your landlord? | What are the 7 permitted grounds to end a tenancy? | What are the key changes to rental laws in NSW in 2026? | What is the 30% rental rule?
morayfield house prices,,,www.realestate.com.au,www.property.com.au,www.realestate.com.au,"Is Morayfield a good investment? | Is Morayfield, QLD a good suburb? | What suburbs will boom in 2026 in QLD? | What is the current trend of house prices in Brisbane?"
real estate commission sa,,,www.openagent.com.au,whichrealestateagent.com.au,www.realestate.com.au,How much does a real estate agent earn in Adelaide? | What is the average real estate commission in Australia? | What fees do you pay when buying a house in South Australia? | What is the commission for most real estate agents?
real estate commission act,,,whichrealestateagent.com.au,legislation.nsw.gov.au,www.accesscanberra.act.gov.au,What is the most common complaint filed against realtors? | What does the Estate Agents Act do? | What is the lowest commission a realtor will take? | Can you give me an example of a conflict of interest in real estate?
real estate commission nt,,,nt.gov.au,www.openagent.com.au,www.irec.com.au,How to work out commission on real estate? | What is the commission for most real estate agents? | What percentage do most estate agents charge? | What is the most common complaint filed against realtors?
cost of selling a house nsw,,,www.westpac.com.au,www.openagent.com.au,www.realestate.com.au,"What tax do you pay when you sell a house in NSW? | What is the hardest month to sell a house? | What are the typical solicitor fees for selling a house in New South Wales, Australia? | Can I sell my property to my son for $1 in NSW?"
cost of selling a house qld,,,www.openagent.com.au,www.realestate.com.au,www.anz.com.au,How much is stamp duty in QLD when selling a house? | What are the typical solicitor fees for selling a house in Queensland? | What is the hardest month to sell a house? | What fees are there when you sell a house?
rental yield calculator,,,www.ing.com.au,www.calculatestuff.com,www.ianritchie.com.au,Is 4.5% rental yield good? | What does a 7% rental yield mean? | What is a good rental yield in Australia? | Is 3% rental yield bad?
what is a good rental yield australia,,,www.westpac.com.au,www.smartpropertyinvestment.com.au,www.commbank.com.au,Is 4.5% a good rental yield? | What is the 30% rental rule? | Is 3% rental yield bad? | What is the 2% rule for investment property?
