suggestion,theme
can i use help to buy and first home scheme together,Compared with other schemes
can i use help to buy and lisa,Head terms (help to buy scheme)
can i use help to buy as deposit,"Eligibility, income and price caps"
can i use help to buy on a second hand home,"New, existing, off the plan, building"
can you use help to buy and first home scheme together,Compared with other schemes
can you use help to buy and lisa together,Compared with other schemes
can you use help to buy on affordable housing,"New, existing, off the plan, building"
can you use help to buy on second hand properties,"New, existing, off the plan, building"
eligibility for help to buy,"Eligibility, income and price caps"
help to buy,Head terms (help to buy scheme)
help to buy and affordable housing,"New, existing, off the plan, building"
help to buy and first home scheme,Compared with other schemes
help to buy and first home scheme calculator,Calculators
help to buy and lisa,Head terms (help to buy scheme)
help to buy aus gov,Head terms (help to buy scheme)
help to buy aus reddit,"Is it worth it: pros, cons, risks"
help to buy australia,Head terms (help to buy scheme)
help to buy australia 2025,"Apply, lenders, places and dates"
help to buy australia bank,"Apply, lenders, places and dates"
help to buy australia reddit,"Is it worth it: pros, cons, risks"
help to buy australia scheme,Head terms (help to buy scheme)
help to buy australian government,Head terms (help to buy scheme)
help to buy calculator,Calculators
help to buy calculator after 5 years,Calculators
help to buy calculator gov,Calculators
help to buy calculator interest,Calculators
help to buy calculator repayment,Calculators
help to buy for first time buyers,"Eligibility, income and price caps"
help to buy for over 50s,"Eligibility, income and price caps"
help to buy for renters,"Eligibility, income and price caps"
help to buy for second hand homes,"New, existing, off the plan, building"
help to buy for second time buyers,"Eligibility, income and price caps"
help to buy for single parents,"Eligibility, income and price caps"
help to buy form,"Apply, lenders, places and dates"
help to buy if partner owns property,"Eligibility, income and price caps"
help to buy income,"Eligibility, income and price caps"
help to buy income cap,"Eligibility, income and price caps"
help to buy income cap increase,"Repaying, selling and life events"
help to buy income eligibility,"Eligibility, income and price caps"
help to buy income increase,"Repaying, selling and life events"
help to buy income limit,"Eligibility, income and price caps"
help to buy income tax,"Eligibility, income and price caps"
help to buy income test,"Eligibility, income and price caps"
help to buy or first home scheme,Compared with other schemes
help to buy or lisa,Compared with other schemes
help to buy or shared ownership,Compared with other schemes
help to buy scheme,Head terms (help to buy scheme)
help to buy scheme 2,Head terms (help to buy scheme)
help to buy scheme 5 years,"Repaying, selling and life events"
help to buy scheme act,State and city
help to buy scheme after 5 years,"Repaying, selling and life events"
help to buy scheme and stamp duty,Compared with other schemes
help to buy scheme application,"Apply, lenders, places and dates"
help to buy scheme application form,"Apply, lenders, places and dates"
help to buy scheme approval time,"Apply, lenders, places and dates"
help to buy scheme australia,Head terms (help to buy scheme)
help to buy scheme australia 2025,"Apply, lenders, places and dates"
help to buy scheme australia calculator,Calculators
help to buy scheme australia eligibility,"Eligibility, income and price caps"
help to buy scheme australia how to apply,"Apply, lenders, places and dates"
help to buy scheme australia permanent resident,"Eligibility, income and price caps"
help to buy scheme australia pros and cons,"Is it worth it: pros, cons, risks"
help to buy scheme australia reddit,"Is it worth it: pros, cons, risks"
help to buy scheme australia when does it start,"Apply, lenders, places and dates"
help to buy scheme australian government,Head terms (help to buy scheme)
help to buy scheme bad,"Is it worth it: pros, cons, risks"
help to buy scheme bad credit,"Is it worth it: pros, cons, risks"
help to buy scheme bank australia,"Apply, lenders, places and dates"
help to buy scheme banks,"Apply, lenders, places and dates"
help to buy scheme bendigo bank,"Apply, lenders, places and dates"
help to buy scheme broker,"Apply, lenders, places and dates"
help to buy scheme budget 2027,"Apply, lenders, places and dates"
help to buy scheme building,"New, existing, off the plan, building"
help to buy scheme buy back,"Repaying, selling and life events"
help to buy scheme calculator,Calculators
help to buy scheme can you refinance,"Repaying, selling and life events"
help to buy scheme can you rent out,"Repaying, selling and life events"
help to buy scheme cap,"Eligibility, income and price caps"
help to buy scheme changes,"Apply, lenders, places and dates"
help to buy scheme commbank,"Apply, lenders, places and dates"
help to buy scheme commonwealth,"Apply, lenders, places and dates"
help to buy scheme conditions,"Eligibility, income and price caps"
help to buy scheme contact,"Apply, lenders, places and dates"
help to buy scheme contact number,"Apply, lenders, places and dates"
help to buy scheme criteria,"Eligibility, income and price caps"
help to buy scheme customer guide,What it is and how it works
help to buy scheme date,"Apply, lenders, places and dates"
help to buy scheme deadline,"Apply, lenders, places and dates"
help to buy scheme deposit,"Eligibility, income and price caps"
help to buy scheme details,What it is and how it works
help to buy scheme disadvantages,"Is it worth it: pros, cons, risks"
help to buy scheme divorce,"Repaying, selling and life events"
help to buy scheme do you pay it back,"Repaying, selling and life events"
help to buy scheme documents,"Apply, lenders, places and dates"
help to buy scheme eligibility,"Eligibility, income and price caps"
help to buy scheme eligibility calculator,Calculators
help to buy scheme eligibility criteria,"Eligibility, income and price caps"
help to buy scheme end date,"Apply, lenders, places and dates"
help to buy scheme ending,"Apply, lenders, places and dates"
help to buy scheme equity loan,Head terms (help to buy scheme)
help to buy scheme example,What it is and how it works
help to buy scheme expiry,"Apply, lenders, places and dates"
help to buy scheme explained,What it is and how it works
help to buy scheme fact sheet,What it is and how it works
help to buy scheme faq,What it is and how it works
help to buy scheme federal government,Head terms (help to buy scheme)
help to buy scheme final approval,"Apply, lenders, places and dates"
help to buy scheme first home buyers,Head terms (help to buy scheme)
help to buy scheme for first time buyers,"Eligibility, income and price caps"
help to buy scheme for second hand homes,"New, existing, off the plan, building"
help to buy scheme for single parents,"Eligibility, income and price caps"
help to buy scheme form,"Apply, lenders, places and dates"
help to buy scheme general terms,What it is and how it works
help to buy scheme good or bad,Compared with other schemes
help to buy scheme gov,Head terms (help to buy scheme)
help to buy scheme government,Head terms (help to buy scheme)
help to buy scheme government contribution,Head terms (help to buy scheme)
help to buy scheme government review,"Is it worth it: pros, cons, risks"
help to buy scheme guide,What it is and how it works
help to buy scheme home improvements,"Repaying, selling and life events"
help to buy scheme houses,"New, existing, off the plan, building"
help to buy scheme houses for sale,"New, existing, off the plan, building"
help to buy scheme housing australia,"Apply, lenders, places and dates"
help to buy scheme how does it work,What it is and how it works
help to buy scheme how long does it take,"Apply, lenders, places and dates"
help to buy scheme how long will it last,"Apply, lenders, places and dates"
help to buy scheme how many spots left,"Apply, lenders, places and dates"
help to buy scheme how to apply,"Apply, lenders, places and dates"
help to buy scheme how to pay back,"Repaying, selling and life events"
help to buy scheme in victoria,State and city
help to buy scheme income,"Eligibility, income and price caps"
help to buy scheme income cap,"Eligibility, income and price caps"
help to buy scheme income increase,"Repaying, selling and life events"
help to buy scheme income limit,"Eligibility, income and price caps"
help to buy scheme interest after 5 years,"Repaying, selling and life events"
help to buy scheme interest rates,"Repaying, selling and life events"
help to buy scheme is it worth it,"Is it worth it: pros, cons, risks"
help to buy scheme joint application,"Apply, lenders, places and dates"
help to buy scheme july 2023,Head terms (help to buy scheme)
help to buy scheme july 2024,Head terms (help to buy scheme)
help to buy scheme land,"New, existing, off the plan, building"
help to buy scheme legislation,"Apply, lenders, places and dates"
help to buy scheme lenders,"Apply, lenders, places and dates"
help to buy scheme limits,"Eligibility, income and price caps"
help to buy scheme loan,Head terms (help to buy scheme)
help to buy scheme login,"Apply, lenders, places and dates"
help to buy scheme max house price,"Eligibility, income and price caps"
help to buy scheme maximum amount,"Eligibility, income and price caps"
help to buy scheme melbourne,State and city
help to buy scheme modular home,"New, existing, off the plan, building"
help to buy scheme mortgage,"Eligibility, income and price caps"
help to buy scheme mortgage broker,"Apply, lenders, places and dates"
help to buy scheme nab,"Apply, lenders, places and dates"
help to buy scheme new build,"New, existing, off the plan, building"
help to buy scheme new home,"New, existing, off the plan, building"
help to buy scheme news,"Apply, lenders, places and dates"
help to buy scheme nsw,State and city
help to buy scheme nsw application,"Apply, lenders, places and dates"
help to buy scheme nsw calculator,Calculators
help to buy scheme nsw eligibility,"Eligibility, income and price caps"
help to buy scheme nt,State and city
help to buy scheme nz citizens,"Eligibility, income and price caps"
help to buy scheme october 2025,"Apply, lenders, places and dates"
help to buy scheme off the plan,"New, existing, off the plan, building"
help to buy scheme old,Head terms (help to buy scheme)
help to buy scheme old house,"New, existing, off the plan, building"
help to buy scheme on benefits,"Eligibility, income and price caps"
help to buy scheme on new builds,"New, existing, off the plan, building"
help to buy scheme on second hand homes,"New, existing, off the plan, building"
help to buy scheme only for new builds,"New, existing, off the plan, building"
help to buy scheme over 50,"Eligibility, income and price caps"
help to buy scheme participating banks,"Apply, lenders, places and dates"
help to buy scheme participating lenders,"Apply, lenders, places and dates"
help to buy scheme passed,"Apply, lenders, places and dates"
help to buy scheme pay back,"Repaying, selling and life events"
help to buy scheme pdf,Head terms (help to buy scheme)
help to buy scheme permanent resident,"Eligibility, income and price caps"
help to buy scheme phone number,"Apply, lenders, places and dates"
help to buy scheme postcode search,"Eligibility, income and price caps"
help to buy scheme price cap,"Eligibility, income and price caps"
help to buy scheme property price cap,"Eligibility, income and price caps"
help to buy scheme pros and cons,"Is it worth it: pros, cons, risks"
help to buy scheme qld,State and city
help to buy scheme qld 2025,"Apply, lenders, places and dates"
help to buy scheme qld 2025 eligibility,"Apply, lenders, places and dates"
help to buy scheme qld 2026,"Apply, lenders, places and dates"
help to buy scheme qld application,"Apply, lenders, places and dates"
help to buy scheme qld calculator,Calculators
help to buy scheme qld eligibility,"Eligibility, income and price caps"
help to buy scheme qld reddit,"Is it worth it: pros, cons, risks"
help to buy scheme qualification,"Eligibility, income and price caps"
help to buy scheme quota,"Apply, lenders, places and dates"
help to buy scheme reddit,"Is it worth it: pros, cons, risks"
help to buy scheme reddit australia,"Is it worth it: pros, cons, risks"
help to buy scheme renovations,"Repaying, selling and life events"
help to buy scheme renting out,"Repaying, selling and life events"
help to buy scheme repayment,"Repaying, selling and life events"
help to buy scheme repayment calculator,Calculators
help to buy scheme requirements,"Eligibility, income and price caps"
help to buy scheme retained savings,"Repaying, selling and life events"
help to buy scheme reviews,"Is it worth it: pros, cons, risks"
help to buy scheme rules,"Eligibility, income and price caps"
help to buy scheme sa,State and city
help to buy scheme sa eligibility,"Eligibility, income and price caps"
help to buy scheme salary limit,"Eligibility, income and price caps"
help to buy scheme settlement period,"Apply, lenders, places and dates"
help to buy scheme single parent,"Eligibility, income and price caps"
help to buy scheme single person,"Eligibility, income and price caps"
help to buy scheme spots left,"Apply, lenders, places and dates"
help to buy scheme stamp duty,Compared with other schemes
help to buy scheme start,"Apply, lenders, places and dates"
help to buy scheme still available,"Apply, lenders, places and dates"
help to buy scheme summary,What it is and how it works
help to buy scheme sydney,State and city
help to buy scheme tasmania,State and city
help to buy scheme tasmania eligibility,"Eligibility, income and price caps"
help to buy scheme teachers,Head terms (help to buy scheme)
help to buy scheme terms,What it is and how it works
help to buy scheme terms and conditions,"Eligibility, income and price caps"
help to buy scheme threshold,"Eligibility, income and price caps"
help to buy scheme timeline,"Apply, lenders, places and dates"
help to buy scheme transfer of equity,"Repaying, selling and life events"
help to buy scheme update,"Apply, lenders, places and dates"
help to buy scheme valuation,"Repaying, selling and life events"
help to buy scheme value review,"Repaying, selling and life events"
help to buy scheme victoria,State and city
help to buy scheme victoria 2026,"Apply, lenders, places and dates"
help to buy scheme victoria calculator,Calculators
help to buy scheme victoria eligibility,"Eligibility, income and price caps"
help to buy scheme victoria reddit,"Is it worth it: pros, cons, risks"
help to buy scheme vs first home scheme,Compared with other schemes
help to buy scheme wa,State and city
help to buy scheme wa eligibility,"Eligibility, income and price caps"
help to buy scheme western australia,State and city
help to buy scheme westpac,"Apply, lenders, places and dates"
help to buy scheme what happens when you sell,"Repaying, selling and life events"
help to buy scheme what is it,What it is and how it works
help to buy scheme when did it start,"Apply, lenders, places and dates"
help to buy scheme when you sell,"Repaying, selling and life events"
help to buy scheme which banks,"Apply, lenders, places and dates"
help to buy scheme who is eligible,"Eligibility, income and price caps"
help to buy scheme worth it,"Is it worth it: pros, cons, risks"
help to buy shared equity scheme,What it is and how it works
help to buy vs boost to buy,Compared with other schemes
help to buy vs first home scheme,Compared with other schemes
help to buy vs first time buyers,Compared with other schemes
help to buy vs lisa,Compared with other schemes
help to buy vs shared ownership,Compared with other schemes
help to buy when selling,"Repaying, selling and life events"
help to buy when selling house,"Repaying, selling and life events"
help to buy with bad credit,"Is it worth it: pros, cons, risks"
help to buy with first home scheme,Compared with other schemes
help to buy with shared ownership,Compared with other schemes
help to buy withdrawal,"Repaying, selling and life events"
help to buy withdrawal penalty,"Repaying, selling and life events"
how does help to buy interest work,"Repaying, selling and life events"
how does help to buy repayment work,"Repaying, selling and life events"
how does help to buy scheme work,What it is and how it works
how does help to buy work,What it is and how it works
how does help to buy work when selling,"Repaying, selling and life events"
how does help to buy work when you sell your house,"Repaying, selling and life events"
how does the government help to buy scheme work,What it is and how it works
how does the help to buy scheme,What it is and how it works
how does the help to buy scheme work,What it is and how it works
how does the help to buy scheme work for first time buyers,"Eligibility, income and price caps"
how does the help to buy scheme work in australia,What it is and how it works
how long does the help to buy scheme last,"Apply, lenders, places and dates"
how to apply for help to buy scheme,"Apply, lenders, places and dates"
is help to buy for first time buyers,"Eligibility, income and price caps"
is help to buy only for new builds,"New, existing, off the plan, building"
is help to buy scheme good,"Is it worth it: pros, cons, risks"
is help to buy scheme still available,"Apply, lenders, places and dates"
is help to buy scheme worth it,"Is it worth it: pros, cons, risks"
is help to buy still available,"Apply, lenders, places and dates"
is help to buy worth it,"Is it worth it: pros, cons, risks"
is the government help to buy scheme worth it,"Is it worth it: pros, cons, risks"
joint help to buy scheme,"Eligibility, income and price caps"
shared equity,What it is and how it works
shared equity help to buy scheme,What it is and how it works
shared equity home buyer helper nsw,State shared equity schemes
shared equity home loan,What it is and how it works
shared equity loan,What it is and how it works
shared equity scheme,What it is and how it works
shared equity scheme 2026,"Apply, lenders, places and dates"
shared equity scheme australia,What it is and how it works
shared equity scheme eligibility,"Eligibility, income and price caps"
shared equity scheme first home buyer,What it is and how it works
shared equity scheme help to buy,What it is and how it works
shared equity scheme nsw,State shared equity schemes
shared equity scheme qld,State shared equity schemes
shared equity scheme victoria,State shared equity schemes
shared equity scheme wa,State shared equity schemes
what happens when help to buy ends,"Apply, lenders, places and dates"
what help to buy,What it is and how it works
what is the help to buy scheme in australia,What it is and how it works
what&#39;s help to buy scheme,What it is and how it works
when did help to buy end,"Apply, lenders, places and dates"
when do help to buy isas expire,"Apply, lenders, places and dates"
when does help to buy end,"Apply, lenders, places and dates"
when does help to buy scheme end,"Apply, lenders, places and dates"
who helps to buy a home,Head terms (help to buy scheme)
who is eligible for help to buy scheme,"Eligibility, income and price caps"
who is eligible for the help to buy scheme australia 2023,"Eligibility, income and price caps"
who is eligible for the help to buy scheme in australia,"Eligibility, income and price caps"
who is help to buy,"Eligibility, income and price caps"
