report,item,citations,citation_share,note
site total,all pages,65000,,Bing Webmaster AI Performance (Microsoft Copilots and Partners); 6 Jul to 4 Oct 2026; Bing labels the data a sample
page,/guides/bridging-loans-guide,4000,,1st most-cited page
page,/guides/how-much-is-my-house-worth-australia,3600,,2nd
page,/guides/help-to-buy-scheme-australia,3400,,3rd; Google lists it as crawled - currently not indexed
page,/guides/how-much-deposit-to-buy-a-house,2200,,
page,/property-market/sydney,1800,,
page,/guides/buying-property-australia,1600,,
page,/guides/real-estate-agent-fees-australia,1500,,
page,/guides/lenders-mortgage-insurance-guide,1500,,
page,/guides/home-loan-pre-approval-australia,1500,,
page,/guides/property-management-fees-australia,1400,,
page,/guides/first-home-buyer-guide,1200,,
page,/guides/foreign-buyer-firb-guide,1100,,
help-to-buy guide grounding query,help to buy scheme,1800,12.28%,
help-to-buy guide grounding query,help to buy scheme 2026,665,15.64%,
help-to-buy guide grounding query,help to buy,300,7.65%,
help-to-buy guide grounding query,help to buy scheme australia,216,11.97%,
help-to-buy guide grounding query,shared equity scheme,129,12.65%,
help-to-buy guide grounding query,government shared equity scheme,75,19.08%,
help-to-buy guide grounding query,federal government shared equity scheme,30,18.75%,
help-to-buy guide grounding query,housing australia help to buy,21,9.17%,
help-to-buy guide grounding query,commonwealth help to buy scheme,16,15.38%,
help-to-buy guide grounding query,government help to buy scheme australia,12,16.00%,
help-to-buy guide grounding query,help to buy shceme,10,17.24%,
help-to-buy guide grounding query,help to buy shared equity scheme,5,22.73%,
bridging guide grounding query,bridging loan,1800,15.90%,
bridging guide grounding query,short term bridging loans australia,318,29.23%,
bridging guide grounding query,bridge loan australia,240,32.52%,
bridging guide grounding query,bridging finance,233,16.98%,
bridging guide grounding query,bridge loan definition and how it works,193,9.54%,
bridging guide grounding query,bridging loans for house purchase,88,21.36%,
bridging guide grounding query,what is a bridging loan,84,31.58%,
bridging guide grounding query,bridging loans for residential property,66,24.35%,
bridging guide grounding query,short-term bridging loans from banks,56,25.45%,
bridging guide grounding query,bridging finance Australia,52,33.77%,
bridging guide grounding query,nab bridging loan,32,14.22%,
bridging guide grounding query,st george bridging loan,10,,
bridging guide grounding query,typical bridging loan interest rates,6,,
bridging guide grounding query,bridging loans for 2 years,5,,
