source,question,theme,serps_showing_it_of_16,seen_on
google people also ask,What does it mean if the government owns 30% of your house?,What it is and how it works,7,help to buy eligibility; help to buy existing homes; help to buy income limit; help to buy price cap; help to buy scheme; help to buy scheme australia; shared equity scheme australia
google people also ask,How much deposit do I need for a $700000 house?,"Eligibility, income and price caps",7,help to buy eligibility; help to buy existing homes; help to buy income limit; help to buy nsw; help to buy selling your home; how does help to buy work; how to apply for help to buy
google people also ask,How much do you need to earn for a $700000 mortgage?,"Eligibility, income and price caps",6,help to buy eligibility; help to buy income limit; help to buy lenders; help to buy scheme australia; help to buy vs 5% deposit scheme; how does help to buy work
google people also ask,"How much income do you need to buy a $500,000 house in Australia?","Eligibility, income and price caps",6,help to buy eligibility; help to buy income limit; help to buy lenders; help to buy nsw; help to buy price cap; how to apply for help to buy
google people also ask,What are the downsides of the Help to Buy scheme?,"Is it worth it: pros, cons, risks",5,help to buy eligibility; help to buy nsw; help to buy scheme; help to buy scheme australia; how does help to buy work
google people also ask,How much income do you need to buy a $650 000 house in Australia?,"Eligibility, income and price caps",5,help to buy existing homes; help to buy nsw; help to buy price cap; help to buy scheme; how to apply for help to buy
google people also ask,"How much will I need to repay monthly on a $1,000,000 mortgage?","Repaying, selling and life events",5,help to buy income limit; help to buy lenders; help to buy scheme australia; help to buy vs 5% deposit scheme; how to apply for help to buy
google people also ask,Can my parents give me money to buy a house in Australia?,Head terms (help to buy scheme),3,help to buy eligibility; help to buy income limit; shared equity scheme australia
google people also ask,"Can I buy a house with a $20,000 deposit?","Eligibility, income and price caps",3,help to buy income limit; help to buy lenders; how to apply for help to buy
google people also ask,What are the downsides of the help to buy scheme?,"Is it worth it: pros, cons, risks",3,help to buy existing homes; help to buy price cap; how to apply for help to buy
google people also ask,"How much deposit do I need for a $500,000 house?","Eligibility, income and price caps",3,help to buy existing homes; how does help to buy work; how to apply for help to buy
google people also ask,How much deposit do I need for an $800000 house?,"Eligibility, income and price caps",2,help to buy lenders; help to buy scheme
google people also ask,What is the hardest month to sell a house?,"Repaying, selling and life events",2,help to buy nsw; help to buy scheme
google people also ask,What is a 5% deposit on a $600000 house?,Compared with other schemes,2,help to buy scheme australia; help to buy vs 5% deposit scheme
google people also ask,"Can I buy a house with $20,000 deposit?","Eligibility, income and price caps",2,help to buy eligibility; help to buy scheme australia
google people also ask,Who is eligible to apply for the Bank Australia Help to Buy Scheme?,"Apply, lenders, places and dates",2,help to buy selling your home; how to apply for help to buy
google people also ask,Can I sell my house to my son for $1 dollar in Australia?,"Repaying, selling and life events",2,help to buy disadvantages; help to buy existing homes
google people also ask,What is the Help to Buy scheme in Australia?,What it is and how it works,1,help to buy scheme
google people also ask,What benefits do you get for being a first time buyer?,"Eligibility, income and price caps",1,help to buy scheme
google people also ask,What benefits does a first home buyer get?,"Eligibility, income and price caps",1,help to buy scheme
google people also ask,What is the best mortgage for a first-time buyer?,"Eligibility, income and price caps",1,help to buy scheme
google people also ask,Which banks are doing the Help to Buy scheme?,"Apply, lenders, places and dates",1,help to buy scheme australia
google people also ask,Can a 47 year old get a 25 year mortgage?,"Eligibility, income and price caps",1,help to buy scheme australia
google people also ask,"How much would I pay per month for a $700,000 mortgage for 30 years?","Eligibility, income and price caps",1,help to buy scheme australia
google people also ask,Who is eligible for the Help to Buy scheme in Australia?,"Eligibility, income and price caps",1,help to buy eligibility
google people also ask,Which banks are doing the help to buy scheme?,"Apply, lenders, places and dates",1,help to buy eligibility
google people also ask,What is the maximum you can put in a Help to Buy?,"Eligibility, income and price caps",1,help to buy income limit
google people also ask,"Is $400,000 enough to build a house?",Head terms (help to buy scheme),1,help to buy income limit
google people also ask,How much of a deposit do you need for a $700000 house?,"Eligibility, income and price caps",1,help to buy price cap
google people also ask,"Is $200,000 a good salary in Sydney?","Is it worth it: pros, cons, risks",1,help to buy price cap
google people also ask,"What percentage of Australians earn $100,000?","Eligibility, income and price caps",1,help to buy price cap
google people also ask,"What jobs pay $150,000 a year in Australia?",What it is and how it works,1,help to buy price cap
google people also ask,How rare is a 100k salary?,"Eligibility, income and price caps",1,help to buy price cap
google people also ask,How long does it take to pay off Help to Buy?,"Apply, lenders, places and dates",1,how does help to buy work
google people also ask,"Is $40,000 enough for a house deposit?","Eligibility, income and price caps",1,how does help to buy work
google people also ask,"Can I buy a house with $100,000 deposit?","Eligibility, income and price caps",1,how does help to buy work
google people also ask,Can I get a mortgage with no deposit?,"Eligibility, income and price caps",1,how does help to buy work
google people also ask,"How much do I need to earn to borrow $500,000?","Eligibility, income and price caps",1,how does help to buy work
google people also ask,Which lenders do help to buy schemes?,"Apply, lenders, places and dates",1,help to buy lenders
google people also ask,"What is the minimum deposit required for a $1,000,000 house?","Eligibility, income and price caps",1,help to buy lenders
google people also ask,Is it cheaper to build or buy a house in Australia?,Compared with other schemes,1,help to buy lenders
google people also ask,"How much will I pay in repayments on an $800,000 mortgage?","Repaying, selling and life events",1,help to buy lenders
google people also ask,What are the downsides to the 5% deposit scheme?,Compared with other schemes,1,help to buy vs 5% deposit scheme
google people also ask,What is the 5% deposit scheme in Australia and who is eligible for it?,Compared with other schemes,1,help to buy vs 5% deposit scheme
google people also ask,Is help to buy scheme a good idea?,"Is it worth it: pros, cons, risks",1,help to buy vs 5% deposit scheme
google people also ask,At what age do Australians typically pay off their mortgage?,"Eligibility, income and price caps",1,help to buy vs 5% deposit scheme
google people also ask,"How much would I need to repay for a mortgage on $800,000 in Australia?","Repaying, selling and life events",1,help to buy vs 5% deposit scheme
google people also ask,What is the average mortgage for a 45-year-old in Australia?,"Eligibility, income and price caps",1,help to buy vs 5% deposit scheme
google people also ask,How can I buy a house with low income in Australia?,"Eligibility, income and price caps",1,help to buy selling your home
google people also ask,What is the Shared Equity Scheme in Western Australia?,State and city,1,help to buy selling your home
google people also ask,"Can I buy a house with $10,000 deposit in Australia?","Eligibility, income and price caps",1,help to buy selling your home
google people also ask,"How much of a down payment do I need for a $300,000 house?",Head terms (help to buy scheme),1,help to buy selling your home
google people also ask,How to pay off a 300k mortgage in 5 years?,"Repaying, selling and life events",1,help to buy selling your home
google people also ask,What is the best time to buy a home?,What it is and how it works,1,help to buy selling your home
google people also ask,What is the minimum down payment on an 800k house?,What it is and how it works,1,help to buy selling your home
google people also ask,Is the shared equity scheme a good idea?,"Is it worth it: pros, cons, risks",1,shared equity scheme australia
google people also ask,Is shared equity still available?,"Apply, lenders, places and dates",1,shared equity scheme australia
google people also ask,What is a shared equity scheme and how does it work?,What it is and how it works,1,shared equity scheme australia
google people also ask,How to get out of the shared equity scheme?,What it is and how it works,1,shared equity scheme australia
google people also ask,How much can I borrow with shared equity?,What it is and how it works,1,shared equity scheme australia
google people also ask,"How much does a $100,000 home equity loan cost per month?",Head terms (help to buy scheme),1,shared equity scheme australia
google people also ask,What is the downside of a home equity loan?,"Is it worth it: pros, cons, risks",1,shared equity scheme australia
google people also ask,Is it better to buy a house with cash or with a mortgage?,Compared with other schemes,1,help to buy disadvantages
google people also ask,What is the biggest disadvantage of real estate?,"Is it worth it: pros, cons, risks",1,help to buy disadvantages
google people also ask,What are the advantages and disadvantages of buying?,"Is it worth it: pros, cons, risks",1,help to buy disadvantages
google people also ask,What are the negatives of tenants in common?,What it is and how it works,1,help to buy disadvantages
google people also ask,Is it better to be joint tenants or tenants in common?,Compared with other schemes,1,help to buy disadvantages
google people also ask,What is the tax treatment of tenants in common?,What it is and how it works,1,help to buy disadvantages
google people also ask,What happens to tenants in common when one of them dies?,"Repaying, selling and life events",1,help to buy disadvantages
google people also ask,Can I change from tenants in common to joint tenants?,"Eligibility, income and price caps",1,help to buy disadvantages
google people also ask,"Is $200,000 AUD a good salary?","Is it worth it: pros, cons, risks",1,how to apply for help to buy
google people also ask,Who is eligible for the Help to Buy Scheme in Australia?,"Eligibility, income and price caps",1,help to buy nsw
google people also ask,What are the biggest red flags to avoid when buying a house?,"Apply, lenders, places and dates",1,help to buy nsw
google people also ask,What devalues a house the most?,What it is and how it works,1,help to buy nsw
google people also ask,What is the biggest red flag in a home inspection?,What it is and how it works,1,help to buy nsw
google people also ask,Can Centrelink help with buying a house?,Head terms (help to buy scheme),1,help to buy existing homes
google people also ask,How can I use my house equity to help my child buy a house?,Head terms (help to buy scheme),1,help to buy existing homes
google people also ask,Is 50 a good age to pay off a mortgage?,"Is it worth it: pros, cons, risks",1,help to buy existing homes
google autocomplete (AU),can i use help to buy and first home scheme together,Compared with other schemes,,
google autocomplete (AU),can i use help to buy and lisa,Head terms (help to buy scheme),,
google autocomplete (AU),can i use help to buy as deposit,"Eligibility, income and price caps",,
google autocomplete (AU),can i use help to buy on a second hand home,"New, existing, off the plan, building",,
google autocomplete (AU),can you use help to buy and first home scheme together,Compared with other schemes,,
google autocomplete (AU),can you use help to buy and lisa together,Compared with other schemes,,
google autocomplete (AU),can you use help to buy on affordable housing,"New, existing, off the plan, building",,
google autocomplete (AU),can you use help to buy on second hand properties,"New, existing, off the plan, building",,
google autocomplete (AU),how does help to buy interest work,"Repaying, selling and life events",,
google autocomplete (AU),how does help to buy repayment work,"Repaying, selling and life events",,
google autocomplete (AU),how does help to buy scheme work,What it is and how it works,,
google autocomplete (AU),how does help to buy work,What it is and how it works,,
google autocomplete (AU),how does help to buy work when selling,"Repaying, selling and life events",,
google autocomplete (AU),how does help to buy work when you sell your house,"Repaying, selling and life events",,
google autocomplete (AU),how does the government help to buy scheme work,What it is and how it works,,
google autocomplete (AU),how does the help to buy scheme,What it is and how it works,,
google autocomplete (AU),how does the help to buy scheme work,What it is and how it works,,
google autocomplete (AU),how does the help to buy scheme work for first time buyers,"Eligibility, income and price caps",,
google autocomplete (AU),how does the help to buy scheme work in australia,What it is and how it works,,
google autocomplete (AU),how long does the help to buy scheme last,"Apply, lenders, places and dates",,
google autocomplete (AU),how to apply for help to buy scheme,"Apply, lenders, places and dates",,
google autocomplete (AU),is help to buy for first time buyers,"Eligibility, income and price caps",,
google autocomplete (AU),is help to buy only for new builds,"New, existing, off the plan, building",,
google autocomplete (AU),is help to buy scheme good,"Is it worth it: pros, cons, risks",,
google autocomplete (AU),is help to buy scheme still available,"Apply, lenders, places and dates",,
google autocomplete (AU),is help to buy scheme worth it,"Is it worth it: pros, cons, risks",,
google autocomplete (AU),is help to buy still available,"Apply, lenders, places and dates",,
google autocomplete (AU),is help to buy worth it,"Is it worth it: pros, cons, risks",,
google autocomplete (AU),is the government help to buy scheme worth it,"Is it worth it: pros, cons, risks",,
google autocomplete (AU),what happens when help to buy ends,"Apply, lenders, places and dates",,
google autocomplete (AU),what help to buy,What it is and how it works,,
google autocomplete (AU),what is the help to buy scheme in australia,What it is and how it works,,
google autocomplete (AU),what&#39;s help to buy scheme,What it is and how it works,,
google autocomplete (AU),when did help to buy end,"Apply, lenders, places and dates",,
google autocomplete (AU),when do help to buy isas expire,"Apply, lenders, places and dates",,
google autocomplete (AU),when does help to buy end,"Apply, lenders, places and dates",,
google autocomplete (AU),when does help to buy scheme end,"Apply, lenders, places and dates",,
google autocomplete (AU),who helps to buy a home,Head terms (help to buy scheme),,
google autocomplete (AU),who is eligible for help to buy scheme,"Eligibility, income and price caps",,
google autocomplete (AU),who is eligible for the help to buy scheme australia 2023,"Eligibility, income and price caps",,
google autocomplete (AU),who is eligible for the help to buy scheme in australia,"Eligibility, income and price caps",,
google autocomplete (AU),who is help to buy,"Eligibility, income and price caps",,
