slug,state,statsSource,annualGrowthHouse,medianHousePrice
biddon-nsw-2827,NSW,rental-nsw,4612.1,2827240
turill-nsw-2850,NSW,rental-nsw,1220,825000
dirty-creek-nsw-2456,NSW,rental-nsw,1019.2,727500
chullora-nsw-2190,NSW,sales-abs,1009.2,1350000
blighty-nsw-2713,NSW,rental-nsw,1007.7,3600000
bumbaldry-nsw-2794,NSW,rental-nsw,858.3,1150000
leadville-nsw-2844,NSW,rental-nsw,695.5,875000
tullibigeal-nsw-2669,NSW,rental-nsw,675.9,1125000
foxground-nsw-2534,NSW,rental-nsw,597,2300000
appletree-flat-nsw-2330,NSW,rental-nsw,591.7,415000
breeza-nsw-2381,NSW,rental-nsw,545.8,387500
liston-nsw-2372,NSW,rental-nsw,522.6,1650000
llangothlin-nsw-2365,NSW,rental-nsw,477.2,3160000
trunkey-creek-nsw-2795,NSW,rental-nsw,452.6,525000
bagnoo-nsw-2446,NSW,rental-nsw,405.3,955000
martindale-nsw-2328,NSW,rental-nsw,379.4,1582000
collie-nsw-2827,NSW,rental-nsw,354.5,375000
bribbaree-nsw-2594,NSW,rental-nsw,341.7,265000
oakhampton-nsw-2320,NSW,rental-nsw,319.9,4650000
brays-creek-nsw-2484,NSW,rental-nsw,303.8,1615000
marlow-nsw-2775,NSW,rental-nsw,287.1,720000
peats-ridge-nsw-2250,NSW,rental-nsw,262.9,7984247
pindimar-nsw-2324,NSW,rental-nsw,260,900000
boree-creek-nsw-2652,NSW,rental-nsw,256.3,375000
bowden-sa-5007,SA,sales-sa,248,1455000
myola-nsw-2540,NSW,rental-nsw,246.5,1802000
glen-davis-nsw-2846,NSW,rental-nsw,246.4,727500
kiora-nsw-2537,NSW,rental-nsw,243.4,1425000
valery-nsw-2454,NSW,rental-nsw,240.2,3300000
bottle-creek-nsw-2469,NSW,rental-nsw,240,850000
arndell-park-nsw-2148,NSW,rental-nsw,237.3,9460000
carrs-creek-nsw-2460,NSW,rental-nsw,235.2,1500000
bukkulla-nsw-2360,NSW,rental-nsw,233.3,1050000
bannaby-nsw-2580,NSW,rental-nsw,228.9,2000000
gumly-gumly-nsw-2652,NSW,rental-nsw,226.3,1550000
bobin-nsw-2429,NSW,rental-nsw,220.9,800000
yarrawa-nsw-2328,NSW,rental-nsw,220,1600000
blakebrook-nsw-2480,NSW,rental-nsw,219.5,1115000
mongarlowe-nsw-2622,NSW,rental-nsw,215.2,1300000
stannum-nsw-2371,NSW,rental-nsw,213.2,595000
lower-portland-nsw-2756,NSW,rental-nsw,210,1550000
wattamondara-nsw-2794,NSW,rental-nsw,204.4,685000
premer-nsw-2381,NSW,rental-nsw,200,180000
erina-heights-nsw-2260,NSW,rental-nsw,194.7,2800000
meryla-nsw-2577,NSW,rental-nsw,189.8,1420000
kingsvale-nsw-2587,NSW,rental-nsw,189.5,1650000
bundabah-nsw-2324,NSW,rental-nsw,188.3,922500
kunama-nsw-2730,NSW,rental-nsw,186.9,900000
watsons-bay-nsw-2030,NSW,rental-nsw,183.3,8350000
nullamanna-nsw-2360,NSW,rental-nsw,182.9,580000
koreelah-nsw-2476,NSW,rental-nsw,182.7,1470000
carool-nsw-2486,NSW,rental-nsw,171.9,2175000
palmdale-nsw-2258,NSW,rental-nsw,171.7,3125000
south-arm-nsw-2449,NSW,rental-nsw,169.8,2104400
marom-creek-nsw-2480,NSW,rental-nsw,168.4,620000
springfield-sa-5062,SA,sales-sa,168.3,6572500
castle-doyle-nsw-2350,NSW,rental-nsw,166.7,2400000
lower-southgate-nsw-2460,NSW,rental-nsw,163.6,2300000
merrygoen-nsw-2831,NSW,rental-nsw,157.5,412000
burwood-heights-nsw-2136,NSW,rental-nsw,156.6,2055000
hampton-nsw-2790,NSW,rental-nsw,156.4,1410000
mount-george-nsw-2424,NSW,rental-nsw,152.6,732500
burra-nsw-2653,NSW,rental-nsw,152.2,1450000
darbys-falls-nsw-2793,NSW,rental-nsw,152,630000
breakfast-creek-nsw-2849,NSW,rental-nsw,150.8,2000000
milbrodale-nsw-2330,NSW,rental-nsw,150,3000000
boomi-nsw-2405,NSW,rental-nsw,150,250000
fordwich-nsw-2330,NSW,rental-nsw,146.6,8138000
anambah-nsw-2320,NSW,rental-nsw,145.8,848000
booral-nsw-2425,NSW,rental-nsw,145,735000
tinderry-nsw-2620,NSW,rental-nsw,143.8,1725000
austral-eden-nsw-2440,NSW,rental-nsw,143.6,1340000
tilba-tilba-nsw-2546,NSW,rental-nsw,140.4,6250000
towrang-nsw-2580,NSW,rental-nsw,138,1220000
swan-bay-nsw-2324,NSW,rental-nsw,137.5,1520000
pinkett-nsw-2370,NSW,rental-nsw,135.6,4100000
seelands-nsw-2460,NSW,rental-nsw,128.6,1200000
hillgrove-nsw-2350,NSW,rental-nsw,126.7,255000
gilberton-sa-5081,SA,rental-sa,125.6,477000
gilgai-nsw-2360,NSW,rental-nsw,124.1,670000
munni-nsw-2420,NSW,rental-nsw,123.8,940000
countegany-nsw-2630,NSW,rental-nsw,123.7,850000
woodville-sa-5011,SA,rental-sa,120,381000
alberton-sa-5014,SA,sales-sa,118.2,1615000
wisemans-ferry-nsw-2775,NSW,rental-nsw,117.4,1000000
bungwahl-nsw-2423,NSW,rental-nsw,117.1,950000
tullera-nsw-2480,NSW,rental-nsw,115.6,1455000
yarras-nsw-2795,NSW,rental-nsw,113.9,2075000
huntley-nsw-2530,NSW,rental-nsw,113.3,1011000
woodville-nsw-2321,NSW,rental-nsw,113.3,1600000
shannon-vale-nsw-2370,NSW,rental-nsw,112.4,1200000
williamtown-nsw-2318,NSW,rental-nsw,112,722500
wallaroo-nsw-2618,NSW,rental-nsw,109.2,4300000
eagleton-nsw-2324,NSW,rental-nsw,108.8,1670000
monteagle-nsw-2594,NSW,rental-nsw,106.9,300000
brierfield-nsw-2454,NSW,rental-nsw,106.3,1650000
nulkaba-nsw-2325,NSW,rental-nsw,105.9,1050000
wilcannia-nsw-2836,NSW,rental-nsw,105.4,190000
willow-tree-nsw-2339,NSW,rental-nsw,104.5,225000
commissioners-creek-nsw-2484,NSW,rental-nsw,102.6,1550000
coolagolite-nsw-2550,NSW,rental-nsw,101.9,1817500
delegate-nsw-2633,NSW,rental-nsw,101.4,352500
newrybar-nsw-2479,NSW,rental-nsw,101.2,8197145
armatree-nsw-2828,NSW,rental-nsw,100,180000
mogo-nsw-2850,NSW,rental-nsw,100,300000
garah-nsw-2405,NSW,rental-nsw,-99.3,133500
crowdy-head-nsw-2427,NSW,rental-nsw,98,1980000
whiporie-nsw-2469,NSW,rental-nsw,98,594000
hyndmans-creek-nsw-2446,NSW,rental-nsw,97.5,800000
glen-oak-nsw-2320,NSW,rental-nsw,97.1,1380000
shark-creek-nsw-2463,NSW,rental-nsw,96.9,1250000
manton-nsw-2582,NSW,rental-nsw,-95.8,75000
bunyah-nsw-2429,NSW,rental-nsw,95.7,1150000
dundee-nsw-2370,NSW,rental-nsw,95.7,450000
frazers-creek-nsw-2446,NSW,rental-nsw,94.6,1150000
terry-hie-hie-nsw-2400,NSW,rental-nsw,-94,110000
woolbrook-nsw-2354,NSW,rental-nsw,93.1,492500
fawcetts-plain-nsw-2474,NSW,rental-nsw,92.6,1690000
curra-creek-nsw-2820,NSW,rental-nsw,92.5,770000
bungawalbin-nsw-2469,NSW,rental-nsw,92.4,827500
rainbow-reach-nsw-2440,NSW,rental-nsw,92.3,1250000
collingullie-nsw-2650,NSW,rental-nsw,-92,60000
stepney-sa-5069,SA,sales-sa,91.9,1650000
tomingley-nsw-2869,NSW,rental-nsw,91.3,1100000
tyringham-nsw-2453,NSW,rental-nsw,-91.1,120000
euabalong-nsw-2877,NSW,rental-nsw,90.5,300000
khancoban-nsw-2642,NSW,rental-nsw,90.2,319000
trentham-cliffs-nsw-2738,NSW,rental-nsw,-89.5,70000
chakola-nsw-2630,NSW,rental-nsw,-89,103000
sutton-forest-nsw-2577,NSW,rental-nsw,88.3,1700000
kent-town-sa-5067,SA,sales-sa,87.9,3100000
kangy-angy-nsw-2258,NSW,rental-nsw,87.6,1510000
round-swamp-nsw-2846,NSW,rental-nsw,-87.1,265000
nashua-nsw-2479,NSW,rental-nsw,86.9,2500000
st-albans-nsw-2775,NSW,rental-nsw,86.9,925000
eumungerie-nsw-2831,NSW,rental-nsw,-86.6,112500
angus-nsw-2765,NSW,rental-nsw,-85.2,200000
glenunga-sa-5064,SA,sales-sa,85.1,2447500
bilgola-nsw-2107,NSW,rental-nsw,-84.6,215000
st-georges-sa-5064,SA,sales-sa,83.9,2850000
wyanbene-nsw-2622,NSW,rental-nsw,83.5,780000
winton-nsw-2344,NSW,rental-nsw,82.8,1700000
ewingar-nsw-2469,NSW,rental-nsw,82.7,950000
brunkerville-nsw-2323,NSW,rental-nsw,-82.3,300000
everard-park-sa-5035,SA,sales-sa,82.1,1821250
upper-fine-flower-nsw-2460,NSW,rental-nsw,-81.4,155000
cookamidgera-nsw-2870,NSW,rental-nsw,-81.2,120000
alison-nsw-2420,NSW,rental-nsw,-80.8,340000
duranbah-nsw-2487,NSW,rental-nsw,80.5,2400000
heatherbrae-nsw-2324,NSW,rental-nsw,-80.3,680000
numinbah-nsw-2484,NSW,rental-nsw,-80.2,1110000
the-whiteman-nsw-2460,NSW,rental-nsw,-80,250000
bective-nsw-2340,NSW,rental-nsw,-79.4,710000
kalang-nsw-2454,NSW,rental-nsw,-79.3,190000
jerrong-nsw-2580,NSW,rental-nsw,79,470000
cobargo-nsw-2550,NSW,rental-nsw,78.9,635000
mullengandra-nsw-2644,NSW,rental-nsw,78.8,697500
thebarton-sa-5031,SA,sales-sa,78,1495000
birriwa-nsw-2844,NSW,rental-nsw,77.8,160000
georges-plains-nsw-2795,NSW,rental-nsw,-77.8,350000
orchard-hills-nsw-2748,NSW,rental-nsw,-77.6,3130000
great-mackerel-beach-nsw-2108,NSW,rental-nsw,77.5,2875000
paynes-crossing-nsw-2325,NSW,rental-nsw,-77.2,615000
frogs-hollow-nsw-2550,NSW,rental-nsw,77.1,1275000
runnyford-nsw-2536,NSW,rental-nsw,-77,575000
napoleon-reef-nsw-2795,NSW,rental-nsw,76.7,1015000
greenleigh-nsw-2620,NSW,rental-nsw,76.6,1275000
leconfield-nsw-2335,NSW,rental-nsw,-76.3,333000
grattai-nsw-2850,NSW,rental-nsw,76.3,820000
bibbenluke-nsw-2632,NSW,rental-nsw,-75.9,740000
wooyung-nsw-2483,NSW,rental-nsw,-75.8,1200000
moonan-flat-nsw-2337,NSW,rental-nsw,-75.6,100000
carcalgong-nsw-2850,NSW,rental-nsw,75.5,865000
euchareena-nsw-2866,NSW,rental-nsw,-75.4,97000
budgong-nsw-2577,NSW,rental-nsw,-75.2,375000
bundarra-nsw-2359,NSW,rental-nsw,75.1,327500
walgett-nsw-2832,NSW,rental-nsw,75,350000
guerilla-bay-nsw-2536,NSW,rental-nsw,75,1400000
matong-nsw-2652,NSW,rental-nsw,75,210000
st-fillans-nsw-2850,NSW,rental-nsw,74.9,1535000
mogilla-nsw-2550,NSW,rental-nsw,-73.6,350000
hillville-nsw-2430,NSW,rental-nsw,72.8,1270000
rock-valley-nsw-2480,NSW,rental-nsw,-72.7,750000
new-italy-nsw-2472,NSW,rental-nsw,-72.7,270000
goobarragandra-nsw-2720,NSW,rental-nsw,-72.1,600000
luskintyre-nsw-2321,NSW,rental-nsw,-72,550000
green-forest-nsw-2471,NSW,rental-nsw,-71.9,160000
blandford-nsw-2338,NSW,rental-nsw,-71.6,125000
kingfisher-shores-nsw-2259,NSW,rental-nsw,71.5,1080500
weethalle-nsw-2669,NSW,rental-nsw,71.4,300000
kentucky-nsw-2354,NSW,rental-nsw,71.4,780000
sheedys-gully-nsw-2790,NSW,rental-nsw,71.3,1130000
tullamore-nsw-2874,NSW,rental-nsw,71.1,290000
peelwood-nsw-2583,NSW,rental-nsw,-71.1,182000
macquarie-links-nsw-2565,NSW,rental-nsw,71,1590000
argents-hill-nsw-2449,NSW,rental-nsw,71,825000
edith-nsw-2787,NSW,rental-nsw,-71,420000
the-ridgeway-nsw-2620,NSW,rental-nsw,-70.7,550000
chambigne-nsw-2460,NSW,rental-nsw,-70.5,189000
mylneford-nsw-2460,NSW,rental-nsw,70.4,1150000
rocky-glen-nsw-2357,NSW,rental-nsw,70.3,272500
coaldale-nsw-2460,NSW,rental-nsw,70,935000
tantawangalo-nsw-2550,NSW,rental-nsw,69.9,1300000
araluen-nsw-2622,NSW,rental-nsw,69.6,950000
budgee-budgee-nsw-2850,NSW,rental-nsw,69.2,1100000
dooralong-nsw-2259,NSW,rental-nsw,69.2,3900000
broadwater-nsw-2549,NSW,rental-nsw,-69.1,300000
glenugie-nsw-2460,NSW,rental-nsw,68.9,825000
warri-nsw-2622,NSW,rental-nsw,-68.7,368334
mount-russell-nsw-2360,NSW,rental-nsw,-68.7,165000
mount-vincent-nsw-2323,NSW,rental-nsw,-68.1,550000
east-kangaloon-nsw-2576,NSW,rental-nsw,67.9,2350000
bretti-nsw-2422,NSW,rental-nsw,-67.5,400000
bigga-nsw-2583,NSW,rental-nsw,-67.3,170000
repentance-creek-nsw-2480,NSW,rental-nsw,-67.1,345000
menindee-nsw-2879,NSW,rental-nsw,66.7,240000
chillingham-nsw-2484,NSW,rental-nsw,66.7,950000
saddleback-mountain-nsw-2533,NSW,rental-nsw,-66.6,1568750
dinoga-nsw-2404,NSW,rental-nsw,66.5,258000
billinudgel-nsw-2483,NSW,rental-nsw,-66.2,1300000
cedar-creek-nsw-2325,NSW,rental-nsw,-66.2,260000
hanging-rock-nsw-2340,NSW,rental-nsw,66.1,465000
monaltrie-nsw-2480,NSW,rental-nsw,66,780000
carcoar-nsw-2791,NSW,rental-nsw,-66,240000
bendick-murrell-nsw-2803,NSW,rental-nsw,-66,169000
baradine-nsw-2396,NSW,rental-nsw,65.6,265000
bedgerabong-nsw-2871,NSW,rental-nsw,-65.6,320000
lerida-nsw-2581,NSW,rental-nsw,-65.5,583334
central-macdonald-nsw-2775,NSW,rental-nsw,65.5,1820000
moore-creek-nsw-2340,NSW,rental-nsw,-65.3,306500
tomago-nsw-2322,NSW,rental-nsw,65.2,2065000
curraweela-nsw-2580,NSW,rental-nsw,64.8,1100000
nymboida-nsw-2460,NSW,rental-nsw,64.8,680000
bolong-nsw-2540,NSW,rental-nsw,64.7,1400000
lower-acacia-creek-nsw-2476,NSW,rental-nsw,-64.6,140000
lynchs-creek-nsw-2474,NSW,rental-nsw,64.6,1350000
ilford-nsw-2850,NSW,rental-nsw,-64.5,375000
grevillia-nsw-2474,NSW,rental-nsw,64.4,600000
mungindi-nsw-2406,NSW,rental-nsw,64.3,230000
baan-baa-nsw-2390,NSW,rental-nsw,64.3,230000
nelligen-nsw-2536,NSW,rental-nsw,64.3,805000
blue-knob-nsw-2480,NSW,rental-nsw,-64,212500
burcher-nsw-2671,NSW,rental-nsw,-63.8,210000
gundy-nsw-2337,NSW,rental-nsw,63.6,530000
wagstaffe-nsw-2257,NSW,rental-nsw,-63.6,1300000
boxers-creek-nsw-2580,NSW,rental-nsw,-63.6,400000
putty-nsw-2330,NSW,rental-nsw,63.5,1210000
kelvin-nsw-2380,NSW,rental-nsw,63.3,1200000
golspie-nsw-2580,NSW,rental-nsw,-63.3,550000
bocoble-nsw-2850,NSW,rental-nsw,63.2,832500
black-range-nsw-2550,NSW,rental-nsw,62.8,985000
the-pocket-nsw-2483,NSW,rental-nsw,62.5,1950000
wyong-creek-nsw-2259,NSW,rental-nsw,62.3,2800000
legume-nsw-2476,NSW,rental-nsw,-62.3,200000
upper-kangaroo-river-nsw-2577,NSW,rental-nsw,-62.1,1250000
stuart-town-nsw-2820,NSW,rental-nsw,-62.1,120000
yellow-pinch-nsw-2548,NSW,rental-nsw,61.9,1250000
rosewood-nsw-2652,NSW,rental-nsw,-61.8,275000
old-junee-nsw-2652,NSW,rental-nsw,-61.5,541250
gulargambone-nsw-2828,NSW,rental-nsw,61.5,210000
smiths-creek-nsw-2484,NSW,rental-nsw,61.5,1950000
billimari-nsw-2804,NSW,rental-nsw,-61.4,85000
cheero-point-nsw-2083,NSW,rental-nsw,61.3,1000000
ingleside-nsw-2101,NSW,rental-nsw,61.2,5650000
the-junction-nsw-2291,NSW,rental-nsw,61.1,1885000
kremnos-nsw-2460,NSW,rental-nsw,61.1,579975
akolele-nsw-2546,NSW,rental-nsw,-61,750000
dover-heights-nsw-2030,NSW,sales-abs,60.7,4700000
yarrie-lake-nsw-2388,NSW,rental-nsw,-60.7,340000
banksmeadow-nsw-2019,NSW,sales-abs,-60.6,429000
cumborah-nsw-2832,NSW,rental-nsw,60,160000
elong-elong-nsw-2831,NSW,rental-nsw,59.8,465000
charlotte-bay-nsw-2428,NSW,rental-nsw,-59.7,730000
chilcotts-grass-nsw-2480,NSW,rental-nsw,59.6,1265000
coleambally-nsw-2707,NSW,rental-nsw,59.5,462500
wombeyan-caves-nsw-2580,NSW,rental-nsw,59.1,740000
lockhart-nsw-2656,NSW,rental-nsw,59,397500
evandale-sa-5069,SA,rental-sa,59,479000
fishermans-bay-nsw-2316,NSW,rental-nsw,58.9,1510000
womboota-nsw-2731,NSW,rental-nsw,-58.8,388750
theresa-park-nsw-2570,NSW,rental-nsw,58.6,3750000
oxford-falls-nsw-2100,NSW,rental-nsw,-58.4,2725500
stanbridge-nsw-2705,NSW,rental-nsw,-58.3,250000
pyramul-nsw-2850,NSW,rental-nsw,-58.3,199000
woodhill-nsw-2535,NSW,rental-nsw,-58.1,1350000
lower-pappinbarra-nsw-2446,NSW,rental-nsw,57.5,897500
mckees-hill-nsw-2480,NSW,rental-nsw,57.5,1575000
mcdougalls-hill-nsw-2330,NSW,rental-nsw,-57.4,385000
tarana-nsw-2787,NSW,rental-nsw,57.1,890000
dalwood-nsw-2477,NSW,rental-nsw,-57.1,1180000
eungai-rail-nsw-2441,NSW,rental-nsw,-57.1,460000
mount-wilson-nsw-2786,NSW,rental-nsw,57,1550000
yarras-nsw-2446,NSW,rental-nsw,-57,1000000
borenore-nsw-2800,NSW,rental-nsw,-57,1109000
highgate-sa-5063,SA,sales-sa,56.9,2600000
eungella-nsw-2484,NSW,rental-nsw,56.6,1801000
clarence-nsw-2790,NSW,rental-nsw,56.5,1080000
wingen-nsw-2337,NSW,rental-nsw,-56.4,550000
leycester-nsw-2480,NSW,rental-nsw,-56.4,515000
redbournberry-nsw-2330,NSW,rental-nsw,56.3,1250000
ballimore-nsw-2830,NSW,rental-nsw,56.3,625000
manar-nsw-2622,NSW,rental-nsw,-55.5,1180000
howes-valley-nsw-2330,NSW,rental-nsw,-55.4,475000
ulamambri-nsw-2357,NSW,rental-nsw,-55.3,220000
tregeagle-nsw-2480,NSW,rental-nsw,55.2,1800000
mcleods-shoot-nsw-2479,NSW,rental-nsw,-55.1,3368750
kangaloon-nsw-2576,NSW,rental-nsw,-55,1980000
mount-osmond-sa-5064,SA,sales-sa,54.8,2100000
lower-mangrove-nsw-2250,NSW,rental-nsw,54.7,1470000
boomerang-beach-nsw-2428,NSW,rental-nsw,54.5,845000
graman-nsw-2360,NSW,rental-nsw,-54.4,200500
wombat-nsw-2587,NSW,rental-nsw,-54.4,670000
morton-nsw-2538,NSW,rental-nsw,54.2,1850000
bielsdown-hills-nsw-2453,NSW,rental-nsw,-54.1,1675000
nerriga-nsw-2622,NSW,rental-nsw,-53.9,645000
fullerton-nsw-2583,NSW,rental-nsw,53.8,507500
bobs-farm-nsw-2316,NSW,rental-nsw,-53.7,500000
wayville-sa-5034,SA,sales-sa,-53.7,1430000
fosterton-nsw-2420,NSW,rental-nsw,53.6,1475000
rugby-nsw-2583,NSW,rental-nsw,-53.4,340000
ruby-creek-nsw-4380,NSW,rental-nsw,53.3,705000
main-creek-nsw-2420,NSW,rental-nsw,-53.1,460000
cope-nsw-2852,NSW,rental-nsw,53.1,1175000
little-forest-nsw-2538,NSW,rental-nsw,-53,1245000
metz-nsw-2350,NSW,rental-nsw,-53,850000
bowman-nsw-2422,NSW,rental-nsw,-52.8,685000
hampden-hall-nsw-2440,NSW,rental-nsw,-52.8,557500
bellangry-nsw-2446,NSW,rental-nsw,52.7,840000
duckenfield-nsw-2321,NSW,rental-nsw,-52.7,833500
potato-point-nsw-2545,NSW,rental-nsw,-52.5,875000
east-wagga-wagga-nsw-2650,NSW,rental-nsw,52.1,593270
lenswood-sa-5240,SA,sales-sa,-52,536000
brucedale-nsw-2650,NSW,rental-nsw,51.9,1902000
roughit-nsw-2330,NSW,rental-nsw,-51.9,650000
eastern-creek-nsw-2766,NSW,rental-nsw,51.8,1275000
salisbury-nsw-2420,NSW,rental-nsw,-51.7,435000
stirling-sa-5152,SA,sales-sa,51.5,1592500
drake-village-nsw-2469,NSW,rental-nsw,51.3,287500
coalcliff-nsw-2508,NSW,rental-nsw,-51.3,1387500
limpinwood-nsw-2484,NSW,rental-nsw,-51.1,1375000
girilambone-nsw-2831,NSW,rental-nsw,50.8,135000
hurlstone-park-nsw-2193,NSW,rental-nsw,50.8,1825000
rydal-nsw-2790,NSW,rental-nsw,-50.7,764000
port-willunga-sa-5173,SA,sales-sa,50.6,1175000
clybucca-nsw-2440,NSW,rental-nsw,50.5,805000
bingie-nsw-2537,NSW,rental-nsw,-50.4,700000
bonshaw-nsw-2361,NSW,rental-nsw,50,270000
lankeys-creek-nsw-2644,NSW,rental-nsw,-50,500000
rowlands-creek-nsw-2484,NSW,rental-nsw,50,1575000
glendon-brook-nsw-2330,NSW,rental-nsw,50,1365000
cunjurong-point-nsw-2539,NSW,rental-nsw,-50,415000
mount-arthur-nsw-2820,NSW,rental-nsw,50,675000
hilldale-nsw-2420,NSW,rental-nsw,-49.6,610000
gelston-park-nsw-2650,NSW,rental-nsw,49.6,1250000
mogendoura-nsw-2537,NSW,rental-nsw,49.4,2200000
frog-rock-nsw-2850,NSW,rental-nsw,49.4,1165000
palmers-oaky-nsw-2795,NSW,rental-nsw,49.4,635000
torryburn-nsw-2421,NSW,rental-nsw,-49.2,1500000
frewville-sa-5063,SA,sales-sa,49.2,2480000
daysdale-nsw-2646,NSW,rental-nsw,-49.2,155000
kings-plains-nsw-2799,NSW,rental-nsw,-48.9,475000
currawang-nsw-2580,NSW,rental-nsw,-48.9,597500
duri-nsw-2344,NSW,rental-nsw,48.6,780000
hargraves-nsw-2850,NSW,rental-nsw,-48.3,310000
karangi-nsw-2450,NSW,rental-nsw,-48.3,990000
mandemar-nsw-2575,NSW,rental-nsw,48.2,4225000
angledale-nsw-2550,NSW,rental-nsw,48.2,1045000
nelsons-plains-nsw-2324,NSW,rental-nsw,-48.1,1350000
medindie-sa-5081,SA,sales-sa,-48,2005000
cheltenham-sa-5014,SA,sales-sa,48,1125000
cudgen-nsw-2487,NSW,rental-nsw,47.8,1101070
emu-swamp-nsw-2800,NSW,rental-nsw,-47.8,1435000
murringo-nsw-2586,NSW,rental-nsw,47.6,690000
hay-south-nsw-2711,NSW,rental-nsw,47.6,187500
camden-park-sa-5038,SA,sales-sa,47.6,1225000
stannifer-nsw-2369,NSW,rental-nsw,-47.5,210000
charbon-nsw-2848,NSW,rental-nsw,-47.5,73500
seal-rocks-nsw-2423,NSW,rental-nsw,-47.4,2000000
taylors-arm-nsw-2447,NSW,rental-nsw,47.1,890000
yarramalong-nsw-2259,NSW,rental-nsw,47,1470000
tennyson-nsw-2754,NSW,rental-nsw,-47,1390000
tingha-nsw-2369,NSW,rental-nsw,46.7,220000
clarendon-sa-5157,SA,sales-sa,-46.7,880000
mumbil-nsw-2820,NSW,rental-nsw,46.7,220000
quambone-nsw-2831,NSW,rental-nsw,46.5,157500
hamilton-east-nsw-2303,NSW,rental-nsw,46.4,1900000
glendon-nsw-2330,NSW,rental-nsw,-46.4,600000
burrell-creek-nsw-2429,NSW,rental-nsw,46.4,1025000
ettrick-nsw-2474,NSW,rental-nsw,-46.3,365000
greenwich-nsw-2065,NSW,rental-nsw,46.3,1375000
cassilis-nsw-2329,NSW,rental-nsw,-46.3,188000
howards-grass-nsw-2480,NSW,rental-nsw,46.2,862500
lucknow-nsw-2800,NSW,rental-nsw,46.1,657500
euroka-nsw-2440,NSW,rental-nsw,46,1420000
wyrallah-nsw-2480,NSW,rental-nsw,-45.9,730000
jerrawa-nsw-2582,NSW,rental-nsw,-45.9,638500
capertee-nsw-2846,NSW,rental-nsw,45.8,481000
glenthorne-nsw-2430,NSW,rental-nsw,-45.7,590000
balala-nsw-2358,NSW,rental-nsw,45.6,830000
kirkham-nsw-2570,NSW,rental-nsw,45.6,2927500
cooyal-nsw-2850,NSW,rental-nsw,-45.5,600000
dundurrabin-nsw-2453,NSW,rental-nsw,-45.5,212500
strathfield-south-nsw-2136,NSW,sales-abs,-45.5,2225000
gawler-south-sa-5118,SA,sales-sa,45.4,982500
wyneden-nsw-2474,NSW,rental-nsw,-45,715000
valla-nsw-2448,NSW,rental-nsw,45,1385000
rylstone-nsw-2849,NSW,rental-nsw,45,696000
vineyard-nsw-2765,NSW,rental-nsw,44.9,1097500
westbourne-park-sa-5041,SA,sales-sa,44.8,2490500
chatsworth-nsw-2469,NSW,rental-nsw,-44.5,595000
backmede-nsw-2470,NSW,rental-nsw,44.4,1300000
ilarwill-nsw-2463,NSW,rental-nsw,44.4,650000
buchanan-nsw-2323,NSW,rental-nsw,44.4,895000
deua-river-valley-nsw-2537,NSW,rental-nsw,44.3,1400000
montecollum-nsw-2482,NSW,rental-nsw,-44.3,1170000
bucca-nsw-2450,NSW,rental-nsw,44.2,1550000
brogo-nsw-2550,NSW,rental-nsw,44.2,750000
verges-creek-nsw-2440,NSW,rental-nsw,44.2,890000
woodstock-nsw-2538,NSW,rental-nsw,44,1527500
werri-beach-nsw-2534,NSW,rental-nsw,43.9,2950000
bendemeer-nsw-2355,NSW,rental-nsw,43.8,467500
drake-nsw-2469,NSW,rental-nsw,-43.8,295000
linden-nsw-2778,NSW,rental-nsw,43.6,1120000
maryvale-nsw-2820,NSW,rental-nsw,-43.5,437500
nerong-nsw-2423,NSW,rental-nsw,43.5,330000
west-coraki-nsw-2471,NSW,rental-nsw,43.3,852500
glandore-sa-5037,SA,sales-sa,43.1,1417000
stony-chute-nsw-2480,NSW,rental-nsw,-43,566666
billys-creek-nsw-2453,NSW,rental-nsw,-43,325000
telegraph-point-nsw-2441,NSW,rental-nsw,43,865000
bellata-nsw-2397,NSW,rental-nsw,42.9,350000
kingsford-nsw-2032,NSW,sales-abs,42.9,2567500
sunshine-nsw-2264,NSW,rental-nsw,42.9,1350000
pomona-nsw-2648,NSW,rental-nsw,-42.8,337500
mossy-point-nsw-2537,NSW,rental-nsw,42.8,1285000
quorrobolong-nsw-2325,NSW,rental-nsw,42.7,1670000
colo-heights-nsw-2756,NSW,rental-nsw,42.7,1820000
north-wagga-wagga-nsw-2650,NSW,rental-nsw,42.6,435000
murrumburrah-nsw-2587,NSW,rental-nsw,-42.5,250000
grong-grong-nsw-2652,NSW,rental-nsw,42.3,245000
the-lagoon-nsw-2795,NSW,rental-nsw,42.3,1530000
dyers-crossing-nsw-2429,NSW,rental-nsw,42.2,1166250
gundary-nsw-2580,NSW,rental-nsw,-42.1,767000
stroud-road-nsw-2415,NSW,rental-nsw,42,850000
coolamon-nsw-2701,NSW,rental-nsw,42,646250
fingal-bay-nsw-2315,NSW,rental-nsw,41.9,1220000
mitcham-sa-5062,SA,sales-sa,-41.8,1570000
thora-nsw-2454,NSW,rental-nsw,-41.8,960000
hastings-point-nsw-2489,NSW,rental-nsw,-41.7,927500
dungay-nsw-2484,NSW,rental-nsw,41.7,1700000
albert-park-sa-5014,SA,sales-sa,41.7,1240000
mullumbimby-creek-nsw-2482,NSW,rental-nsw,41.7,2264399
wyalong-nsw-2671,NSW,rental-nsw,41.5,311250
pasadena-sa-5042,SA,sales-sa,41.5,1620000
oyster-cove-nsw-2318,NSW,rental-nsw,-41.4,340000
yelgun-nsw-2483,NSW,rental-nsw,-41.3,945000
woodville-north-sa-5012,SA,sales-sa,41.3,1130000
laughtondale-nsw-2775,NSW,rental-nsw,-41.3,1350000
wildes-meadow-nsw-2577,NSW,rental-nsw,-41.3,2025000
spencer-nsw-2775,NSW,rental-nsw,41.3,650000
north-bondi-nsw-2026,NSW,rental-nsw,41.3,3270000
wards-river-nsw-2422,NSW,rental-nsw,41.2,840000
wittitrin-nsw-2440,NSW,rental-nsw,41.2,752000
menangle-nsw-2568,NSW,rental-nsw,-41.2,705900
congarinni-nsw-2447,NSW,rental-nsw,-41,510000
nimmitabel-nsw-2631,NSW,rental-nsw,41,370000
sofala-nsw-2795,NSW,rental-nsw,41,812500
underdale-sa-5032,SA,sales-sa,41,1551000
luddenham-nsw-2745,NSW,rental-nsw,40.8,3450000
balldale-nsw-2646,NSW,rental-nsw,-40.8,100000
buckajo-nsw-2550,NSW,rental-nsw,40.8,1172500
stonehenge-nsw-2370,NSW,rental-nsw,40.7,1020000
pappinbarra-nsw-2446,NSW,rental-nsw,40.6,514500
darbalara-nsw-2722,NSW,rental-nsw,-40.5,1100000
cumberland-park-sa-5041,SA,sales-sa,40.5,1773750
mogo-nsw-2536,NSW,rental-nsw,-40.4,662500
tamban-nsw-2441,NSW,rental-nsw,-40.4,700000
bayview-nsw-2104,NSW,rental-nsw,40.4,3825000
wardrop-valley-nsw-2484,NSW,rental-nsw,-40.4,850000
welland-sa-5007,SA,sales-sa,40.3,1332500
cabarita-beach-nsw-2488,NSW,rental-nsw,-40.3,1015000
possum-brush-nsw-2430,NSW,rental-nsw,-40.3,725000
wakool-nsw-2710,NSW,rental-nsw,40,210000
cooks-gap-nsw-2850,NSW,rental-nsw,40,840000
brooklet-nsw-2479,NSW,rental-nsw,-40,1650000
erindale-sa-5066,SA,sales-sa,39.9,3075000
ovingham-sa-5082,SA,sales-sa,39.4,1255000
renown-park-sa-5008,SA,sales-sa,39.4,1185000
highbury-sa-5089,SA,sales-sa,39.4,1185000
tirrannaville-nsw-2580,NSW,rental-nsw,39.3,1950000
warialda-rail-nsw-2402,NSW,rental-nsw,-39.2,254000
barry-nsw-2799,NSW,rental-nsw,39.2,835000
grose-vale-nsw-2753,NSW,rental-nsw,39,2040000
sandy-hollow-nsw-2333,NSW,rental-nsw,38.9,500000
logans-crossing-nsw-2439,NSW,rental-nsw,-38.9,1135000
somersby-nsw-2250,NSW,rental-nsw,-38.9,962500
lake-george-nsw-2581,NSW,rental-nsw,-38.9,1200000
jerrys-plains-nsw-2330,NSW,rental-nsw,38.8,680000
bostobrick-nsw-2453,NSW,rental-nsw,-38.7,480000
glenelg-sa-5045,SA,sales-sa,38.7,1949000
toorak-gardens-sa-5065,SA,sales-sa,38.6,2910000
aldavilla-nsw-2440,NSW,rental-nsw,38.5,660000
greigs-flat-nsw-2549,NSW,rental-nsw,-38.5,677000
meringo-nsw-2537,NSW,rental-nsw,38.3,1300000
wadeville-nsw-2474,NSW,rental-nsw,-38.2,340000
whitton-nsw-2705,NSW,rental-nsw,-38.2,174500
coldstream-nsw-2462,NSW,rental-nsw,38.1,535000
plympton-sa-5038,SA,sales-sa,38,1415000
tarbuck-bay-nsw-2428,NSW,rental-nsw,38,907500
kentucky-south-nsw-2354,NSW,rental-nsw,-38,620000
holbrook-nsw-2644,NSW,rental-nsw,37.9,441250
tumblong-nsw-2729,NSW,rental-nsw,37.6,650000
kurraba-point-nsw-2089,NSW,rental-nsw,-37.5,1500000
wombarra-nsw-2515,NSW,rental-nsw,-37.5,1500000
hat-head-nsw-2440,NSW,rental-nsw,37.5,1100000
caragabal-nsw-2810,NSW,rental-nsw,-37.5,125000
bendalong-nsw-2539,NSW,rental-nsw,37.5,2750000
floraville-nsw-2280,NSW,rental-nsw,37.3,1185000
dundas-nsw-2117,NSW,rental-nsw,37.2,1255000
tooleybuc-nsw-2736,NSW,rental-nsw,36.9,387500
coniston-nsw-2500,NSW,rental-nsw,36.9,965000
bridgman-nsw-2330,NSW,rental-nsw,36.8,1655000
mount-rankin-nsw-2795,NSW,rental-nsw,36.8,1200000
clovass-nsw-2480,NSW,rental-nsw,-36.7,775000
koolkhan-nsw-2460,NSW,rental-nsw,36.6,750000
burrangong-nsw-2594,NSW,rental-nsw,-36.5,665000
murrami-nsw-2705,NSW,rental-nsw,-36.4,350000
kincumber-south-nsw-2251,NSW,rental-nsw,-36.3,1045000
black-forest-sa-5035,SA,sales-sa,36.3,1485500
colinton-nsw-2626,NSW,rental-nsw,-36.2,675000
mullion-nsw-2582,NSW,rental-nsw,-36.2,1500000
cargo-nsw-2800,NSW,rental-nsw,-36.2,386000
hove-sa-5048,SA,sales-sa,36.2,1550000
tennyson-point-nsw-2111,NSW,rental-nsw,36.2,4630000
tarlo-nsw-2580,NSW,rental-nsw,-36.1,1437500
south-guyra-nsw-2365,NSW,rental-nsw,-36.1,327500
kynnumboon-nsw-2484,NSW,rental-nsw,-36.1,1405000
bar-point-nsw-2083,NSW,rental-nsw,36,680000
green-gully-nsw-2850,NSW,rental-nsw,-35.9,445000
angourie-nsw-2464,NSW,rental-nsw,-35.9,1445000
netley-sa-5037,SA,sales-sa,35.8,1270000
brushgrove-nsw-2460,NSW,rental-nsw,-35.8,435000
burraga-nsw-2795,NSW,rental-nsw,-35.7,900000
east-corrimal-nsw-2518,NSW,rental-nsw,35.7,1302500
lansdowne-nsw-2430,NSW,rental-nsw,35.7,651250
magenta-nsw-2261,NSW,rental-nsw,35.7,1397500
rushforth-nsw-2460,NSW,rental-nsw,-35.7,585000
stockinbingal-nsw-2725,NSW,rental-nsw,35.5,420000
clarence-gardens-sa-5039,SA,sales-sa,35.4,1486327
eden-creek-nsw-2474,NSW,rental-nsw,-35.4,920000
bombala-nsw-2632,NSW,sales-abs,35.4,330000
woodville-park-sa-5011,SA,sales-sa,35.4,1320000
boomey-nsw-2866,NSW,rental-nsw,35.3,1705000
wentworth-nsw-2648,NSW,rental-nsw,35.3,360000
elands-nsw-2429,NSW,rental-nsw,35.2,825000
spring-terrace-nsw-2798,NSW,rental-nsw,-35.2,1150000
tanja-nsw-2550,NSW,rental-nsw,-35.2,708000
angle-park-sa-5010,SA,sales-sa,35.2,1041000
south-gundurimba-nsw-2480,NSW,rental-nsw,35,965000
tacoma-south-nsw-2259,NSW,rental-nsw,35,1050000
minmi-nsw-2287,NSW,rental-nsw,-34.9,527500
south-coogee-nsw-2034,NSW,sales-abs,34.9,3730000
mulgrave-nsw-2756,NSW,rental-nsw,-34.8,1075000
yerriyong-nsw-2540,NSW,rental-nsw,-34.8,1350000
greenlands-nsw-2631,NSW,rental-nsw,-34.7,597500
martins-creek-nsw-2420,NSW,rental-nsw,-34.7,615000
koolewong-nsw-2256,NSW,rental-nsw,34.7,1115000
west-richmond-sa-5033,SA,sales-sa,34.6,1100000
mount-hunter-nsw-2570,NSW,rental-nsw,-34.5,983000
walkley-heights-sa-5098,SA,sales-sa,34.5,1260000
bullawa-creek-nsw-2390,NSW,rental-nsw,-34.4,616500
brewongle-nsw-2795,NSW,rental-nsw,34.4,1300000
upper-dartbrook-nsw-2336,NSW,rental-nsw,-34.3,1150000
constitution-hill-nsw-2145,NSW,rental-nsw,34.2,1530000
mitchells-flat-nsw-2330,NSW,rental-nsw,34.2,1590000
piambong-nsw-2850,NSW,rental-nsw,-34.2,850000
felixstow-sa-5070,SA,sales-sa,34.2,1612000
euston-nsw-2737,NSW,rental-nsw,34.1,422500
kameruka-nsw-2550,NSW,rental-nsw,34.1,1130000
denhams-beach-nsw-2536,NSW,rental-nsw,-34.1,890000
killcare-heights-nsw-2257,NSW,rental-nsw,34.1,2246760
vaucluse-nsw-2030,NSW,rental-nsw,34,3250000
temagog-nsw-2440,NSW,rental-nsw,33.9,750000
gregadoo-nsw-2650,NSW,rental-nsw,33.8,2575000
tomboye-nsw-2622,NSW,rental-nsw,-33.7,596500
eden-hills-sa-5050,SA,sales-sa,33.7,1298750
coolongolook-nsw-2423,NSW,rental-nsw,33.6,740000
tambar-springs-nsw-2381,NSW,rental-nsw,-33.6,182500
bodalla-nsw-2545,NSW,rental-nsw,33.6,870000
maylands-sa-5069,SA,sales-sa,33.6,1530000
broughton-vale-nsw-2535,NSW,rental-nsw,-33.6,1750000
patonga-nsw-2256,NSW,rental-nsw,33.5,1835000
trundle-nsw-2875,NSW,rental-nsw,33.5,267000
midginbil-nsw-2484,NSW,rental-nsw,33.5,1200000
moonbah-nsw-2627,NSW,rental-nsw,-33.3,1100000
blue-bay-nsw-2261,NSW,rental-nsw,33.3,1600000
north-tumbulgum-nsw-2490,NSW,rental-nsw,-33.3,1311000
environa-nsw-2620,NSW,rental-nsw,33.3,950000
forest-reefs-nsw-2798,NSW,rental-nsw,33.3,1200000
peak-hill-nsw-2869,NSW,rental-nsw,33.3,300000
minjary-nsw-2720,NSW,rental-nsw,33.3,400000
coffee-camp-nsw-2480,NSW,rental-nsw,33.3,1070000
toowoon-bay-nsw-2261,NSW,rental-nsw,33.3,1400000
coromandel-valley-sa-5051,SA,sales-sa,33.3,1226500
tallawang-nsw-2852,NSW,rental-nsw,-33.3,500000
shanes-park-nsw-2747,NSW,rental-nsw,33.3,2850000
waitui-nsw-2443,NSW,rental-nsw,-33,862500
moparrabah-nsw-2440,NSW,rental-nsw,33,944500
buckra-bendinni-nsw-2449,NSW,rental-nsw,32.9,930000
ulong-nsw-2450,NSW,rental-nsw,32.8,597500
durran-durra-nsw-2622,NSW,rental-nsw,32.8,1275000
yarrabin-nsw-2850,NSW,rental-nsw,32.8,830000
wattle-flat-nsw-2795,NSW,rental-nsw,32.7,710000
queens-park-nsw-2022,NSW,rental-nsw,-32.6,2800000
boorabee-park-nsw-2480,NSW,rental-nsw,-32.6,831000
halfway-creek-nsw-2460,NSW,rental-nsw,-32.6,400000
clareville-nsw-2107,NSW,rental-nsw,-32.6,3100000
torrensville-sa-5031,SA,sales-sa,32.6,1559000
bethungra-nsw-2590,NSW,rental-nsw,-32.5,356000
krambach-nsw-2429,NSW,rental-nsw,32.4,725000
greenethorpe-nsw-2809,NSW,rental-nsw,32.4,225000
mount-frome-nsw-2850,NSW,rental-nsw,-32.4,2230000
clontarf-nsw-2093,NSW,rental-nsw,32.3,6200000
springrange-nsw-2618,NSW,rental-nsw,-32.3,1455000
trott-park-sa-5158,SA,sales-sa,32.3,1045000
klemzig-sa-5087,SA,sales-sa,32.3,1215000
castle-hill-nsw-2154,NSW,rental-nsw,32.2,1785000
laggan-nsw-2583,NSW,rental-nsw,-32.2,677500
north-ryde-nsw-2113,NSW,rental-nsw,32.2,2225000
currawarna-nsw-2650,NSW,rental-nsw,-32.2,310000
larbert-nsw-2622,NSW,rental-nsw,-32.2,200000
portland-nsw-2847,NSW,rental-nsw,32.1,545000
perthville-nsw-2795,NSW,rental-nsw,32.1,740000
tweed-heads-west-nsw-2485,NSW,rental-nsw,32.1,905000
bourke-nsw-2840,NSW,rental-nsw,-32,220000
raleigh-nsw-2454,NSW,rental-nsw,-32,747500
forestville-sa-5035,SA,rental-sa,-32,381000
loomberah-nsw-2340,NSW,rental-nsw,-31.9,817500
kemps-creek-nsw-2178,NSW,rental-nsw,-31.8,4500000
milbrulong-nsw-2656,NSW,rental-nsw,31.7,420000
menangle-park-nsw-2563,NSW,rental-nsw,31.6,797500
pejar-nsw-2583,NSW,rental-nsw,31.6,1000000
manildra-nsw-2865,NSW,rental-nsw,31.5,490000
glenridding-nsw-2330,NSW,rental-nsw,31.5,720000
north-brighton-sa-5048,SA,sales-sa,31.5,1900000
quandialla-nsw-2721,NSW,rental-nsw,31.4,150000
warren-nsw-2824,NSW,rental-nsw,31.4,230000
eurunderee-nsw-2850,NSW,rental-nsw,31.4,1610000
congo-nsw-2537,NSW,rental-nsw,-31.4,605000
greenhill-sa-5140,SA,sales-sa,-31.4,1191500
spring-ridge-nsw-2343,NSW,rental-nsw,-31.3,395000
brocklesby-nsw-2642,NSW,rental-nsw,-31.3,280000
lilli-pilli-nsw-2536,NSW,rental-nsw,31.3,1070000
riverside-nsw-2444,NSW,rental-nsw,-31.2,825000
mylor-sa-5153,SA,sales-sa,31.2,1736000
ballengarra-nsw-2441,NSW,rental-nsw,-31.2,550000
gravesend-nsw-2401,NSW,rental-nsw,-31.2,172000
coopers-gully-nsw-2550,NSW,rental-nsw,31.1,1000000
yarrawonga-nsw-2850,NSW,rental-nsw,31.1,675000
mayfield-east-nsw-2304,NSW,rental-nsw,31,1100000
brightwaters-nsw-2264,NSW,rental-nsw,-31,1042500
north-balgowlah-nsw-2093,NSW,rental-nsw,31,3410000
yatte-yattah-nsw-2539,NSW,rental-nsw,-31,1755000
para-hills-west-sa-5096,SA,sales-sa,30.9,880000
lake-innes-nsw-2446,NSW,rental-nsw,30.8,1700000
londonderry-nsw-2753,NSW,rental-nsw,30.8,1900000
kulnura-nsw-2250,NSW,rental-nsw,-30.7,1300000
bredbo-nsw-2626,NSW,rental-nsw,-30.7,475000
shallow-bay-nsw-2428,NSW,rental-nsw,-30.7,1525000
henley-beach-sa-5022,SA,sales-sa,30.7,1790000
lochinvar-nsw-2321,NSW,rental-nsw,30.7,830000
gwynneville-nsw-2500,NSW,rental-nsw,30.7,1185000
redbank-nsw-2446,NSW,rental-nsw,-30.6,1155000
mount-murray-nsw-2577,NSW,rental-nsw,30.6,2350000
seacombe-heights-sa-5047,SA,sales-sa,30.6,1230000
terania-creek-nsw-2480,NSW,rental-nsw,-30.5,1030000
dyrring-nsw-2330,NSW,rental-nsw,-30.5,1650000
wee-waa-nsw-2388,NSW,rental-nsw,30.5,310000
steeple-flat-nsw-2631,NSW,rental-nsw,30.4,1200000
freshwater-nsw-2096,NSW,rental-nsw,30.4,1650000
huntleys-cove-nsw-2111,NSW,rental-nsw,30.4,2175000
crafers-west-sa-5152,SA,sales-sa,-30.2,1155253
auburn-nsw-2144,NSW,rental-nsw,30.2,820000
parkesbourne-nsw-2580,NSW,rental-nsw,30.2,1250000
whitebridge-nsw-2290,NSW,rental-nsw,30.1,1210000
wallarobba-nsw-2420,NSW,rental-nsw,30.1,950000
rockley-nsw-2795,NSW,rental-nsw,-30.1,475000
cheltenham-nsw-2119,NSW,rental-nsw,30,2915000
woodstock-nsw-2793,NSW,rental-nsw,-30,315000
kimbriki-nsw-2429,NSW,rental-nsw,30,975000
clapham-sa-5062,SA,sales-sa,30,1319000
jennings-nsw-4383,NSW,rental-nsw,30,390000
golden-grove-sa-5125,SA,sales-sa,29.9,1160000
mungay-creek-nsw-2440,NSW,rental-nsw,29.8,778750
devon-park-sa-5008,SA,sales-sa,29.8,1090000
mystery-bay-nsw-2546,NSW,rental-nsw,29.8,1090000
murrah-nsw-2546,NSW,rental-nsw,29.7,1200000
wiangaree-nsw-2474,NSW,rental-nsw,29.6,453750
arrawarra-headland-nsw-2456,NSW,rental-nsw,-29.6,1250000
mckellars-park-nsw-2790,NSW,rental-nsw,29.6,567000
currabubula-nsw-2342,NSW,rental-nsw,-29.5,705000
mount-kembla-nsw-2526,NSW,rental-nsw,29.5,1250000
reddestone-nsw-2370,NSW,rental-nsw,29.4,453000
binalong-nsw-2584,NSW,rental-nsw,29.4,605000
joslin-sa-5070,SA,sales-sa,29.4,2600000
glenning-valley-nsw-2261,NSW,rental-nsw,29.4,1100000
kurmond-nsw-2757,NSW,rental-nsw,29.3,1267500
boggabri-nsw-2382,NSW,rental-nsw,29.3,375000
sans-souci-nsw-2219,NSW,rental-nsw,29.3,1510000
tyalgum-nsw-2484,NSW,rental-nsw,29.2,1066000
deepwater-nsw-2371,NSW,rental-nsw,-29.2,230000
woolomin-nsw-2340,NSW,rental-nsw,29.2,542500
verona-nsw-2550,NSW,rental-nsw,-29.2,640000
sackville-north-nsw-2756,NSW,rental-nsw,-29,1510000
kingswood-sa-5062,SA,sales-sa,29,2200000
maroubra-nsw-2035,NSW,rental-nsw,29,1935000
monterey-nsw-2217,NSW,rental-nsw,28.9,1150000
hectorville-sa-5073,SA,sales-sa,28.9,1335000
royal-park-sa-5014,SA,sales-sa,28.8,1017500
aberdeen-nsw-2336,NSW,rental-nsw,28.7,595057
north-dorrigo-nsw-2453,NSW,rental-nsw,-28.7,842500
uki-nsw-2484,NSW,rental-nsw,28.7,1100000
exeter-sa-5019,SA,rental-sa,28.7,381000
bellevue-heights-sa-5050,SA,sales-sa,28.7,1178000
mooball-nsw-2483,NSW,rental-nsw,-28.6,500000
minnamurra-nsw-2533,NSW,rental-nsw,28.6,1800000
canley-vale-nsw-2166,NSW,rental-nsw,28.6,990000
tapitallee-nsw-2540,NSW,rental-nsw,-28.6,1125000
bowna-nsw-2644,NSW,rental-nsw,-28.6,500000
brewarrina-nsw-2839,NSW,rental-nsw,-28.6,125000
oakhampton-heights-nsw-2320,NSW,rental-nsw,28.6,3022000
bunnan-nsw-2337,NSW,rental-nsw,28.6,270000
dalton-nsw-2581,NSW,rental-nsw,-28.6,410000
high-range-nsw-2575,NSW,rental-nsw,28.5,2930000
sleepy-hollow-nsw-2483,NSW,rental-nsw,28.5,2120000
yass-river-nsw-2582,NSW,rental-nsw,-28.5,1450000
kalkite-nsw-2627,NSW,rental-nsw,28.5,985000
oakden-sa-5086,SA,sales-sa,28.5,1025000
emmaville-nsw-2371,NSW,rental-nsw,-28.5,232400
teven-nsw-2478,NSW,rental-nsw,-28.4,2060000
hawkesbury-heights-nsw-2777,NSW,rental-nsw,28.4,1425000
north-arm-cove-nsw-2324,NSW,rental-nsw,28.4,1008000
marlee-nsw-2429,NSW,rental-nsw,-28.4,680000
kentlyn-nsw-2560,NSW,rental-nsw,28.4,2800000
tennyson-sa-5022,SA,sales-sa,28.3,3720000
dunoon-nsw-2480,NSW,rental-nsw,28.3,885000
heathpool-sa-5068,SA,sales-sa,28.3,2514000
burrawang-nsw-2577,NSW,rental-nsw,-28.2,1820000
east-coraki-nsw-2471,NSW,rental-nsw,28.1,890000
manyana-nsw-2539,NSW,rental-nsw,-28,900000
salisbury-downs-sa-5108,SA,sales-sa,27.9,845000
claymore-nsw-2559,NSW,rental-nsw,-27.8,685000
gilgandra-nsw-2827,NSW,sales-abs,27.8,267500
billywillinga-nsw-2795,NSW,rental-nsw,-27.8,820000
huntingdon-nsw-2446,NSW,rental-nsw,-27.7,1084200
plympton-park-sa-5038,SA,sales-sa,27.6,1250000
robin-hill-nsw-2795,NSW,rental-nsw,27.6,1250000
belair-sa-5052,SA,sales-sa,27.6,1330000
hazelgrove-nsw-2787,NSW,rental-nsw,-27.4,780000
belfield-nsw-2191,NSW,rental-nsw,-27.4,1125750
wisemans-creek-nsw-2795,NSW,rental-nsw,-27.4,610000
middle-dural-nsw-2158,NSW,rental-nsw,27.3,4164000
westbrook-nsw-2330,NSW,rental-nsw,-27.3,1050000
liberty-grove-nsw-2138,NSW,rental-nsw,-27.3,910000
unley-sa-5061,SA,sales-sa,-27.3,1671000
coralville-nsw-2443,NSW,rental-nsw,27.2,725000
glenreagh-nsw-2450,NSW,rental-nsw,27.2,800000
red-rock-nsw-2456,NSW,rental-nsw,-27.2,837500
salisbury-heights-sa-5109,SA,sales-sa,27.2,947500
manning-point-nsw-2430,NSW,rental-nsw,-27.1,390000
double-bay-nsw-2028,NSW,rental-nsw,27,2950000
yallah-nsw-2530,NSW,rental-nsw,27,1320000
silverwater-nsw-2264,NSW,rental-nsw,-27,870000
horseshoe-bend-nsw-2320,NSW,rental-nsw,27,717750
lightning-ridge-nsw-2834,NSW,rental-nsw,27,200000
ivanhoe-nsw-2878,NSW,rental-nsw,26.9,79950
brownsville-nsw-2530,NSW,rental-nsw,26.9,655000
towamba-nsw-2550,NSW,rental-nsw,-26.9,585000
unley-park-sa-5061,SA,sales-sa,-26.8,3037500
mallanganee-nsw-2469,NSW,rental-nsw,26.7,380000
mullaley-nsw-2379,NSW,rental-nsw,26.7,190000
morundah-nsw-2700,NSW,rental-nsw,26.7,190000
ebenezer-nsw-2756,NSW,rental-nsw,-26.7,935000
college-park-sa-5069,SA,sales-sa,26.7,3000000
bombo-nsw-2533,NSW,rental-nsw,26.6,2000000
blacksmiths-nsw-2281,NSW,rental-nsw,26.6,1262500
mandurama-nsw-2792,NSW,rental-nsw,-26.6,290000
kioloa-nsw-2539,NSW,rental-nsw,-26.6,890000
windeyer-nsw-2850,NSW,rental-nsw,26.5,465000
blaxlands-creek-nsw-2460,NSW,rental-nsw,-26.5,500000
queenstown-sa-5014,SA,sales-sa,-26.5,779500
seacliff-sa-5049,SA,sales-sa,26.4,1681500
sheidow-park-sa-5158,SA,sales-sa,26.4,1011500
north-star-nsw-2408,NSW,rental-nsw,26.3,240000
fairfield-nsw-2165,NSW,sales-abs,26.2,1100000
dilkoon-nsw-2460,NSW,rental-nsw,-26.2,535000
limeburners-creek-nsw-2324,NSW,rental-nsw,26.2,940000
cottage-point-nsw-2084,NSW,rental-nsw,-26.2,2950000
cremorne-point-nsw-2090,NSW,rental-nsw,-26.2,2030000
curlewis-nsw-2381,NSW,rental-nsw,26.1,384500
balhannah-sa-5242,SA,sales-sa,26.1,978500
kitchener-nsw-2325,NSW,rental-nsw,26.1,1100000
nundle-nsw-2340,NSW,rental-nsw,26.1,435000
teringie-sa-5072,SA,sales-sa,-26.1,1327500
minnie-water-nsw-2462,NSW,rental-nsw,-26,832500
freemans-nsw-2259,NSW,rental-nsw,-26,920000
adelong-nsw-2729,NSW,rental-nsw,25.9,540000
upper-sturt-sa-5156,SA,sales-sa,25.9,1357000
largs-bay-sa-5016,SA,sales-sa,25.8,1070000
nashdale-nsw-2800,NSW,rental-nsw,-25.8,1312500
terara-nsw-2540,NSW,rental-nsw,25.8,1207500
lake-wyangan-nsw-2680,NSW,rental-nsw,-25.7,855000
curramore-nsw-2533,NSW,rental-nsw,-25.6,2075000
middle-brother-nsw-2443,NSW,rental-nsw,-25.6,625000
newee-creek-nsw-2447,NSW,rental-nsw,25.6,1080000
adaminaby-nsw-2629,NSW,rental-nsw,25.5,602500
charleys-forest-nsw-2622,NSW,rental-nsw,-25.5,585000
coledale-nsw-2515,NSW,rental-nsw,-25.5,2050000
balgowlah-heights-nsw-2093,NSW,rental-nsw,25.3,5010000
watsons-creek-nsw-2355,NSW,rental-nsw,-25.3,280000
croydon-park-sa-5008,SA,sales-sa,25.3,1108500
willoughby-nsw-2068,NSW,sales-abs,25.2,3395500
bolton-point-nsw-2283,NSW,rental-nsw,25.2,820000
stanwell-park-nsw-2508,NSW,rental-nsw,25.2,2225000
bellevue-hill-nsw-2023,NSW,sales-abs,-25.1,7500000
direk-sa-5110,SA,sales-sa,25.1,785000
blackmans-flat-nsw-2790,NSW,rental-nsw,-25.1,625000
jannali-nsw-2226,NSW,rental-nsw,-25.1,955000
elizabeth-south-sa-5112,SA,sales-sa,25.1,680000
parafield-gardens-sa-5107,SA,sales-sa,25.1,875500
ettamogah-nsw-2640,NSW,rental-nsw,25.1,1170000
