slug,state,region,statsSource,medianHousePrice,regionMedian,regionN,deviationPct,population
springfield-sa-5062,SA,Mitcham,sales-sa,6572500,1581250,26,316,548
tennyson-sa-5022,SA,Charles Sturt,sales-sa,3720000,1140000,25,226,1137
toorak-vic-3142,VIC,Stonnington,sales-vic,5000000,2055000,9,143,12817
erindale-sa-5066,SA,Adelaide Hills,sales-sa,3075000,1335000,27,130,1172
new-farm-qld-4005,QLD,Brisbane,sales-abs,2908400,1262500,86,130,12197
byron-bay-nsw-2481,NSW,Ballina,sales-abs,2230000,1000000,5,123,6330
north-coogee-wa-6163,WA,Fremantle,sales-abs,1650000,760000,5,117,3741
ivanhoe-east-vic-3079,VIC,Banyule,sales-vic,2732500,1263500,15,116,3762
queenscliff-vic-3225,VIC,Greater Geelong,sales-vic,1450000,687500,35,111,5408
somerton-park-sa-5044,SA,Marion,sales-sa,2470000,1177560,33,110,5811
reid-act-2612,ACT,North Canberra,sales-abs,2350000,1130675,18,108,1544
portsea-vic-3944,VIC,Mornington Peninsula,sales-vic,2825000,1362500,26,107,787
bangalow-nsw-2479,NSW,Ballina,sales-abs,2050000,1000000,5,105,2752
fitzroy-sa-5082,SA,Port Adelaide Enfield,sales-sa,2160000,1055500,40,105,783
one-tree-hill-sa-5114,SA,Gawler,sales-sa,1452500,720000,9,102,1043
turner-act-2612,ACT,North Canberra,sales-abs,2195000,1130675,18,94,4470
park-orchards-vic-3114,VIC,Maroondah,sales-vic,2039500,1057750,14,93,3835
narre-warren-north-vic-3804,VIC,Yarra Ranges,sales-vic,1700000,903750,22,88,8033
henley-beach-south-sa-5022,SA,Charles Sturt,sales-sa,2111250,1140000,25,85,2799
broadbeach-waters-qld-4218,QLD,Gold Coast,sales-abs,2100000,1136250,32,85,8164
karnup-wa-6176,WA,Rockingham,sales-abs,1112000,600000,6,85,2096
glenelg-south-sa-5045,SA,West Torrens,sales-sa,2681200,1467750,22,83,2184
bundall-qld-4217,QLD,Gold Coast,sales-abs,2075000,1136250,32,83,4895
college-park-sa-5069,SA,Norwood Payneham and St Peters,sales-sa,3000000,1660500,19,81,755
st-georges-sa-5064,SA,Mitcham,sales-sa,2850000,1581250,26,80,1726
banksmeadow-nsw-2019,NSW,Bayside,sales-abs,429000,2062500,5,-79,508
rippleside-vic-3215,VIC,Greater Geelong,sales-vic,1230000,687500,35,79,994
yeppoon-qld-4703,QLD,Livingstone,sales-abs,680000,380000,7,79,7037
nyah-west-vic-3595,VIC,Swan Hill,sales-vic,70000,312500,7,-78,673
southbank-vic-3006,VIC,Port Phillip,sales-vic,418000,1840000,12,-77,22631
kew-east-vic-3102,VIC,Boroondara,sales-vic,660000,2751500,10,-76,6620
niddrie-vic-3042,VIC,Brimbank,sales-vic,1375000,780000,33,76,5901
wandana-heights-vic-3216,VIC,Greater Geelong,sales-vic,1212000,687500,35,76,2195
point-lonsdale-vic-3225,VIC,Greater Geelong,sales-vic,1200000,687500,35,75,3788
fremantle-wa-6160,WA,Fremantle,sales-abs,1330000,760000,5,75,9251
yarralumla-act-2600,ACT,Woden,sales-abs,2228000,1276000,13,75,3120
clayfield-qld-4011,QLD,Brisbane,sales-abs,2200000,1262500,86,74,10897
melbourne-vic-3000,VIC,Melbourne,sales-vic,381000,1465000,12,-74,54941
rosslyn-park-sa-5072,SA,Adelaide Hills,sales-sa,2305000,1335000,27,73,1469
connewarre-vic-3227,VIC,Surf Coast,sales-vic,2200000,1271250,12,73,953
nichols-point-vic-3501,VIC,Swan Hill,sales-vic,540000,312500,7,73,1723
burleigh-heads-qld-4220,QLD,Gold Coast,sales-abs,1955000,1136250,32,72,10572
netherby-sa-5062,SA,Mitcham,sales-sa,2700000,1581250,26,71,1510
fortitude-valley-qld-4006,QLD,Brisbane,sales-abs,378000,1262500,86,-70,9708
docklands-vic-3008,VIC,Melbourne,sales-vic,440000,1465000,12,-70,15495
melbourne-vic-3004,VIC,Melbourne,sales-vic,440000,1465000,12,-70,54941
lismore-vic-3324,VIC,Golden Plains,sales-vic,210000,706000,8,-70,577
manifold-heights-vic-3218,VIC,Golden Plains,sales-vic,1200000,706000,8,70,2681
phillip-act-2606,ACT,Woden,sales-abs,396000,1276000,13,-69,5197
brighton-vic-3186,VIC,Bayside,sales-vic,3550000,2118750,10,68,23252
eaglemont-vic-3084,VIC,Banyule,sales-vic,2120500,1263500,15,68,3960
clear-island-waters-qld-4226,QLD,Gold Coast,sales-abs,1898500,1136250,32,67,4395
traralgon-east-vic-3844,VIC,Wellington,sales-vic,735000,440000,15,67,1780
hawthorne-qld-4171,QLD,Brisbane,sales-abs,2100000,1262500,86,66,5090
kooyong-vic-3144,VIC,Stonnington,sales-vic,704000,2055000,9,-66,842
glenrowan-vic-3675,VIC,Moira,sales-vic,680000,410000,6,66,1049
lismore-nsw-2480,NSW,Ballina,sales-abs,353500,1000000,5,-65,3656
coolangatta-qld-4225,QLD,Gold Coast,sales-abs,1875000,1136250,32,65,8374
port-fairy-vic-3284,VIC,Moyne,sales-vic,918800,557000,10,65,3742
nightcliff-nt-0810,NT,Darwin,sales-abs,965000,585000,14,65,3884
beaconsfield-upper-vic-3808,VIC,Cardinia,sales-vic,1215600,742750,20,64,2997
east-melbourne-vic-3002,VIC,Melbourne,sales-vic,2400000,1465000,12,64,4896
ocean-reef-wa-6027,WA,Wanneroo,sales-abs,1050000,644500,10,63,8125
eastwood-nsw-2122,NSW,Parramatta,sales-abs,2590000,1600000,7,62,18695
humpty-doo-nt-0836,NT,Litchfield,sales-abs,690000,427000,5,62,4313
belconnen-act-2617,ACT,North Canberra,sales-abs,429000,1130675,18,-62,8502
lawson-act-2617,ACT,North Canberra,sales-abs,429000,1130675,18,-62,2739
north-brighton-sa-5048,SA,Marion,sales-sa,1900000,1177560,33,61,2665
lysterfield-vic-3156,VIC,Casey,sales-vic,1275000,792500,16,61,6681
keilor-vic-3036,VIC,Hume,sales-vic,1090000,676750,12,61,5906
ultimo-nsw-2007,NSW,Sydney,sales-abs,760000,1905000,9,-60,7410
lenswood-sa-5240,SA,Adelaide Hills,sales-sa,536000,1335000,27,-60,534
main-beach-qld-4217,QLD,Gold Coast,sales-abs,460000,1136250,32,-60,3998
ivanhoe-vic-3079,VIC,Banyule,sales-vic,2025000,1263500,15,60,17055
craigburn-farm-sa-5051,SA,Onkaparinga,sales-sa,1452500,915750,42,59,3099
rose-park-sa-5067,SA,Burnside,sales-sa,3115000,1963250,14,59,1375
middle-ridge-qld-4350,QLD,Toowoomba,sales-abs,880000,555000,6,59,7595
robertson-qld-4109,QLD,Brisbane,sales-abs,2011944,1262500,86,59,37703
donald-vic-3480,VIC,Yarriambiack,sales-vic,350000,220000,5,59,1472
westbourne-park-sa-5041,SA,Mitcham,sales-sa,2490500,1581250,26,58,2564
newlands-arm-vic-3875,VIC,East Gippsland,sales-vic,820000,520000,16,58,866
benowa-qld-4217,QLD,Gold Coast,sales-abs,1800000,1136250,32,58,9889
kent-town-sa-5067,SA,Burnside,sales-sa,3100000,1963250,14,58,1443
mermaid-waters-qld-4218,QLD,Gold Coast,sales-abs,1800000,1136250,32,58,13088
carrara-qld-4211,QLD,Scenic Rim,sales-abs,1100000,695000,8,58,13138
greenway-act-2900,ACT,Tuggeranong,sales-abs,358000,855000,15,-58,4129
joslin-sa-5070,SA,Norwood Payneham and St Peters,sales-sa,2600000,1660500,19,57,1243
unley-park-sa-5061,SA,Unley,sales-sa,3037500,1940000,9,57,1383
travancore-vic-3032,VIC,Maribyrnong,sales-vic,477000,1100000,7,-57,2116
henley-beach-sa-5022,SA,Charles Sturt,sales-sa,1790000,1140000,25,57,6259
st-lucia-qld-4067,QLD,Brisbane,sales-abs,1970000,1262500,86,56,12220
trentham-vic-3458,VIC,Macedon Ranges,sales-vic,970000,620000,14,56,1382
glenunga-sa-5064,SA,Mitcham,sales-sa,2447500,1581250,26,55,2184
avenel-vic-3664,VIC,Mitchell,sales-vic,1150000,740000,5,55,1112
frankston-south-vic-3199,VIC,Frankston,sales-vic,1190000,772750,16,54,18801
kingsville-vic-3012,VIC,Brimbank,sales-vic,1200000,780000,33,54,3920
underbool-vic-3509,VIC,Mildura,sales-vic,200000,425000,6,-53,215
bulimba-qld-4171,QLD,Brisbane,sales-abs,1937500,1262500,86,53,7623
jacka-act-2914,ACT,Gungahlin,sales-abs,477000,1020000,14,-53,712
alberton-sa-5014,SA,Port Adelaide Enfield,sales-sa,1615000,1055500,40,53,1860
earlwood-nsw-2206,NSW,Canterbury-Bankstown,sales-abs,2080000,1369000,8,52,18053
kensington-park-sa-5068,SA,Norwood Payneham and St Peters,sales-sa,2518000,1660500,19,52,2627
parkville-vic-3052,VIC,Moreland,sales-vic,2025000,1335000,15,52,7297
braddon-act-2612,ACT,North Canberra,sales-abs,1720000,1130675,18,52,6383
prospect-sa-5082,SA,Port Adelaide Enfield,sales-sa,1600000,1055500,40,52,14584
grange-sa-5022,SA,Charles Sturt,sales-sa,1737500,1140000,25,52,6143
auldana-sa-5072,SA,Adelaide Hills,sales-sa,2025000,1335000,27,52,629
campbell-act-2612,ACT,North Canberra,sales-abs,1715000,1130675,18,52,6564
wacol-qld-4076,QLD,Brisbane,sales-abs,600000,1262500,86,-52,4253
rupanyup-vic-3388,VIC,Northern Grampians,sales-vic,185000,379500,5,-51,545
heathpool-sa-5068,SA,Norwood Payneham and St Peters,sales-sa,2514000,1660500,19,51,596
charlton-vic-3525,VIC,Loddon,sales-vic,250000,515000,7,-51,1369
cheltenham-north-vic-3192,VIC,Bayside,sales-vic,1042500,2118750,10,-51,24129
kyogle-nsw-2474,NSW,Tweed,sales-abs,517000,1050000,5,-51,2248
barton-act-2600,ACT,Woden,sales-abs,620000,1276000,13,-51,1946
south-brisbane-qld-4101,QLD,Brisbane,sales-abs,1910000,1262500,86,51,14292
yarrawonga-vic-3730,VIC,Moira,sales-vic,615000,410000,6,50,9719
palm-beach-qld-4221,QLD,Gold Coast,sales-abs,1707500,1136250,32,50,28889
shailer-park-qld-4128,QLD,Logan,sales-abs,990000,660000,11,50,12182
nailsworth-sa-5083,SA,Port Adelaide Enfield,sales-sa,1575000,1055500,40,49,2235
wilston-qld-4051,QLD,Brisbane,sales-abs,1875000,1262500,86,49,4110
eagleby-qld-4207,QLD,Gold Coast,sales-abs,580000,1136250,32,-49,13594
charlemont-vic-3217,VIC,Surf Coast,sales-vic,651000,1271250,12,-49,2612
balmoral-qld-4171,QLD,Brisbane,sales-abs,1880000,1262500,86,49,16886
emu-park-qld-4710,QLD,Livingstone,sales-abs,568000,380000,7,49,2281
caulfield-vic-3162,VIC,Glen Eira,sales-vic,2685000,1819000,15,48,5748
torrens-park-sa-5062,SA,Mitcham,sales-sa,2340000,1581250,26,48,2687
toorak-gardens-sa-5065,SA,Burnside,sales-sa,2910000,1963250,14,48,2604
croydon-sa-5008,SA,Port Adelaide Enfield,sales-sa,1560000,1055500,40,48,1220
slacks-creek-qld-4127,QLD,Brisbane,sales-abs,660000,1262500,86,-48,10408
balwyn-north-vic-3104,VIC,Whitehorse,sales-vic,2100000,1417000,10,48,21302
new-gisborne-vic-3438,VIC,Macedon Ranges,sales-vic,915000,620000,14,48,2509
armstrong-creek-vic-3217,VIC,Surf Coast,sales-vic,670000,1271250,12,-47,20499
cheltenham-east-vic-3192,VIC,Bayside,sales-vic,1130000,2118750,10,-47,24129
hastings-vic-3915,VIC,Mornington Peninsula,sales-vic,725000,1362500,26,-47,10723
irymple-vic-3498,VIC,Mildura,sales-vic,625000,425000,6,47,5977
denistone-nsw-2114,NSW,Parramatta,sales-abs,2330000,1600000,7,46,3726
west-lakes-sa-5021,SA,Charles Sturt,sales-sa,1667500,1140000,25,46,6768
runaway-bay-qld-4216,QLD,Gold Coast,sales-abs,1655000,1136250,32,46,9308
beenleigh-qld-4207,QLD,Gold Coast,sales-abs,618500,1136250,32,-46,8425
ravenswood-tas-7250,TAS,Meander Valley,sales-abs,350000,642500,10,-46,51133
yarrabilba-qld-4207,QLD,Gold Coast,sales-abs,610000,1136250,32,-46,10240
norman-gardens-qld-4701,QLD,Livingstone,sales-abs,550000,380000,7,45,10534
apollo-bay-vic-3233,VIC,Colac Otway,sales-vic,777500,535000,6,45,2363
echuca-vic-3564,VIC,Campaspe,sales-vic,631300,435000,5,45,15056
fig-tree-pocket-qld-4069,QLD,Brisbane,sales-abs,1825000,1262500,86,45,4345
st-peters-sa-5069,SA,Norwood Payneham and St Peters,sales-sa,2400000,1660500,19,45,3231
maryborough-vic-3465,VIC,Mount Alexander,sales-vic,379500,676250,10,-44,10111
highgate-hill-qld-4101,QLD,Brisbane,sales-abs,1815000,1262500,86,44,6229
rosebud-vic-3939,VIC,Mornington Peninsula,sales-vic,756300,1362500,26,-44,14381
mount-duneed-vic-3217,VIC,Surf Coast,sales-vic,710000,1271250,12,-44,6182
denman-prospect-act-2611,ACT,Snowy Valleys,sales-abs,1410000,982500,12,44,2759
lobethal-sa-5241,SA,Adelaide Hills,sales-sa,755000,1335000,27,-43,2534
capel-sound-vic-3940,VIC,Mornington Peninsula,sales-vic,780000,1362500,26,-43,5246
junortoun-vic-3551,VIC,Mount Alexander,sales-vic,967500,676250,10,43,3862
nerrina-vic-3350,VIC,Ballarat,sales-vic,803000,560000,25,43,970
vermont-south-vic-3133,VIC,Maroondah,sales-vic,1510500,1057750,14,43,11954
south-yarra-vic-3141,VIC,Melbourne,sales-vic,2100000,1465000,12,43,25028
aberfeldie-vic-3040,VIC,Moonee Valley,sales-vic,1900000,1332750,10,43,3925
golden-grove-sa-5125,SA,Salisbury,sales-sa,1160000,817500,19,42,10299
warrandyte-vic-3113,VIC,Nillumbik,sales-vic,1330000,935000,12,42,5541
sandhurst-vic-3977,VIC,Frankston,sales-vic,1100000,772750,16,42,5211
lake-wendouree-vic-3350,VIC,Ballarat,sales-vic,795000,560000,25,42,2878
tyabb-vic-3913,VIC,Mornington Peninsula,sales-vic,790000,1362500,26,-42,3449
san-remo-vic-3925,VIC,Bass Coast,sales-vic,965000,682750,14,41,4550
keilor-lodge-vic-3038,VIC,Brimbank,sales-vic,1097500,780000,33,41,1668
heidelberg-west-vic-3081,VIC,Banyule,sales-vic,750000,1263500,15,-41,5252
durack-qld-4077,QLD,Brisbane,sales-abs,742500,1262500,86,-41,35805
healesville-vic-3777,VIC,Murrindindi,sales-vic,792500,562750,8,41,7589
kensington-gardens-sa-5068,SA,Norwood Payneham and St Peters,sales-sa,2337500,1660500,19,41,2498
blackwood-sa-5051,SA,Onkaparinga,sales-sa,1290000,915750,42,41,4266
deakin-act-2600,ACT,Woden,sales-abs,1800000,1276000,13,41,3124
ocean-grove-vic-3226,VIC,Greater Geelong,sales-vic,960000,687500,35,40,17714
eureka-vic-3350,VIC,Ballarat,sales-vic,337000,560000,25,-40,66022
burleigh-waters-qld-4220,QLD,Gold Coast,sales-abs,1595000,1136250,32,40,14556
wattle-park-sa-5066,SA,Adelaide Hills,sales-sa,1851000,1335000,27,39,1885
kingswood-sa-5062,SA,Mitcham,sales-sa,2200000,1581250,26,39,2554
fyansford-vic-3221,VIC,Greater Geelong,sales-vic,955000,687500,35,39,1206
hadfield-vic-3046,VIC,Moreland,sales-vic,816000,1335000,15,-39,6269
cheltenham-vic-3192,VIC,Bayside,sales-vic,1302500,2118750,10,-39,24129
crib-point-vic-3919,VIC,Mornington Peninsula,sales-vic,835000,1362500,26,-39,3343
birregurra-vic-3242,VIC,Surf Coast,sales-vic,775500,1271250,12,-39,942
wright-act-2611,ACT,Snowy Valleys,sales-abs,1370000,982500,12,39,3808
grange-qld-4051,QLD,Brisbane,sales-abs,1747500,1262500,86,38,29574
pasadena-sa-5042,SA,Marion,sales-sa,1620000,1177560,33,38,3073
bittern-vic-3918,VIC,Mornington Peninsula,sales-vic,840000,1362500,26,-38,4276
carisbrook-vic-3464,VIC,Mount Alexander,sales-vic,417000,676250,10,-38,1192
highland-park-qld-4211,QLD,Scenic Rim,sales-abs,961300,695000,8,38,6576
glenroy-vic-3046,VIC,Moreland,sales-vic,825000,1335000,15,-38,36772
doolandella-qld-4077,QLD,Brisbane,sales-abs,783888,1262500,86,-38,7123
mount-warren-park-qld-4207,QLD,Gold Coast,sales-abs,705444,1136250,32,-38,5736
heathcote-vic-3523,VIC,Mitchell,sales-vic,460000,740000,5,-38,3965
woodvale-wa-6026,WA,Wanneroo,sales-abs,883000,644500,10,37,9579
elliminyt-vic-3250,VIC,Colac Otway,sales-vic,735000,535000,6,37,3260
rapid-creek-nt-0810,NT,Darwin,sales-abs,800000,585000,14,37,3261
heywood-vic-3304,VIC,Moyne,sales-vic,353000,557000,10,-37,1815
deagon-qld-4017,QLD,Brisbane,sales-abs,800000,1262500,86,-37,3773
bald-hills-qld-4036,QLD,Brisbane,sales-abs,795000,1262500,86,-37,7000
fingal-vic-3939,VIC,Mornington Peninsula,sales-vic,1870000,1362500,26,37,15900
carlton-north-vic-3054,VIC,Moreland,sales-vic,1826000,1335000,15,37,6177
whitlam-act-2611,ACT,Snowy Valleys,sales-abs,1345000,982500,12,37,7
malvern-sa-5061,SA,Unley,sales-sa,2650750,1940000,9,37,2713
glenside-sa-5065,SA,Burnside,sales-sa,1240000,1963250,14,-37,2852
burnside-sa-5066,SA,Adelaide Hills,sales-sa,1825000,1335000,27,37,3060
miami-qld-4220,QLD,Gold Coast,sales-abs,1555000,1136250,32,37,7445
bardon-qld-4065,QLD,Brisbane,sales-abs,1732500,1262500,86,37,10153
cambridge-park-nsw-2747,NSW,Blacktown,sales-abs,875000,1400000,5,-37,7054
scullin-act-2614,ACT,Belconnen,sales-abs,787000,1240000,7,-37,3069
old-reynella-sa-5161,SA,Marion,sales-sa,745000,1177560,33,-37,3458
balaclava-vic-3183,VIC,Glen Eira,sales-vic,1150000,1819000,15,-37,17964
fairhaven-vic-3231,VIC,Surf Coast,sales-vic,1725000,1271250,12,36,390
underwood-qld-4119,QLD,Logan,sales-abs,900000,660000,11,36,6809
zillmere-qld-4034,QLD,Brisbane,sales-abs,811250,1262500,86,-36,9323
kingsley-wa-6026,WA,Wanneroo,sales-abs,868750,644500,10,35,13204
fyansford-vic-3218,VIC,Golden Plains,sales-vic,955000,706000,8,35,1206
waterways-vic-3195,VIC,Kingston,sales-vic,1635000,1214000,20,35,2422
princes-hill-vic-3054,VIC,Moreland,sales-vic,1800000,1335000,15,35,2005
hendra-qld-4011,QLD,Brisbane,sales-abs,1710000,1262500,86,35,4914
zetland-nsw-2017,NSW,Sydney,sales-abs,2550000,1905000,9,34,12622
terang-vic-3264,VIC,Moyne,sales-vic,365000,557000,10,-34,2254
cowandilla-sa-5033,SA,West Torrens,sales-sa,965000,1467750,22,-34,1455
fitzroy-north-vic-3068,VIC,Moreland,sales-vic,1790500,1335000,15,34,12781
stanhope-vic-3623,VIC,Greater Shepparton,sales-vic,319000,485500,6,-34,890
chapman-act-2611,ACT,Snowy Valleys,sales-abs,1317500,982500,12,34,2867
coromandel-valley-sa-5051,SA,Onkaparinga,sales-sa,1226500,915750,42,34,4380
gawler-south-sa-5118,SA,Playford,sales-sa,982500,731250,18,34,2618
seacombe-heights-sa-5047,SA,Onkaparinga,sales-sa,1230000,915750,42,34,1549
clarendon-sa-5157,SA,Adelaide Hills,sales-sa,880000,1335000,27,-34,643
magnetic-island-qld-4819,QLD,Townsville,sales-abs,565000,422500,8,34,2475
riverhills-qld-4074,QLD,Brisbane,sales-abs,835000,1262500,86,-34,4121
tewantin-qld-4565,QLD,Noosa,sales-abs,1050000,1595000,6,-34,11164
malvern-east-vic-3145,VIC,Glen Eira,sales-vic,2437500,1819000,15,34,22296
glenelg-sa-5045,SA,West Torrens,sales-sa,1949000,1467750,22,33,3440
coorparoo-qld-4151,QLD,Brisbane,sales-abs,1675000,1262500,86,33,18132
williamstown-vic-3016,VIC,Hobsons Bay,sales-vic,1600000,1200000,9,33,16025
bracken-ridge-qld-4017,QLD,Brisbane,sales-abs,840000,1262500,86,-33,17488
marleston-sa-5033,SA,West Torrens,sales-sa,982000,1467750,22,-33,1950
tootgarook-vic-3941,VIC,Mornington Peninsula,sales-vic,915000,1362500,26,-33,3178
mount-osmond-sa-5064,SA,Mitcham,sales-sa,2100000,1581250,26,33,464
ainslie-act-2602,ACT,North Canberra,sales-abs,1500000,1130675,18,33,5376
ashgrove-qld-4060,QLD,Brisbane,sales-abs,1685000,1262500,86,33,13450
rockhampton-city-qld-4700,QLD,Livingstone,sales-abs,255000,380000,7,-33,2059
boondall-qld-4034,QLD,Brisbane,sales-abs,845000,1262500,86,-33,9603
hampstead-gardens-sa-5086,SA,Tea Tree Gully,sales-sa,1200000,901400,29,33,1535
lorne-vic-3232,VIC,Surf Coast,sales-vic,1695000,1271250,12,33,1327
tonsley-sa-5042,SA,Marion,sales-sa,800000,1177560,33,-32,743
highgate-sa-5063,SA,Burnside,sales-sa,2600000,1963250,14,32,1504
vermont-vic-3133,VIC,Maroondah,sales-vic,1395500,1057750,14,32,10993
karana-downs-qld-4306,QLD,Scenic Rim,sales-abs,915000,695000,8,32,3800
braybrook-vic-3019,VIC,Maribyrnong,sales-vic,743000,1100000,7,-32,9682
watsonia-north-vic-3087,VIC,Banyule,sales-vic,863500,1263500,15,-32,3799
norlane-vic-3214,VIC,Greater Geelong,sales-vic,466000,687500,35,-32,8682
raymond-island-vic-3880,VIC,Wellington,sales-vic,580000,440000,15,32,589
springvale-south-vic-3172,VIC,Kingston,sales-vic,830000,1214000,20,-32,12766
glen-iris-vic-3146,VIC,Stonnington,sales-vic,2715000,2055000,9,32,26131
hove-sa-5048,SA,Marion,sales-sa,1550000,1177560,33,32,3189
harrington-park-nsw-2567,NSW,Campbelltown,sales-abs,1330000,1008750,6,32,13332
mornington-vic-3931,VIC,Mornington Peninsula,sales-vic,925000,1362500,26,-32,25759
orbost-vic-3888,VIC,East Gippsland,sales-vic,360000,520000,16,-31,2264
coomera-qld-4209,QLD,Gold Coast,sales-abs,780000,1136250,32,-31,20225
kangaroo-point-qld-4169,QLD,Brisbane,sales-abs,1650000,1262500,86,31,15882
parkdale-vic-3195,VIC,Kingston,sales-vic,1588000,1214000,20,31,12308
helensburgh-nsw-2508,NSW,Campbelltown,sales-abs,1325000,1008750,6,31,6576
wantirna-south-vic-3152,VIC,Knox,sales-vic,1362000,1043500,9,31,20754
millgrove-vic-3799,VIC,Yarra Ranges,sales-vic,620000,903750,22,-31,1666
yarram-vic-3971,VIC,Wellington,sales-vic,305000,440000,15,-31,2136
page-act-2614,ACT,Belconnen,sales-abs,857000,1240000,7,-31,3054
highbury-sa-5089,SA,Tea Tree Gully,sales-sa,1185000,901400,29,31,6956
camp-hill-qld-4152,QLD,Brisbane,sales-abs,1642500,1262500,86,30,12254
springfield-lakes-qld-4300,QLD,Ipswich,sales-abs,750000,577000,6,30,17211
panorama-sa-5041,SA,Mitcham,sales-sa,1112500,1581250,26,-30,2388
east-bairnsdale-vic-3875,VIC,East Gippsland,sales-vic,362500,520000,16,-30,1352
goonellabah-nsw-2480,NSW,Ballina,sales-abs,702500,1000000,5,-30,13351
syndal-vic-3149,VIC,Monash,sales-vic,1753000,1351000,13,30,35340
taringa-qld-4068,QLD,Brisbane,sales-abs,1646000,1262500,86,30,8732
highton-vic-3216,VIC,Greater Geelong,sales-vic,892500,687500,35,30,20736
clifton-hill-vic-3068,VIC,Moreland,sales-vic,1735000,1335000,15,30,6606
hopetoun-vic-3396,VIC,Yarriambiack,sales-vic,155000,220000,5,-30,694
greenvale-vic-3059,VIC,Hume,sales-vic,882500,676750,12,30,21274
patterson-lakes-vic-3197,VIC,Kingston,sales-vic,1575000,1214000,20,30,7793
hawthorn-sa-5062,SA,Mitcham,sales-sa,2050000,1581250,26,30,2221
rye-vic-3941,VIC,Mornington Peninsula,sales-vic,960000,1362500,26,-30,9438
redlynch-qld-4870,QLD,Cairns,sales-abs,700000,538375,10,30,10571
portarlington-vic-3223,VIC,Greater Geelong,sales-vic,890000,687500,35,29,4436
the-vines-wa-6069,WA,Swan,sales-abs,800000,620500,6,29,5848
lynton-sa-5062,SA,Mitcham,sales-sa,1127500,1581250,26,-29,222
semaphore-sa-5019,SA,Charles Sturt,sales-sa,1472500,1140000,25,29,2749
northcote-vic-3070,VIC,Moreland,sales-vic,1724500,1335000,15,29,25276
rangeville-qld-4350,QLD,Toowoomba,sales-abs,715000,555000,6,29,8668
springwood-qld-4127,QLD,Brisbane,sales-abs,895000,1262500,86,-29,27206
heidelberg-heights-vic-3081,VIC,Banyule,sales-vic,891500,1263500,15,-29,6758
canterbury-vic-3126,VIC,Boroondara,sales-vic,3544000,2751500,10,29,7773
inverloch-vic-3996,VIC,South Gippsland,sales-vic,792500,612500,8,29,6526
glen-osmond-sa-5064,SA,Mitcham,sales-sa,2034000,1581250,26,29,2154
mansfield-park-sa-5012,SA,Charles Sturt,sales-sa,813750,1140000,25,-29,4608
moreton-island-qld-4025,QLD,Brisbane,sales-abs,1625000,1262500,86,29,180
keperra-qld-4054,QLD,Brisbane,sales-abs,900000,1262500,86,-29,7014
algester-qld-4115,QLD,Brisbane,sales-abs,900000,1262500,86,-29,9020
reynella-sa-5161,SA,Marion,sales-sa,831050,1177560,33,-29,4836
fairfield-vic-3078,VIC,Yarra,sales-vic,2050000,1585000,8,29,12237
yea-vic-3717,VIC,Mitchell,sales-vic,525000,740000,5,-29,1789
seaford-heights-sa-5169,SA,Onkaparinga,sales-sa,660000,915750,42,-28,1079
woodville-gardens-sa-5012,SA,Charles Sturt,sales-sa,825000,1140000,25,-28,2412
dayboro-qld-4521,QLD,Moreton Bay,sales-abs,1150000,897000,23,28,2376
loch-sport-vic-3851,VIC,Wellington,sales-vic,315000,440000,15,-28,1021
garden-city-vic-3207,VIC,Melbourne,sales-vic,1875000,1465000,12,28,17633
strathmore-vic-3041,VIC,Moonee Valley,sales-vic,1705000,1332750,10,28,13111
middle-park-vic-3206,VIC,Port Phillip,sales-vic,2352500,1840000,12,28,10043
alphington-vic-3078,VIC,Yarra,sales-vic,2025000,1585000,8,28,5702
keilor-east-vic-3033,VIC,Brimbank,sales-vic,1000000,780000,33,28,15078
wonthaggi-vic-3995,VIC,Bass Coast,sales-vic,490000,682750,14,-28,5215
south-dudley-vic-3995,VIC,Bass Coast,sales-vic,489500,682750,14,-28,421
port-willunga-sa-5173,SA,Onkaparinga,sales-sa,1175000,915750,42,28,1785
eastwood-sa-5063,SA,Burnside,sales-sa,1420000,1963250,14,-28,712
highett-vic-3190,VIC,Kingston,sales-vic,1555000,1214000,20,28,12016
manningham-sa-5086,SA,Tea Tree Gully,sales-sa,1150000,901400,29,28,1391
fadden-act-2904,ACT,Tuggeranong,sales-abs,1097500,855000,15,28,3006
daisy-hill-qld-4127,QLD,Brisbane,sales-abs,908393,1262500,86,-28,27206
mile-end-sa-5031,SA,West Torrens,sales-sa,1055000,1467750,22,-28,4536
glengowrie-sa-5044,SA,Marion,sales-sa,1500000,1177560,33,27,5767
crafers-west-sa-5152,SA,Mitcham,sales-sa,1155253,1581250,26,-27,1307
reynella-east-sa-5161,SA,Marion,sales-sa,857000,1177560,33,-27,1990
willagee-wa-6156,WA,Melville,sales-abs,805000,1100000,5,-27,5447
glen-waverley-vic-3150,VIC,Monash,sales-vic,1710000,1351000,13,27,42642
ventnor-vic-3922,VIC,Bass Coast,sales-vic,865000,682750,14,27,10118
balhannah-sa-5242,SA,Adelaide Hills,sales-sa,978500,1335000,27,-27,1756
spring-hill-qld-4000,QLD,Brisbane,sales-abs,1600000,1262500,86,27,20341
dalyston-vic-3992,VIC,Bass Coast,sales-vic,500000,682750,14,-27,843
dromana-vic-3936,VIC,Mornington Peninsula,sales-vic,1000000,1362500,26,-27,6626
chum-creek-vic-3777,VIC,Murrindindi,sales-vic,712500,562750,8,27,981
samford-valley-qld-4520,QLD,Brisbane,sales-abs,1600000,1262500,86,27,3208
mawson-lakes-sa-5095,SA,Salisbury,sales-sa,1040000,817500,19,27,13794
ringwood-vic-3134,VIC,Manningham,sales-vic,1002500,1365000,12,-27,34607
darlinghurst-nsw-2010,NSW,Sydney,sales-abs,2392500,1905000,9,26,10615
frewville-sa-5063,SA,Burnside,sales-sa,2480000,1963250,14,26,896
beulah-park-sa-5067,SA,Burnside,sales-sa,1450000,1963250,14,-26,1601
clarence-gardens-sa-5039,SA,Marion,sales-sa,1486327,1177560,33,26,2373
karama-nt-0812,NT,Darwin,sales-abs,435000,585000,14,-26,4803
winthrop-wa-6150,WA,Melville,sales-abs,1389500,1100000,5,26,6020
caulfield-north-vic-3161,VIC,Glen Eira,sales-vic,2296500,1819000,15,26,16903
deception-bay-qld-4508,QLD,Moreton Bay,sales-abs,663000,897000,23,-26,19573
indooroopilly-qld-4068,QLD,Brisbane,sales-abs,1593500,1262500,86,26,13622
runcorn-qld-4113,QLD,Brisbane,sales-abs,935000,1262500,86,-26,14199
essendon-north-vic-3041,VIC,Moonee Valley,sales-vic,981000,1332750,10,-26,3071
werribee-south-vic-3030,VIC,Wyndham,sales-vic,850000,672750,14,26,2392
avondale-heights-vic-3034,VIC,Moonee Valley,sales-vic,990000,1332750,10,-26,12388
geelong-vic-3220,VIC,Greater Geelong,sales-vic,865500,687500,35,26,5811
watsonia-vic-3087,VIC,Banyule,sales-vic,941000,1263500,15,-26,5352
venus-bay-vic-3956,VIC,South Gippsland,sales-vic,454000,612500,8,-26,3037
leabrook-sa-5068,SA,Norwood Payneham and St Peters,sales-sa,2100000,1660500,19,26,1605
garran-act-2605,ACT,Woden,sales-abs,1605000,1276000,13,26,3706
bellevue-heights-sa-5050,SA,Mitcham,sales-sa,1178000,1581250,26,-26,2712
wayville-sa-5034,SA,Unley,sales-sa,1430000,1940000,9,-26,1922
sea-lake-vic-3533,VIC,Swan Hill,sales-vic,230000,312500,7,-26,619
toowong-qld-4066,QLD,Brisbane,sales-abs,1587500,1262500,86,26,12556
queenstown-sa-5014,SA,Port Adelaide Enfield,sales-sa,779500,1055500,40,-26,1943
mount-martha-vic-3934,VIC,Mornington Peninsula,sales-vic,1710000,1362500,26,26,19846
