population,sharedBy,slug
14676,44,indulkana-sa-0872
14676,44,lambina-sa-0872
14676,44,simpson-nt-0872
14676,44,amata-nt-0872
14676,44,kulgera-nt-0872
14676,44,kiwirrkurra-wa-0872
14676,44,aherrenge-nt-0872
14676,44,fregon-nt-0872
14676,44,pitjantjatjara-homelands-nt-0872
14676,44,ayers-range-south-nt-0872
14676,44,telegraph-station-nt-0872
14676,44,antewenegerrde-nt-0872
14676,44,docker-river-nt-0872
14676,44,uluru-nt-0872
14676,44,urapuntja-nt-0872
14676,44,nyapari-sa-0872
14676,44,murputja-sa-0872
14676,44,watinuma-sa-0872
14676,44,indulkana-iwantja-sa-0872
14676,44,watarru-sa-0872
14676,44,yunyarinyi-sa-0872
14676,44,de-rose-hill-nt-0872
14676,44,ernabella-nt-0872
14676,44,wingellina-wa-0872
14676,44,ernabella-pukatja-nt-0872
14676,44,kings-creek-station-nt-0872
14676,44,anangu-pitjantjatjara-yankunytjatjara-nt-0872
14676,44,ayers-rock-nt-0872
14676,44,barrow-creek-nt-0872
14676,44,chilla-well-nt-0872
14676,44,erldunda-nt-0872
14676,44,hart-range-nt-0872
14676,44,imampa-nt-0872
14676,44,jay-creek-nt-0872
14676,44,ininti-store-nt-0872
14676,44,macdonnell-range-nt-0872
14676,44,mulga-bore-nt-0872
14676,44,murputja-homelands-nt-0872
14676,44,umpangara-nt-0872
14676,44,napperby-station-nt-0872
14676,44,thangkenharenge-nt-0872
14676,44,wanarn-nt-0872
14676,44,kanpa-wa-0872
14676,44,umuwa-sa-0872
25304,40,millwood-nt-0822
25304,40,koolpinyah-nt-0822
25304,40,pularumpi-nt-0822
25304,40,darwin-river-dam-nt-0822
25304,40,tivendale-nt-0822
25304,40,wak-wak-nt-0822
25304,40,bynoe-harbour-nt-0822
25304,40,collett-creek-nt-0822
25304,40,vernon-islands-nt-0822
25304,40,delissaville-nt-0822
25304,40,mandorah-nt-0822
25304,40,mickett-creek-nt-0822
25304,40,bathurst-island-nt-0822
25304,40,oenpelli-nt-0822
25304,40,border-store-nt-0822
25304,40,elrundie-nt-0822
25304,40,darwin-mc-nt-0822
25304,40,micket-creek-nt-0822
25304,40,mapuru-nt-0822
25304,40,maranunga-nt-0822
25304,40,woolaning-nt-0822
25304,40,murrumujuk-nt-0822
25304,40,sandpalms-roadhouse-nt-0822
25304,40,black-jungle-nt-0822
25304,40,croker-island-nt-0822
25304,40,goulbourn-island-nt-0822
25304,40,camp-creek-nt-0822
25304,40,charles-darwin-nt-0822
25304,40,daly-nt-0822
25304,40,pulumpa-nt-0822
25304,40,point-stephens-nt-0822
25304,40,goulburn-island-nt-0822
25304,40,fleming-nt-0822
25304,40,hayes-creek-nt-0822
25304,40,nguiu-nt-0822
25304,40,wishart-nt-0822
25304,40,glyde-point-nt-0822
25304,40,blackmore-nt-0822
25304,40,annie-river-nt-0822
25304,40,channel-island-nt-0822
10798,35,stockton-qld-4871
10798,35,croydon-qld-4871
10798,35,georgetown-qld-4871
10798,35,germantown-qld-4871
10798,35,gilberton-qld-4871
10798,35,laura-qld-4871
10798,35,mornington-island-qld-4871
10798,35,bolwarra-qld-4871
10798,35,helenvale-qld-4871
10798,35,gununa-qld-4871
10798,35,lockhart-qld-4871
10798,35,lyndhurst-qld-4871
10798,35,portland-roads-qld-4871
10798,35,camp-creek-qld-4871
10798,35,kidston-qld-4871
10798,35,four-mile-beach-qld-4871
10798,35,coralie-qld-4871
10798,35,lakeland-downs-qld-4871
10798,35,west-wellesley-islands-qld-4871
10798,35,fossilbrook-qld-4871
10798,35,bulleringa-qld-4871
10798,35,south-wellesley-islands-qld-4871
10798,35,spurgeon-qld-4871
10798,35,amber-qld-4871
10798,35,mamu-qld-4871
10798,35,rookwood-qld-4871
10798,35,miriwinni-qld-4871
10798,35,moresby-qld-4871
10798,35,macalister-range-qld-4871
10798,35,strathmore-qld-4871
10798,35,springfield-qld-4871
10798,35,karron-qld-4871
10798,35,nychum-qld-4871
10798,35,east-creek-qld-4871
10798,35,basilisk-qld-4871
85500,30,planella-qld-4740
85500,30,mackay-north-qld-4740
85500,30,planland-qld-4740
85500,30,mackay-east-qld-4740
85500,30,richmond-qld-4740
85500,30,telina-heights-qld-4740
85500,30,homebush-qld-4740
85500,30,keswick-island-qld-4740
85500,30,timberlands-qld-4740
85500,30,mount-pleasant-qld-4740
85500,30,alexandra-qld-4740
85500,30,wundaru-qld-4740
85500,30,alligator-creek-qld-4740
85500,30,bakers-creek-qld-4740
85500,30,yakapari-qld-4740
85500,30,louisa-creek-qld-4740
85500,30,beaconsfield-qld-4740
85500,30,mackay-south-qld-4740
85500,30,caneland-qld-4740
85500,30,dundula-qld-4740
85500,30,noorlah-qld-4740
85500,30,mackay-bc-qld-4740
85500,30,mackay-caneland-qld-4740
85500,30,mackay-dc-qld-4740
85500,30,mackay-west-qld-4740
85500,30,half-tide-beach-qld-4740
85500,30,coningsby-qld-4740
85500,30,cremorne-qld-4740
85500,30,richanna-heights-qld-4740
85500,30,salonika-beach-qld-4740
29819,30,westwood-qld-4702
29819,30,withersfield-qld-4702
29819,30,yaraka-qld-4702
29819,30,central-queensland-mc-qld-4702
29819,30,fernlees-qld-4702
29819,30,sapphire-qld-4702
29819,30,shoalwater-qld-4702
29819,30,bogantungan-qld-4702
29819,30,mackenzie-qld-4702
29819,30,blackdown-qld-4702
29819,30,smoky-creek-qld-4702
29819,30,woolein-qld-4702
29819,30,willows-gemfields-qld-4702
29819,30,rubyvale-qld-4702
29819,30,pheasant-creek-qld-4702
29819,30,wallaroo-qld-4702
29819,30,the-gemfields-qld-4702
29819,30,nine-mile-qld-4702
29819,30,rannes-qld-4702
29819,30,dundula-creek-qld-4702
29819,30,gemfields-qld-4702
29819,30,moonmera-qld-4702
29819,30,argoon-qld-4702
29819,30,stewarton-qld-4702
29819,30,yalleroi-qld-4702
29819,30,midgee-qld-4702
29819,30,mimosa-qld-4702
29819,30,glenroy-qld-4702
29819,30,plum-tree-qld-4702
29819,30,anakie-qld-4702
19299,25,buckingham-qld-4825
19299,25,fisher-qld-4825
19299,25,the-monument-qld-4825
19299,25,waverley-qld-4825
19299,25,bushy-park-qld-4825
19299,25,pioneer-qld-4825
19299,25,ryan-qld-4825
19299,25,the-gap-qld-4825
19299,25,brunette-downs-qld-4825
19299,25,mount-isa-dc-qld-4825
19299,25,mount-isa-east-qld-4825
19299,25,happy-valley-qld-4825
19299,25,mornington-qld-4825
19299,25,alpurrurulam-qld-4825
19299,25,alroy-qld-4825
19299,25,parkside-qld-4825
19299,25,anthonys-lagoon-qld-4825
19299,25,osborne-mine-qld-4825
19299,25,soldiers-hill-qld-4825
19299,25,menzies-qld-4825
19299,25,mount-isa-bc-qld-4825
19299,25,georgina-qld-4825
19299,25,alexandria-qld-4825
19299,25,barkly-qld-4825
19299,25,mary-kathleen-qld-4825
115218,23,toowoomba-west-qld-4350
115218,23,toowoomba-dc-qld-4350
115218,23,wyalla-plaza-qld-4350
115218,23,northpoint-qld-4350
115218,23,carrington-qld-4350
115218,23,eastlake-qld-4350
115218,23,newtown-qld-4350
115218,23,drayton-north-qld-4350
115218,23,northlands-qld-4350
115218,23,torrington-qld-4350
115218,23,clifford-gardens-qld-4350
115218,23,charlton-qld-4350
115218,23,gowrie-qld-4350
115218,23,glenvale-park-qld-4350
115218,23,toowoomba-east-qld-4350
115218,23,picnic-point-qld-4350
115218,23,toowoomba-south-qld-4350
115218,23,macdonaldtown-qld-4350
115218,23,westbrook-qld-4350
115218,23,southtown-qld-4350
115218,23,toowoomba-qld-4350
115218,23,toowoomba-bc-qld-4350
115218,23,toowoomba-village-fair-qld-4350
7526,23,kubin-village-qld-4875
7526,23,boigu-qld-4875
7526,23,coconut-island-qld-4875
7526,23,darnley-island-qld-4875
7526,23,erub-qld-4875
7526,23,yam-island-qld-4875
7526,23,mabuiag-qld-4875
7526,23,talbot-island-qld-4875
7526,23,waua-islet-qld-4875
7526,23,kubin-qld-4875
7526,23,stephens-island-qld-4875
7526,23,jervis-island-qld-4875
7526,23,horn-island-qld-4875
7526,23,iama-qld-4875
7526,23,warraber-island-qld-4875
7526,23,yorke-island-qld-4875
7526,23,burrar-islet-qld-4875
7526,23,dowar-islet-qld-4875
7526,23,mulgrave-island-qld-4875
7526,23,murray-island-qld-4875
7526,23,masig-qld-4875
7526,23,banks-island-qld-4875
7526,23,guijar-islet-qld-4875
55339,21,nagoorin-qld-4680
55339,21,many-peaks-qld-4680
55339,21,calliope-qld-4680
55339,21,gladstone-bc-qld-4680
55339,21,sun-valley-qld-4680
55339,21,clinton-qld-4680
55339,21,gladstone-dc-qld-4680
55339,21,taragoola-qld-4680
55339,21,o-connell-qld-4680
55339,21,south-trees-qld-4680
55339,21,tablelands-qld-4680
55339,21,gladstone-qld-4680
55339,21,heron-island-qld-4680
55339,21,hetherington-qld-4680
55339,21,gladstone-south-qld-4680
55339,21,builyan-qld-4680
55339,21,ubobo-qld-4680
55339,21,byellee-qld-4680
55339,21,littlemore-qld-4680
55339,21,south-end-qld-4680
55339,21,barmundu-qld-4680
48283,21,bletchington-nsw-2800
48283,21,cranbury-nsw-2800
48283,21,summer-hill-nsw-2800
48283,21,orange-dc-nsw-2800
48283,21,cheesemans-creek-nsw-2800
48283,21,cullya-nsw-2800
48283,21,calare-nsw-2800
48283,21,glenroi-nsw-2800
48283,21,bloomfield-nsw-2800
48283,21,ammerdown-nsw-2800
48283,21,orange-moulder-street-nsw-2800
48283,21,suma-park-nsw-2800
48283,21,huntley-nsw-2800
48283,21,spring-hill-nsw-2800
48283,21,orange-east-nsw-2800
48283,21,long-point-nsw-2800
48283,21,narrambla-nsw-2800
48283,21,bowen-nsw-2800
48283,21,kaleentha-nsw-2800
48283,21,warrendine-nsw-2800
48283,21,towac-nsw-2800
31079,20,chaelundi-nsw-2460
31079,20,keybarbin-nsw-2460
31079,20,bookram-nsw-2460
31079,20,crowther-island-nsw-2460
31079,20,towallum-nsw-2460
31079,20,blaxlands-flat-nsw-2460
31079,20,grafton-west-nsw-2460
31079,20,deep-creek-nsw-2460
31079,20,washpool-nsw-2460
31079,20,lower-coldstream-nsw-2460
31079,20,punchbowl-nsw-2460
31079,20,smiths-creek-nsw-2460
31079,20,south-arm-nsw-2460
31079,20,wombat-creek-nsw-2460
31079,20,barcoongere-nsw-2460
31079,20,carrs-peninsular-nsw-2460
31079,20,collum-collum-nsw-2460
31079,20,mcphersons-crossing-nsw-2460
31079,20,bom-bom-nsw-2460
31079,20,dumbudgery-nsw-2460
26911,19,newling-nsw-2350
26911,19,enmore-nsw-2350
26911,19,soudan-heights-nsw-2350
26911,19,south-hill-nsw-2350
26911,19,st-patricks-nsw-2350
26911,19,west-armidale-nsw-2350
26911,19,duval-nsw-2350
26911,19,madgwick-nsw-2350
26911,19,bona-vista-nsw-2350
26911,19,armidale-east-nsw-2350
26911,19,ben-venue-nsw-2350
26911,19,acacia-park-nsw-2350
26911,19,argyle-nsw-2350
26911,19,north-hill-nsw-2350
26911,19,commissioners-waters-nsw-2350
26911,19,lyndhurst-nsw-2350
26911,19,hillgrove-nsw-2350
26911,19,armidale-dc-nsw-2350
26911,19,east-armidale-nsw-2350
44963,18,whylandra-crossing-nsw-2830
44963,18,muronbung-nsw-2830
44963,18,eulomogo-nsw-2830
44963,18,dubbo-dc-nsw-2830
44963,18,boothenba-nsw-2830
44963,18,dubbo-east-nsw-2830
44963,18,dubbo-west-nsw-2830
44963,18,eschol-nsw-2830
44963,18,dubbo-grove-nsw-2830
44963,18,talbragar-nsw-2830
44963,18,beni-nsw-2830
44963,18,dickygundi-nsw-2830
44963,18,troy-junction-nsw-2830
44963,18,orana-heights-nsw-2830
44963,18,barbigal-nsw-2830
44963,18,manera-heights-nsw-2830
44963,18,delroy-gardens-nsw-2830
44963,18,cumboogle-nsw-2830
5608,18,gloucester-tops-nsw-2422
5608,18,upper-bowman-nsw-2422
5608,18,wapra-nsw-2422
5608,18,doon-ayre-nsw-2422
5608,18,wirradgurie-nsw-2422
5608,18,back-creek-nsw-2422
5608,18,maudville-nsw-2422
5608,18,mograni-creek-nsw-2422
5608,18,mount-peerless-nsw-2422
5608,18,corroboree-flat-nsw-2422
5608,18,pitlochry-nsw-2422
5608,18,mares-run-nsw-2422
5608,18,mernot-nsw-2422
5608,18,giro-nsw-2422
5608,18,baxters-ridge-nsw-2422
5608,18,barrington-tops-nsw-2422
5608,18,bakers-creek-nsw-2422
5608,18,callaghans-creeks-nsw-2422
84718,18,bundaberg-dc-qld-4670
84718,18,oakwood-qld-4670
84718,18,bundaberg-qld-4670
84718,18,pine-creek-qld-4670
84718,18,avondale-qld-4670
84718,18,kensington-qld-4670
84718,18,ashfield-qld-4670
84718,18,moore-park-qld-4670
84718,18,avoca-qld-4670
84718,18,burnett-downs-qld-4670
84718,18,bucca-qld-4670
84718,18,santa-fe-heights-qld-4670
84718,18,windermere-qld-4670
84718,18,moorland-qld-4670
84718,18,abbotsford-qld-4670
84718,18,glenforest-qld-4670
84718,18,elliott-qld-4670
84718,18,millbank-qld-4670
48267,17,kinghorne-nsw-2540
48267,17,tallowal-nsw-2540
48267,17,moollattoo-nsw-2540
48267,17,buangla-nsw-2540
48267,17,boolijah-nsw-2540
48267,17,badagarang-nsw-2540
48267,17,hmas-albatross-nsw-2540
48267,17,nowra-naval-po-nsw-2540
48267,17,mayfield-nsw-2540
48267,17,yalwal-nsw-2540
48267,17,ettrema-nsw-2540
48267,17,tullarwalla-nsw-2540
48267,17,twelve-mile-peg-nsw-2540
48267,17,beecroft-peninsula-nsw-2540
48267,17,hmas-creswell-act-2540
48267,17,jervis-bay-act-2540
48267,17,wreck-bay-act-2540
73803,17,cairns-orchid-plaza-qld-4870
73803,17,north-cairns-qld-4870
73803,17,cairns-mc-qld-4870
73803,17,manoora-qld-4870
73803,17,whitfield-qld-4870
73803,17,cairns-qld-4870
73803,17,cairns-dc-qld-4870
73803,17,cairns-central-qld-4870
73803,17,martynvale-qld-4870
73803,17,barron-gorge-qld-4870
73803,17,lake-morris-qld-4870
73803,17,cairns-mcleod-street-qld-4870
73803,17,mackinnon-qld-4870
73803,17,stratford-qld-4870
73803,17,earlville-bc-qld-4870
73803,17,freshwater-qld-4870
73803,17,kanimbla-qld-4870
7346,17,mount-christian-qld-4741
7346,17,flaggy-rock-qld-4741
7346,17,orkabie-qld-4741
7346,17,brampton-island-qld-4741
7346,17,eton-north-qld-4741
7346,17,mackay-mc-qld-4741
7346,17,pinnacle-qld-4741
7346,17,seaforth-qld-4741
7346,17,south-molle-qld-4741
7346,17,epsom-qld-4741
7346,17,coppabella-qld-4741
7346,17,daydream-island-qld-4741
7346,17,kalarka-qld-4741
7346,17,lindeman-island-qld-4741
7346,17,long-island-qld-4741
7346,17,hook-island-qld-4741
7346,17,hampden-qld-4741
9284,17,majors-creek-qld-4816
9284,17,crimea-qld-4816
9284,17,hidden-valley-qld-4816
9284,17,ross-river-qld-4816
9284,17,greenvale-qld-4816
9284,17,buchanan-qld-4816
9284,17,mount-elliot-qld-4816
9284,17,alligator-creek-qld-4816
9284,17,woodstock-qld-4816
9284,17,nelia-qld-4816
9284,17,savannah-qld-4816
9284,17,sellheim-qld-4816
9284,17,macrossan-qld-4816
9284,17,ravenswood-qld-4816
9284,17,crystal-creek-qld-4816
9284,17,the-cape-qld-4816
9284,17,prairie-qld-4816
34942,16,bidwill-qld-4650
34942,16,st-helens-qld-4650
34942,16,glenorchy-qld-4650
34942,16,glendorf-qld-4650
34942,16,little-tuan-qld-4650
34942,16,the-dimonds-qld-4650
34942,16,big-tuan-qld-4650
34942,16,hillcrest-heights-qld-4650
34942,16,maryborough-qld-4650
34942,16,granville-qld-4650
34942,16,netherby-qld-4650
34942,16,oakhurst-qld-4650
34942,16,pallas-street-maryborough-qld-4650
34942,16,baddow-qld-4650
34942,16,maryborough-dc-qld-4650
34942,16,aubinville-qld-4650
12069,16,florentine-tas-7140
12069,16,mount-field-tas-7140
12069,16,glenfern-tas-7140
12069,16,little-pine-lagoon-tas-7140
12069,16,styx-tas-7140
12069,16,fitzgerald-tas-7140
12069,16,molesworth-tas-7140
12069,16,hamilton-tas-7140
12069,16,victoria-valley-tas-7140
12069,16,plenty-tas-7140
12069,16,osterley-tas-7140
12069,16,ellendale-tas-7140
12069,16,tyenna-tas-7140
12069,16,bushy-park-tas-7140
12069,16,meadowbank-tas-7140
12069,16,butlers-gorge-tas-7140
43997,15,dundas-qld-4306
43997,15,wivenhoe-qld-4306
43997,15,washpool-qld-4306
43997,15,ironbark-qld-4306
43997,15,west-amberley-qld-4306
43997,15,white-rock-qld-4306
43997,15,blackwall-qld-4306
43997,15,pine-mountain-qld-4306
43997,15,holts-hill-qld-4306
43997,15,loamside-qld-4306
43997,15,fernvale-qld-4306
43997,15,bellhaven-qld-4306
43997,15,blackbutt-qld-4306
43997,15,colinton-qld-4306
43997,15,forest-glade-qld-4306
46427,15,long-flat-qld-4570
46427,15,araluen-qld-4570
46427,15,toolara-qld-4570
46427,15,scrubby-creek-qld-4570
46427,15,gympie-dc-qld-4570
46427,15,kia-ora-qld-4570
46427,15,paterson-qld-4570
46427,15,glanmire-qld-4570
46427,15,glenwood-qld-4570
46427,15,victory-heights-qld-4570
46427,15,sandy-creek-qld-4570
46427,15,ross-creek-qld-4570
46427,15,greens-creek-qld-4570
46427,15,chatsworth-qld-4570
46427,15,toolara-forest-qld-4570
35614,15,pilchers-bridge-vic-3551
35614,15,lake-eppalock-vic-3551
35614,15,newbridge-vic-3551
35614,15,arnold-vic-3551
35614,15,emu-creek-vic-3551
35614,15,bendigo-forward-vic-3551
35614,15,kimbolton-vic-3551
35614,15,murphys-creek-vic-3551
35614,15,mosquito-creek-vic-3551
35614,15,myola-vic-3551
35614,15,myola-east-vic-3551
35614,15,epsom-vic-3551
35614,15,minto-vic-3551
35614,15,myrtle-creek-vic-3551
35614,15,ascot-vic-3551
45077,14,the-rocks-nsw-2795
45077,14,jeremy-nsw-2795
45077,14,curragh-nsw-2795
45077,14,o-connell-nsw-2795
45077,14,colo-nsw-2795
45077,14,stewarts-mount-nsw-2795
45077,14,trunkey-nsw-2795
45077,14,oconnell-nsw-2795
45077,14,paling-yards-nsw-2795
45077,14,yarras-nsw-2795
45077,14,twenty-forests-nsw-2795
45077,14,box-ridge-nsw-2795
45077,14,winburndale-nsw-2795
45077,14,bathurst-west-nsw-2795
19146,14,munghorn-nsw-2850
19146,14,murragamba-nsw-2850
19146,14,long-creek-nsw-2850
19146,14,glen-ayr-nsw-2850
19146,14,gulgamree-nsw-2850
19146,14,ullamalla-nsw-2850
19146,14,millsville-nsw-2850
19146,14,ben-buckley-nsw-2850
19146,14,wilpinjong-nsw-2850
19146,14,mogo-nsw-2850
19146,14,tichular-nsw-2850
19146,14,barigan-nsw-2850
19146,14,milroy-nsw-2850
19146,14,stony-creek-nsw-2850
31026,14,rangemore-qld-4352
31026,14,hampton-qld-4352
31026,14,woodleigh-qld-4352
31026,14,preston-qld-4352
31026,14,birnam-qld-4352
31026,14,cawdor-qld-4352
31026,14,highfields-qld-4352
31026,14,murphys-creek-qld-4352
31026,14,palm-tree-qld-4352
31026,14,ramsay-qld-4352
31026,14,toowoomba-mc-qld-4352
31026,14,lilyvale-qld-4352
31026,14,glencoe-qld-4352
31026,14,grape-tree-qld-4352
19720,14,lake-sorell-tas-7030
19720,14,liawenee-tas-7030
19720,14,dromedary-tas-7030
19720,14,elderslie-tas-7030
19720,14,bagdad-north-tas-7030
19720,14,pelham-tas-7030
19720,14,brighton-tas-7030
19720,14,millers-bluff-tas-7030
19720,14,apsley-tas-7030
19720,14,bridgewater-tas-7030
19720,14,dysart-tas-7030
19720,14,mangalore-tas-7030
19720,14,jericho-tas-7030
19720,14,shannon-tas-7030
18922,14,chapel-flat-vic-3352
18922,14,wattle-flat-vic-3352
18922,14,clarendon-vic-3352
18922,14,mount-mitchell-vic-3352
18922,14,enfield-vic-3352
18922,14,bungaree-vic-3352
18922,14,mitchell-park-vic-3352
18922,14,leigh-creek-vic-3352
18922,14,ballarat-roadside-delivery-vic-3352
18922,14,invermay-vic-3352
18922,14,learmonth-vic-3352
18922,14,millbrook-vic-3352
18922,14,windermere-vic-3352
18922,14,bonshaw-vic-3352
8735,13,wave-hill-nt-0852
8735,13,nitjpurru-nt-0852
8735,13,nutwood-downs-nt-0852
8735,13,edith-river-nt-0852
8735,13,miniyerri-nt-0852
8735,13,helen-springs-station-nt-0852
8735,13,maranboy-nt-0852
8735,13,victoria-river-downs-nt-0852
8735,13,dunmarra-nt-0852
8735,13,elsey-station-nt-0852
8735,13,kalkaringi-nt-0852
8735,13,gulung-mardrulk-nt-0852
8735,13,wugularr-nt-0852
21445,13,combo-nsw-2330
21445,13,glendonbrook-nsw-2330
21445,13,st-clair-nsw-2330
21445,13,mount-olive-nsw-2330
21445,13,darlington-nsw-2330
21445,13,greenlands-nsw-2330
21445,13,long-point-nsw-2330
21445,13,wollemi-nsw-2330
21445,13,big-yengo-nsw-2330
21445,13,gowrie-nsw-2330
21445,13,howick-nsw-2330
21445,13,dural-nsw-2330
21445,13,singleton-dc-nsw-2330
10066,13,bermagui-south-nsw-2546
10066,13,greendale-nsw-2546
10066,13,beauty-point-nsw-2546
10066,13,wallaga-lake-heights-nsw-2546
10066,13,spring-hill-vic-3444
10066,13,mia-mia-vic-3444
10066,13,baynton-east-vic-3444
10066,13,myrtle-creek-vic-3444
10066,13,greenhill-vic-3444
10066,13,lyal-vic-3444
10066,13,baynton-vic-3444
10066,13,wadbilliga-nsw-2546
10066,13,tylden-south-vic-3444
19195,13,rosehill-qld-4370
19195,13,glennie-heights-qld-4370
19195,13,maryvale-qld-4370
19195,13,gladfield-qld-4370
19195,13,cunningham-qld-4370
19195,13,swan-creek-qld-4370
19195,13,warwick-qld-4370
19195,13,warwick-dc-qld-4370
19195,13,the-glen-qld-4370
19195,13,montrose-qld-4370
19195,13,willowvale-qld-4370
19195,13,north-branch-qld-4370
19195,13,rosenthal-qld-4370
9743,12,benarca-nsw-2710
9743,12,gulpa-nsw-2710
9743,12,hill-plain-nsw-2710
9743,12,jimaringle-nsw-2710
9743,12,yallakool-nsw-2710
9743,12,brassi-nsw-2710
9743,12,moonahcullah-nsw-2710
9743,12,cornalla-nsw-2710
9743,12,moira-nsw-2710
9743,12,willurah-nsw-2710
9743,12,steam-plains-nsw-2710
9743,12,deniliquin-north-nsw-2710
16936,12,mumbulla-mountain-nsw-2550
16936,12,yankees-creek-nsw-2550
16936,12,greendale-nsw-2550
16936,12,stony-creek-nsw-2550
16936,12,bunga-nsw-2550
16936,12,kingswood-nsw-2550
16936,12,logan-hyperdome-bc-qld-4128
16936,12,coolangubra-nsw-2550
16936,12,yambulla-nsw-2550
16936,12,kimberley-park-qld-4128
16936,12,wog-wog-nsw-2550
16936,12,nelson-nsw-2550
5263,12,gungarlin-nsw-2627
5263,12,ngarigo-nsw-2627
5263,12,lower-thredbo-nsw-2627
5263,12,ingeegoodbee-nsw-2627
5263,12,bullocks-flat-nsw-2627
5263,12,jacobs-river-nsw-2627
5263,12,kosciuszko-nsw-2627
5263,12,pilot-wilderness-nsw-2627
5263,12,kosciuszko-national-park-nsw-2627
5263,12,kosciusko-national-park-nsw-2627
5263,12,ingebyra-nsw-2627
5263,12,kosciusko-nsw-2627
31629,12,mayfield-nsw-2580
31629,12,wowagin-nsw-2580
31629,12,mount-rae-nsw-2580
31629,12,spring-valley-nsw-2580
31629,12,six-mile-flat-nsw-2580
31629,12,goulburn-dc-nsw-2580
31629,12,goulburn-north-nsw-2580
31629,12,komungla-nsw-2580
31629,12,leighwood-nsw-2580
31629,12,wiaborough-nsw-2580
31629,12,mcalister-nsw-2580
31629,12,paling-yards-nsw-2580
21078,12,walhalla-east-vic-3825
21078,12,thomson-vic-3825
21078,12,hill-end-vic-3825
21078,12,westbury-vic-3825
21078,12,thalloo-vic-3825
21078,12,tanjil-vic-3825
21078,12,coopers-creek-vic-3825
21078,12,jericho-vic-3825
21078,12,boola-vic-3825
21078,12,newborough-east-vic-3825
21078,12,thaloo-vic-3825
21078,12,toombon-vic-3825
20015,12,marthavale-vic-3875
20015,12,ryans-vic-3875
20015,12,broadlands-vic-3875
20015,12,banksia-peninsula-vic-3875
20015,12,wentworth-vic-3875
20015,12,merrijig-vic-3875
20015,12,hillside-vic-3875
20015,12,eastwood-vic-3875
20015,12,lucknow-vic-3875
20015,12,deptford-vic-3875
20015,12,tabberabbera-vic-3875
20015,12,fairy-dell-vic-3875
35304,11,bonnie-vale-nsw-2232
35304,11,goarra-nsw-2232
35304,11,audley-nsw-2232
35304,11,jibbon-nsw-2232
35304,11,kirrawee-dc-nsw-2232
35304,11,marley-nsw-2232
35304,11,palona-nsw-2232
35304,11,yenabilli-nsw-2232
35304,11,uloola-nsw-2232
35304,11,warumbul-nsw-2232
35304,11,garie-nsw-2232
12036,11,beargamil-nsw-2870
12036,11,mickibri-nsw-2870
12036,11,shallow-rush-nsw-2870
12036,11,nanardine-nsw-2870
12036,11,parkesborough-nsw-2870
12036,11,brolgan-nsw-2870
12036,11,bumberry-nsw-2870
12036,11,bindogundra-nsw-2870
12036,11,goobang-nsw-2870
12036,11,mugincoble-nsw-2870
12036,11,kadina-nsw-2870
5329,11,gununa-qld-4892
5329,11,bellevue-qld-4892
5329,11,highbury-qld-4892
5329,11,laura-qld-4892
5329,11,west-wellesley-islands-qld-4892
5329,11,red-river-qld-4892
5329,11,palmer-qld-4892
5329,11,ravensworth-qld-4892
5329,11,dixie-qld-4892
5329,11,south-wellesley-islands-qld-4892
5329,11,staaten-qld-4892
10111,11,moonlight-flat-vic-3465
10111,11,maryborough-vic-3465
10111,11,craigie-vic-3465
10111,11,golden-point-vic-3465
10111,11,alma-vic-3465
10111,11,timor-vic-3465
10111,11,homebush-vic-3465
10111,11,daisy-hill-vic-3465
10111,11,rodborough-vic-3465
10111,11,wyoming-nsw-2250
10111,11,everton-park-qld-4053
43828,11,north-rockhampton-qld-4701
43828,11,central-queensland-university-qld-4701
43828,11,mount-archer-qld-4701
43828,11,ironpot-qld-4701
43828,11,rockhampton-shopping-fair-qld-4701
43828,11,kalka-qld-4701
43828,11,red-hill-rockhampton-qld-4701
43828,11,oasis-gardens-qld-4701
43828,11,rockhampton-dc-qld-4701
43828,11,sandringham-qld-4701
43828,11,rockhampton-north-qld-4701
6771,11,spurgeon-qld-4873
6771,11,syndicate-qld-4873
6771,11,finlay-vale-qld-4873
6771,11,wonga-qld-4873
6771,11,bailey-creek-qld-4873
6771,11,rocky-point-qld-4873
6771,11,dedin-qld-4873
6771,11,dagmar-qld-4873
6771,11,noah-qld-4873
6771,11,kimberley-qld-4873
6771,11,bonnie-doon-qld-4873
7455,11,moroka-vic-3860
7455,11,koorool-vic-3860
7455,11,toolome-vic-3860
7455,11,nap-nap-marra-vic-3860
7455,11,monomak-vic-3860
7455,11,wrathung-vic-3860
7455,11,wrixon-vic-3860
7455,11,woolenook-vic-3860
7455,11,maffra-vic-3860
7455,11,bushy-park-vic-3860
7455,11,nuntin-vic-3860
8255,11,fairbairn-raaf-act-2600
8255,11,canberra-act-2600
8255,11,hmas-harman-act-2600
8255,11,deakin-west-act-2600
8255,11,duntroon-act-2600
8255,11,harman-act-2600
8255,11,narrabeen-nsw-2101
8255,11,russell-act-2600
8255,11,parkes-act-2600
8255,11,parliament-house-act-2600
8255,11,russell-hill-act-2600
31073,10,mootai-nsw-2325
31073,10,narone-creek-nsw-2325
31073,10,yallambie-nsw-2325
31073,10,milsons-arm-nsw-2325
31073,10,moruben-nsw-2325
31073,10,cessnock-west-nsw-2325
31073,10,corrabare-nsw-2325
31073,10,olney-nsw-2325
31073,10,cedar-creek-nsw-2325
31073,10,yengo-nsw-2325
61511,10,wagga-wagga-north-nsw-2650
61511,10,westby-nsw-2650
61511,10,the-gap-nsw-2650
61511,10,coursing-park-nsw-2650
61511,10,currawananna-nsw-2650
61511,10,hillgrove-nsw-2650
61511,10,westdale-nsw-2650
61511,10,wagga-wagga-south-nsw-2650
61511,10,eunonoreenya-nsw-2650
61511,10,wagga-wagga-bc-nsw-2650
18097,10,mount-gipps-nsw-2880
18097,10,stephens-creek-nsw-2880
18097,10,south-broken-hill-nsw-2880
18097,10,broken-hill-west-nsw-2880
18097,10,cameron-corner-nsw-2880
18097,10,kinalung-nsw-2880
18097,10,broken-hill-sa-2880
18097,10,euriowie-nsw-2880
18097,10,burns-nsw-2880
18097,10,broken-hill-north-nsw-2880
25129,10,woodbury-qld-4703
25129,10,stockyard-qld-4703
25129,10,bangalee-qld-4703
25129,10,statue-bay-qld-4703
25129,10,maryvale-qld-4703
25129,10,weerriba-qld-4703
25129,10,bayfield-qld-4703
25129,10,hidden-valley-qld-4703
25129,10,kemp-beach-qld-4703
25129,10,lammermoor-beach-qld-4703
8048,10,isis-central-mill-qld-4660
8048,10,buxton-qld-4660
8048,10,abington-qld-4660
8048,10,kowbi-qld-4660
8048,10,lynwood-qld-4660
8048,10,huxley-qld-4660
8048,10,goodwood-qld-4660
8048,10,gregory-river-qld-4660
8048,10,childers-qld-4660
8048,10,eureka-qld-4660
5360,10,uley-sa-5607
5360,10,sullivan-sa-5607
5360,10,warrachie-sa-5607
5360,10,warrow-sa-5607
5360,10,farm-beach-sa-5607
5360,10,horse-peninsula-sa-5607
5360,10,peachna-sa-5607
5360,10,warunda-sa-5607
5360,10,lincoln-national-park-sa-5607
5360,10,tulka-north-sa-5607
18202,10,city-west-campus-sa-5000
18202,10,halifax-street-sa-5000
18202,10,rundle-mall-sa-5000
18202,10,station-arcade-sa-5000
18202,10,adelaide-sa-5000
18202,10,south-australia-sa-5000
18202,10,adelaide-bc-sa-5000
18202,10,hutt-street-sa-5000
18202,10,parliament-house-sa-5000
18202,10,sturt-street-sa-5000
66789,10,torquay-qld-4655
66789,10,hervey-bay-qld-4655
66789,10,hervey-bay-dc-qld-4655
66789,10,great-sandy-strait-qld-4655
66789,10,booral-qld-4655
66789,10,ghost-hill-qld-4655
66789,10,happy-valley-qld-4655
66789,10,walliebum-qld-4655
66789,10,kingfisher-bay-resort-qld-4655
66789,10,kingfisher-bay-qld-4655
10081,10,erlando-beach-qld-4800
10081,10,gregory-river-qld-4800
10081,10,crystal-brook-qld-4800
10081,10,preston-qld-4800
10081,10,brandy-creek-qld-4800
10081,10,sugarloaf-qld-4800
10081,10,cape-conway-qld-4800
10081,10,goorganga-creek-qld-4800
10081,10,breadalbane-qld-4800
10081,10,palm-grove-qld-4800
66022,10,sovereign-hill-vic-3350
66022,10,ballarat-west-vic-3350
66022,10,newington-vic-3350
66022,10,ballarat-vic-3350
66022,10,golden-point-vic-3350
66022,10,brown-hill-vic-3350
66022,10,eureka-vic-3350
66022,10,mount-pleasant-vic-3350
66022,10,soldiers-hill-vic-3350
66022,10,black-hill-vic-3350
45938,9,clovass-nsw-2480
45938,9,gundurimba-nsw-2480
45938,9,steve-kings-plains-nsw-2480
45938,9,lismore-dc-nsw-2480
45938,9,tuntable-falls-nsw-2480
45938,9,back-creek-nsw-2480
45938,9,missingham-nsw-2480
45938,9,boat-harbour-nsw-2480
45938,9,nightcap-nsw-2480
35371,9,pacific-fair-qld-4218
35371,9,miami-keys-qld-4218
35371,9,florida-gardens-qld-4218
35371,9,q-supercentre-qld-4218
35371,9,rio-vista-qld-4218
35371,9,rialto-qld-4218
35371,9,nobby-beach-qld-4218
35371,9,moana-park-qld-4218
35371,9,mermaid-keys-qld-4218
21697,9,townsville-sa-4810
21697,9,yarrawonga-qld-4810
21697,9,shelly-beach-qld-4810
21697,9,townsville-dc-qld-4810
21697,9,townsville-qld-4810
21697,9,castle-hill-qld-4810
21697,9,townsville-west-qld-4810
21697,9,townsville-mc-qld-4810
21697,9,west-end-qld-4810
8965,9,bandon-nsw-2871
8965,9,bedgerebong-nsw-2871
8965,9,weelong-nsw-2871
8965,9,yarragong-nsw-2871
8965,9,calarie-nsw-2871
8965,9,carrawabbity-nsw-2871
8965,9,cumbijowa-nsw-2871
8965,9,bundaburrah-nsw-2871
8965,9,grawlin-nsw-2871
5259,9,massey-bay-wa-6701
5259,9,woodleigh-wa-6701
5259,9,dorre-island-wa-6701
5259,9,talisker-wa-6701
5259,9,yalardy-wa-6701
5259,9,bernier-island-wa-6701
5259,9,carbla-wa-6701
5259,9,gilroyd-wa-6701
5259,9,mauds-landing-wa-6701
51133,9,norwood-avenue-po-tas-7250
51133,9,riverside-tas-7250
51133,9,st-leonards-tas-7250
51133,9,norwood-tas-7250
51133,9,prospect-tas-7250
51133,9,waverley-tas-7250
51133,9,elphin-tas-7250
51133,9,newstead-tas-7250
51133,9,ravenswood-tas-7250
12771,9,hume-weir-vic-3691
12771,9,castle-creek-vic-3691
12771,9,lone-pine-vic-3691
12771,9,wodonga-forward-vic-3691
12771,9,bungil-vic-3691
12771,9,gateway-island-vic-3691
12771,9,kancoona-south-vic-3691
12771,9,running-creek-vic-3691
12771,9,killara-vic-3691
6731,9,nelson-bay-tas-7330
6731,9,hunter-island-tas-7330
6731,9,three-hummock-island-tas-7330
6731,9,christmas-hills-tas-7330
6731,9,sheidow-park-sa-5158
6731,9,broadmeadows-tas-7330
6731,9,irishtown-tas-7330
6731,9,arthur-river-tas-7330
6731,9,robbins-island-tas-7330
14360,9,blaxland-qld-4405
14360,9,braemar-forest-qld-4405
14360,9,broadwater-qld-4405
14360,9,daandine-qld-4405
14360,9,malakoff-qld-4405
14360,9,kupunn-qld-4405
14360,9,springvale-qld-4405
14360,9,yamsion-qld-4405
14360,9,grassdale-qld-4405
45197,9,the-spit-qld-4217
45197,9,bundall-bc-qld-4217
45197,9,chevron-island-qld-4217
45197,9,isle-of-capri-qld-4217
45197,9,paradise-island-qld-4217
45197,9,gold-coast-mc-qld-4217
45197,9,sorrento-qld-4217
45197,9,bundall-dc-qld-4217
45197,9,paradise-waters-qld-4217
11316,9,ngatjan-qld-4860
11316,9,sundown-qld-4860
11316,9,o-briens-hill-qld-4860
11316,9,wanjuru-qld-4860
11316,9,valettas-estate-qld-4860
11316,9,njatjan-qld-4860
11316,9,palmerston-qld-4860
11316,9,eaton-qld-4860
11316,9,wooroonooran-qld-4860
19920,8,cullen-bay-nt-0820
19920,8,raaf-base-darwin-nt-0820
19920,8,charles-darwin-nt-0820
19920,8,east-point-nt-0820
19920,8,bagot-nt-0820
19920,8,darwin-mc-nt-0820
19920,8,darwin-international-airport-nt-0820
19920,8,darwin-dc-nt-0820
10785,8,mulgrave-qld-4807
10785,8,clare-qld-4807
10785,8,claredale-qld-4807
10785,8,parkside-qld-4807
10785,8,kalamia-qld-4807
10785,8,rite-island-qld-4807
10785,8,maidavale-qld-4807
10785,8,eight-mile-creek-qld-4807
16724,8,macquarie-pass-nsw-2577
16724,8,pheasant-ground-nsw-2577
16724,8,yarrunga-nsw-2577
16724,8,bendeela-nsw-2577
16724,8,barren-grounds-nsw-2577
16724,8,myra-vale-nsw-2577
16724,8,paddys-river-nsw-2577
16724,8,calwalla-nsw-2577
10732,8,southern-cross-qld-4820
10732,8,broughton-qld-4820
10732,8,basalt-qld-4820
10732,8,llanarth-qld-4820
10732,8,richmond-hill-qld-4820
10732,8,mosman-park-qld-4820
10732,8,balfes-creek-qld-4820
10732,8,charters-towers-qld-4820
68286,8,shelly-beach-qld-4551
68286,8,caloundra-dc-qld-4551
68286,8,golden-beach-qld-4551
68286,8,nirimba-qld-4551
68286,8,caloundra-bc-qld-4551
68286,8,gagalba-qld-4551
68286,8,banya-qld-4551
68286,8,diamond-head-qld-4551
6915,8,carrarang-wa-6532
6915,8,oakajee-wa-6532
6915,8,coburn-wa-6532
6915,8,wicherina-south-wa-6532
6915,8,toolonga-wa-6532
6915,8,eurardy-wa-6532
6915,8,hickety-wa-6532
6915,8,valentine-wa-6532
35805,8,serviceton-qld-4077
35805,8,richlands-qld-4077
35805,8,richlands-bc-qld-4077
35805,8,richlands-dc-qld-4077
35805,8,durack-qld-4077
35805,8,inala-east-qld-4077
35805,8,inala-heights-qld-4077
35805,8,inala-west-qld-4077
64356,8,bremer-qld-4305
64356,8,one-mile-qld-4305
64356,8,brassall-heights-qld-4305
64356,8,churchill-qld-4305
64356,8,leichhardt-qld-4305
64356,8,newtown-qld-4305
64356,8,woodend-qld-4305
64356,8,raymonds-hill-qld-4305
8675,8,montrose-qld-4413
8675,8,chances-plains-qld-4413
8675,8,durah-qld-4413
8675,8,pelican-qld-4413
8675,8,hopeland-qld-4413
8675,8,barakula-qld-4413
8675,8,red-hill-qld-4413
8675,8,auburn-qld-4413
33790,8,northland-centre-vic-3072
33790,8,preston-west-vic-3072
33790,8,gilberton-vic-3072
33790,8,preston-vic-3072
33790,8,preston-lower-vic-3072
33790,8,regent-west-vic-3072
33790,8,sylvester-vic-3072
33790,8,preston-south-vic-3072
8501,7,courajago-nsw-2720
8501,7,red-hill-nsw-2720
8501,7,midway-nsw-2720
8501,7,bogong-peaks-wilderness-nsw-2720
8501,7,pinbeyan-nsw-2720
8501,7,buddong-nsw-2720
8501,7,yarrangobilly-nsw-2720
11118,7,coocooboonah-nsw-2380
11118,7,meermaul-nsw-2380
11118,7,noggabri-nsw-2380
11118,7,burburgate-nsw-2380
11118,7,basin-plain-nsw-2380
11118,7,milroy-nsw-2380
11118,7,gunnembene-nsw-2380
36841,7,cabbage-tree-island-nsw-2430
36841,7,taree-west-nsw-2430
36841,7,chatham-nsw-2430
36841,7,kolodong-nsw-2430
36841,7,taree-dc-nsw-2430
36841,7,lansdowne-nsw-2430
36841,7,happy-valley-nsw-2430
66236,7,alison-nsw-2259
66236,7,point-wolstoncroft-nsw-2259
66236,7,frazer-park-nsw-2259
66236,7,moonee-nsw-2259
66236,7,wybung-nsw-2259
66236,7,south-tacoma-nsw-2259
66236,7,freemans-nsw-2259
20083,7,boat-harbour-nsw-2484
20083,7,cedar-creek-nsw-2484
20083,7,smiths-creek-nsw-2484
20083,7,mebbin-nsw-2484
20083,7,murwillumbah-south-nsw-2484
20083,7,murwillumbah-dc-nsw-2484
20083,7,back-creek-nsw-2484
14995,7,kings-plains-nsw-2360
14995,7,long-plain-nsw-2360
14995,7,annerley-dc-qld-4103
14995,7,fairfield-qld-4103
14995,7,fairfield-gardens-qld-4103
14995,7,thompson-estate-qld-4103
14995,7,woodstock-nsw-2360
17846,7,barrallier-nsw-2575
17846,7,woodlands-nsw-2575
17846,7,hill-top-nsw-2575
17846,7,wattle-ridge-nsw-2575
17846,7,mount-lindsey-nsw-2575
17846,7,goodmans-ford-nsw-2575
17846,7,willow-vale-nsw-2575
25443,7,carrington-nsw-2324
25443,7,swan-bay-nsw-2324
25443,7,limeburners-creek-nsw-2324
25443,7,kings-hill-nsw-2324
25443,7,cells-river-nsw-2324
25443,7,motto-farm-nsw-2324
25443,7,raymond-terrace-east-nsw-2324
20576,7,humpybong-qld-4019
20576,7,margate-beach-qld-4019
20576,7,clontarf-beach-qld-4019
20576,7,clontarf-qld-4019
20576,7,margate-qld-4019
20576,7,clontarf-dc-qld-4019
20576,7,scotts-point-qld-4019
20341,7,parliament-house-qld-4000
20341,7,brisbane-city-dc-qld-4000
20341,7,spring-hill-qld-4000
20341,7,gillen-sa-0870
20341,7,brisbane-qld-4000
20341,7,brisbane-adelaide-street-qld-4000
20341,7,brisbane-gpo-qld-4000
68477,7,bannockburn-qld-4207
68477,7,steiglitz-qld-4207
68477,7,alberton-qld-4207
68477,7,yatala-dc-qld-4207
68477,7,yellow-wood-qld-4207
68477,7,cabbage-tree-point-qld-4207
68477,7,cedar-creek-qld-4207
15212,7,boonenne-qld-4610
15212,7,corndale-qld-4610
15212,7,taabinga-village-qld-4610
15212,7,ironpot-qld-4610
15212,7,durong-south-qld-4610
15212,7,wattle-grove-qld-4610
15212,7,kingaroy-dc-qld-4610
9872,7,hastings-tas-7109
9872,7,waterloo-tas-7109
9872,7,southport-tas-7109
9872,7,wattle-grove-tas-7109
9872,7,woodstock-tas-7109
9872,7,catamaran-tas-7109
9872,7,southport-lagoon-tas-7109
31534,7,richmond-south-vic-3121
31534,7,burnley-north-vic-3121
31534,7,cremorne-vic-3121
31534,7,richmond-east-vic-3121
31534,7,victoria-gardens-vic-3121
31534,7,richmond-north-vic-3121
31534,7,richmond-vic-3121
41839,7,sandhurst-east-vic-3550
41839,7,tysons-reef-vic-3550
41839,7,bendigo-south-vic-3550
41839,7,diamond-hill-vic-3550
41839,7,spring-gully-vic-3550
41839,7,white-hills-vic-3550
41839,7,ironbark-vic-3550
6231,7,longford-vic-3851
6231,7,flamingo-beach-vic-3851
6231,7,somerton-park-vic-3851
6231,7,fulham-vic-3851
6231,7,lake-wellington-vic-3851
6231,7,dutson-downs-vic-3851
6231,7,golden-beach-vic-3851
46193,7,garbutt-east-qld-4814
46193,7,garbutt-bc-qld-4814
46193,7,aitkenvale-bc-qld-4814
46193,7,thuringowa-dc-qld-4814
46193,7,annandale-qld-4814
46193,7,cranbrook-qld-4814
46193,7,douglas-qld-4814
21763,7,ilbogan-qld-4285
21763,7,flinders-lakes-qld-4285
21763,7,monarch-glen-qld-4285
21763,7,lamington-qld-4285
21763,7,woodhill-qld-4285
21763,7,birnam-qld-4285
21763,7,darlington-qld-4285
55425,7,chirn-park-qld-4215
55425,7,keebra-park-qld-4215
55425,7,southport-qld-4215
55425,7,southport-bc-qld-4215
55425,7,sundale-qld-4215
55425,7,australia-fair-qld-4215
55425,7,southport-park-qld-4215
8093,7,broadwater-qld-4380
8093,7,sugarloaf-qld-4380
8093,7,springdale-qld-4380
8093,7,cannon-creek-qld-4380
8093,7,mingoola-qld-4380
8093,7,glenlyon-qld-4380
8093,7,greenlands-qld-4380
15452,6,hassans-walls-nsw-2790
15452,6,lithgow-dc-nsw-2790
15452,6,oaky-park-nsw-2790
15452,6,wollangambe-nsw-2790
15452,6,newnes-plateau-nsw-2790
15452,6,jenolan-caves-nsw-2790
9602,6,jallukur-vic-3377
9602,6,cathcart-vic-3377
9602,6,ararat-sa-3377
9602,6,rocky-point-vic-3377
9602,6,ararat-east-vic-3377
9602,6,ben-nevis-vic-3377
7953,6,orama-nsw-2454
7953,6,gordonville-nsw-2454
7953,6,kooroowi-nsw-2454
7953,6,scotchman-nsw-2454
7953,6,upper-thora-nsw-2454
7953,6,brinerville-nsw-2454
15054,6,rosewood-nsw-2446
15054,6,doyles-river-nsw-2446
15054,6,yarras-nsw-2446
15054,6,cairncross-nsw-2446
15054,6,banda-banda-nsw-2446
15054,6,werrikimbe-nsw-2446
47335,6,lower-bucca-nsw-2450
47335,6,dairyville-nsw-2450
47335,6,coffs-harbour-dc-nsw-2450
47335,6,sherwood-nsw-2450
47335,6,coffs-harbour-plaza-nsw-2450
47335,6,coffs-harbour-jetty-nsw-2450
17657,6,sherlock-wa-6714
17657,6,burrup-wa-6714
17657,6,antonymyre-wa-6714
17657,6,mount-anketell-wa-6714
17657,6,mulataga-wa-6714
17657,6,cooya-pooya-wa-6714
9650,6,dingo-forest-nsw-2429
9650,6,khatambuhl-nsw-2429
9650,6,kings-creek-nsw-2429
9650,6,bulby-brush-nsw-2429
9650,6,warriwillah-nsw-2429
9650,6,yarratt-forest-nsw-2429
8876,6,springfield-nsw-2630
8876,6,rose-valley-nsw-2630
8876,6,ironmungy-nsw-2630
8876,6,cooma-north-nsw-2630
8876,6,coonerang-nsw-2630
8876,6,long-plain-nsw-2630
18634,6,buffalo-creek-nt-0812
18634,6,sanderson-nt-0812
18634,6,holmes-nt-0812
18634,6,newport-vic-3015
18634,6,northlakes-nt-0812
18634,6,woodleigh-gardens-nt-0812
36706,6,nambour-west-qld-4560
36706,6,nambour-bc-qld-4560
36706,6,sunshine-coast-mc-qld-4560
36706,6,parklands-qld-4560
36706,6,nambour-dc-qld-4560
36706,6,burnside-qld-4560
10923,6,allingham-qld-4850
10923,6,taylors-beach-qld-4850
10923,6,wallaman-qld-4850
10923,6,wharps-qld-4850
10923,6,forrest-beach-qld-4850
10923,6,garrawalt-qld-4850
62508,6,binna-burra-qld-4211
62508,6,latimer-qld-4211
62508,6,southern-lamington-qld-4211
62508,6,nerang-dc-qld-4211
62508,6,nerang-bc-qld-4211
62508,6,pindari-hills-qld-4211
13740,6,ithaca-qld-4059
13740,6,ballymore-qld-4059
13740,6,normanby-qld-4059
13740,6,kelvin-grove-bc-qld-4059
13740,6,kelvin-grove-dc-qld-4059
13740,6,red-hill-qld-4059
6265,6,pedler-creek-sa-5171
6265,6,mersey-forest-tas-7304
6265,6,western-creek-tas-7304
6265,6,central-plateau-tas-7304
6265,6,kimberley-tas-7304
6265,6,walls-of-jerusalem-tas-7304
9015,6,oonah-tas-7325
9015,6,meunna-tas-7325
9015,6,elliott-tas-7325
9015,6,myalla-tas-7325
9015,6,flowerdale-tas-7325
9015,6,seabrook-tas-7325
47604,6,brookside-centre-qld-4053
47604,6,somerset-hills-qld-4053
47604,6,stafford-bc-qld-4053
47604,6,oxford-park-qld-4053
47604,6,stafford-city-qld-4053
47604,6,stafford-dc-qld-4053
21965,6,camberwell-west-vic-3124
21965,6,camberwell-north-vic-3124
21965,6,camberwell-south-vic-3124
21965,6,middle-camberwell-vic-3124
21965,6,hartwell-vic-3124
21965,6,camberwell-vic-3124
17080,6,echuca-south-vic-3564
17080,6,patho-west-vic-3564
17080,6,campaspe-west-vic-3564
17080,6,echuca-east-vic-3564
17080,6,simmie-vic-3564
17080,6,mcevoys-vic-3564
17177,6,mowbray-heights-tas-7248
17177,6,alanvale-tas-7248
17177,6,mowbray-tas-7248
17177,6,mayfield-tas-7248
17177,6,invermay-tas-7248
17177,6,inveresk-tas-7248
8605,6,d-aguilar-qld-4514
8605,6,stony-creek-qld-4514
8605,6,westvale-qld-4514
8605,6,woodford-qld-4514
8605,6,mount-archer-qld-4514
8605,6,stanmore-qld-4514
6007,6,rosevale-qld-4340
6007,6,calvert-qld-4340
6007,6,rosewood-qld-4340
6007,6,the-bluff-qld-4340
6007,6,ebenezer-qld-4340
6007,6,mount-walker-qld-4340
37756,6,sandgate-dc-qld-4017
37756,6,brighton-eventide-qld-4017
37756,6,sandgate-qld-4017
37756,6,nashville-qld-4017
37756,6,brighton-qld-4017
37756,6,brighton-nathan-street-qld-4017
68675,6,opossum-creek-qld-4300
68675,6,goodna-east-qld-4300
68675,6,springfield-qld-4300
68675,6,camira-qld-4300
68675,6,goodna-dc-qld-4300
68675,6,spring-mountain-qld-4300
29702,6,woodridge-qld-4114
29702,6,trinder-park-qld-4114
29702,6,woodridge-east-qld-4114
29702,6,logan-city-dc-qld-4114
29702,6,logan-city-bc-qld-4114
29702,6,kingston-qld-4114
11646,6,queens-beach-qld-4805
11646,6,brisk-bay-qld-4805
11646,6,rose-bay-qld-4805
11646,6,merinda-qld-4805
11646,6,binbee-qld-4805
11646,6,delta-qld-4805
24129,6,beaumaris-vic-3192
24129,6,southland-centre-vic-3192
24129,6,cheltenham-vic-3192
24129,6,cheltenham-east-vic-3192
24129,6,cheltenham-north-vic-3192
24129,6,roxburgh-park-vic-3064
5450,6,east-yeoburn-vic-3579
5450,6,myall-vic-3579
5450,6,wandella-vic-3579
5450,6,normanville-vic-3579
5450,6,appin-vic-3579
5450,6,budgerum-east-vic-3579
17138,6,parklands-tas-7320
17138,6,round-hill-tas-7320
17138,6,acton-tas-7320
17138,6,brooklyn-tas-7320
17138,6,hillcrest-tas-7320
17138,6,emu-heights-tas-7320
27936,5,the-rocks-nsw-2000
27936,5,darling-harbour-nsw-2000
27936,5,sydney-sa-2000
27936,5,sydney-south-nsw-2000
27936,5,parliament-house-nsw-2000
15422,5,avalon-nsw-2107
15422,5,bilgola-nsw-2107
15422,5,paradise-beach-nsw-2107
15422,5,taylors-point-nsw-2107
15422,5,careel-bay-nsw-2107
18609,5,stuartholme-qld-4066
18609,5,toowong-dc-qld-4066
18609,5,torwood-qld-4066
18609,5,toowong-bc-qld-4066
18609,5,mount-coot-tha-qld-4066
6017,5,maroon-dam-qld-4310
6017,5,cannon-creek-qld-4310
6017,5,allandale-qld-4310
6017,5,boonah-qld-4310
6017,5,lake-moogerah-qld-4310
19333,5,murrengenburg-nsw-2536
19333,5,woodlands-nsw-2536
19333,5,mogo-nsw-2536
19333,5,pebbly-beach-nsw-2536
19333,5,lilli-pilli-nsw-2536
51117,5,flynns-beach-nsw-2444
51117,5,lighthouse-beach-nsw-2444
51117,5,limeburners-creek-nsw-2444
51117,5,port-macquarie-bc-nsw-2444
51117,5,settlement-city-nsw-2444
15477,5,coolaness-nsw-2470
15477,5,baraimal-nsw-2470
15477,5,dyraaba-creek-nsw-2470
15477,5,wooroowoolgan-nsw-2470
15477,5,dyraaba-central-nsw-2470
6764,5,loganholme-sa-4129
6764,5,loganholme-bc-qld-4129
6764,5,loganholme-qld-4129
6764,5,loganholme-dc-qld-4129
6764,5,logandale-qld-4129
71168,5,upper-mangrove-nsw-2250
71168,5,springfield-nsw-2250
71168,5,gosford-west-nsw-2250
71168,5,donovans-forest-nsw-2250
71168,5,erina-fair-nsw-2250
5476,5,unanderra-nsw-2526
5476,5,murray-gorge-nsw-2642
5476,5,jagumba-nsw-2642
5476,5,jagungal-wilderness-nsw-2642
5476,5,geehi-nsw-2642
25187,5,forster-shopping-village-nsw-2428
25187,5,green-point-nsw-2428
25187,5,pacific-palms-nsw-2428
25187,5,booti-booti-nsw-2428
25187,5,sandbar-nsw-2428
5525,5,kooroomool-qld-4854
5525,5,walter-hill-qld-4854
5525,5,mount-mackay-qld-4854
5525,5,rockingham-qld-4854
5525,5,cardstone-qld-4854
15134,5,horsham-west-vic-3400
15134,5,wonwondah-east-vic-3400
15134,5,wonwondah-south-vic-3400
15134,5,horsham-vic-3400
15134,5,horsham-vic-3401
52436,5,gowrie-nsw-2340
52436,5,tamworth-south-nsw-2340
52436,5,kingswood-nsw-2340
52436,5,westdale-nsw-2340
52436,5,barry-nsw-2340
37703,5,banoon-qld-4109
37703,5,altandi-qld-4109
37703,5,macgregor-qld-4109
37703,5,robertson-qld-4109
37703,5,sunnybank-south-qld-4109
32004,5,blue-hills-qld-4818
32004,5,black-river-qld-4818
32004,5,innes-qld-4818
32004,5,cosgrove-qld-4818
32004,5,purono-park-qld-4818
23327,5,maroochydore-south-qld-4558
23327,5,maroochydore-bc-qld-4558
23327,5,maroochydore-dc-qld-4558
23327,5,sunshine-plaza-qld-4558
23327,5,cotton-tree-qld-4558
6568,5,cheshunt-south-vic-3678
6568,5,wabonga-vic-3678
6568,5,oxley-vic-3678
6568,5,killawarra-vic-3678
6568,5,wangaratta-forward-vic-3678
6285,5,greenhills-beach-nsw-2230-gin-gin-qld-4671
6285,5,st-agnes-qld-4671
6285,5,gin-gin-qld-4671
6285,5,st-kilda-qld-4671
6285,5,lake-monduran-qld-4671
19570,5,davoren-park-south-sa-5113
19570,5,elizabeth-west-dc-sa-5113
19570,5,elizabeth-west-sa-5113
19570,5,edinburgh-north-sa-5113
19570,5,davoren-park-north-sa-5113
14605,5,cosgrove-vic-3631
14605,5,pine-lodge-vic-3631
14605,5,branditt-vic-3631
14605,5,arcadia-vic-3631
14605,5,tamleugh-west-vic-3631
32151,5,shepparton-south-vic-3630
32151,5,benarch-vic-3630
32151,5,branditt-vic-3630
32151,5,dunkirk-vic-3630
32151,5,colliver-vic-3630
45656,5,brendale-bc-qld-4500
45656,5,brendale-dc-qld-4500
45656,5,bray-park-qld-4500
45656,5,strathpine-centre-qld-4500
45656,5,strathpine-city-qld-4500
26887,5,lindum-qld-4178
26887,5,wynnum-central-qld-4178
26887,5,port-of-brisbane-qld-4178
26887,5,wynnum-plaza-qld-4178
26887,5,wynnum-north-qld-4178
47147,5,mansfield-qld-4122
47147,5,mansfield-dc-qld-4122
47147,5,upper-mount-gravatt-bc-qld-4122
47147,5,wishart-qld-4122
47147,5,mansfield-bc-qld-4122
5054,5,woolshed-vic-3747
5054,5,baarmutha-vic-3747
5054,5,stanley-vic-3747
5054,5,hurdle-flat-vic-3747
5054,5,silver-creek-vic-3747
7842,5,seymour-south-vic-3660
7842,5,dysart-vic-3660
7842,5,kobyboyn-vic-3660
7842,5,northwood-vic-3660
7842,5,seymour-vic-3660
5603,5,rocky-point-qld-4874
5603,5,weipa-airport-qld-4874
5603,5,weipa-qld-4874
5603,5,napranum-qld-4874
5603,5,jardine-river-qld-4874
9019,5,mountain-view-qld-4552
9019,5,crystal-waters-qld-4552
9019,5,baroon-pocket-qld-4552
9019,5,curramore-qld-4552
9019,5,harper-creek-qld-4552
35527,5,brookfield-qld-4069
35527,5,chapel-hill-qld-4069
35527,5,lone-pine-qld-4069
35527,5,kenmore-east-qld-4069
35527,5,kenmore-dc-qld-4069
31493,5,regents-park-qld-4118
31493,5,browns-plains-qld-4118
31493,5,brownsleigh-qld-4118
31493,5,hillcrest-qld-4118
31493,5,browns-plains-bc-qld-4118
12191,5,milton-bc-qld-4064
12191,5,paddington-qld-4064
12191,5,rosalie-qld-4064
12191,5,baroona-qld-4064
12191,5,milton-qld-4064
8716,5,noosaville-qld-4566
8716,5,loganlea-qld-4131
8716,5,munna-point-qld-4566
8716,5,noosaville-bc-qld-4566
8716,5,noosaville-dc-qld-4566
8325,5,grasstree-qld-4737
8325,5,colston-park-qld-4737
8325,5,plane-creek-west-qld-4737
8325,5,shinfield-qld-4737
8325,5,sunnyside-qld-4737
24411,5,fortitude-valley-bc-qld-4006
24411,5,newstead-qld-4006
24411,5,bowen-bridge-qld-4006
24411,5,brisbane-exhibition-qld-4006
24411,5,mayne-qld-4006
15451,5,whinstanes-qld-4007
15451,5,ascot-qld-4007
15451,5,doomben-qld-4007
15451,5,hamilton-central-qld-4007
15451,5,hamilton-qld-4007
33470,5,monterey-keys-qld-4212
33470,5,santa-barbara-qld-4212
33470,5,sanctuary-cove-qld-4212
33470,5,boykambil-qld-4212
33470,5,helensvale-town-centre-qld-4212
13450,5,ashgrove-east-qld-4060
13450,5,dorrington-qld-4060
13450,5,ashgrove-west-qld-4060
13450,5,st-johns-wood-qld-4060
13450,5,ashgrove-qld-4060
9106,5,happy-valley-vic-3351
9106,5,mortchup-vic-3351
9106,5,newtown-vic-3351
9106,5,ross-creek-vic-3351
9106,5,hillcrest-vic-3351
22322,5,hawthorn-vic-3122
22322,5,glenferrie-south-vic-3122
22322,5,hawthorn-north-vic-3122
22322,5,hawthorn-west-vic-3122
22322,5,auburn-south-vic-3122
51096,5,keon-park-vic-3073
51096,5,reservoir-vic-3073
51096,5,reservoir-south-vic-3073
51096,5,reservoir-east-vic-3073
51096,5,reservoir-north-vic-3073
5823,5,devon-park-qld-4401
5823,5,highland-plains-qld-4401
5823,5,greenwood-qld-4401
5823,5,muldu-qld-4401
5823,5,balgowan-qld-4401
35246,5,south-bank-qld-4101
35246,5,west-end-qld-4101
35246,5,mater-hill-qld-4101
35246,5,south-brisbane-bc-qld-4101
35246,5,mater-hospital-qld-4101
28635,5,miandetta-tas-7310
28635,5,lillico-tas-7310
28635,5,melrose-tas-7310
28635,5,west-devonport-tas-7310
28635,5,aberdeen-tas-7310
9609,4,margate-tas-7054
9609,4,nierinna-tas-7054
9609,4,piersons-point-tas-7054
9609,4,wellington-park-tas-7054
114479,4,liverpool-south-nsw-2170
114479,4,casula-mall-nsw-2170
114479,4,liverpool-westfield-nsw-2170
114479,4,warwick-farm-sa-2170
18389,4,chermside-centre-qld-4032
18389,4,chermside-south-qld-4032
18389,4,chermside-bc-qld-4032
18389,4,craigslea-qld-4032
48003,4,manahan-nsw-2200
48003,4,bankstown-airport-nsw-2200
48003,4,bankstown-north-nsw-2200
48003,4,bankstown-square-nsw-2200
63663,4,lefevres-corner-nsw-2570
63663,4,burragorang-valley-nsw-2570
63663,4,elderslie-nsw-2570
63663,4,bickley-vale-nsw-2570
43472,4,spring-hill-nsw-2500
43472,4,wollongong-dc-nsw-2500
43472,4,wollongong-west-nsw-2500
43472,4,wollongong-north-nsw-2500
40845,4,summer-hill-nsw-2287
40845,4,wallsend-dc-nsw-2287
40845,4,maryland-nsw-2287
40845,4,wallsend-south-nsw-2287
13693,4,nanangroe-nsw-2582
13693,4,dog-trap-crossing-nsw-2582
13693,4,tangmangaroo-nsw-2582
13693,4,goondah-nsw-2582
6841,4,bull-plain-nsw-2646
6841,4,buraja-nsw-2646
6841,4,coads-tank-nsw-2646
6841,4,merton-vale-nsw-2646
23166,4,sherwood-nsw-2440
23166,4,deep-creek-nsw-2440
23166,4,greenhills-nsw-2440
23166,4,carrai-nsw-2440
26062,4,wellers-hill-qld-4121
26062,4,holland-park-east-qld-4121
26062,4,mount-thompson-qld-4121
26062,4,ekibin-qld-4121
25603,4,newport-qld-4020
25603,4,scarborough-qld-4020
25603,4,redcliffe-north-qld-4020
25603,4,redcliffe-qld-4020
12173,4,woodlands-qld-4343
12173,4,spring-creek-qld-4343
12173,4,ringwood-qld-4343
12173,4,woodbine-qld-4343
38871,4,arundel-bc-qld-4214
38871,4,arundel-dc-qld-4214
38871,4,ashmore-city-qld-4214
38871,4,parkwood-qld-4214
44372,4,st-albans-vic-3020
44372,4,albion-vic-3020
44372,4,sunshine-vic-3020
44372,4,glengala-vic-3020
10151,4,o-b-flat-sa-5291
10151,4,mount-gambier-east-sa-5291
10151,4,mount-gambier-west-sa-5291
10151,4,glencoe-west-sa-5291
14459,4,wedge-island-sa-5606
14459,4,port-lincoln-south-sa-5606
14459,4,thistle-island-sa-5606
14459,4,kirton-point-sa-5606
6310,4,trent-wa-6333
6310,4,mount-romance-wa-6333
6310,4,mount-lindesay-wa-6333
6310,4,mount-lindsay-wa-6333
10118,4,summerlands-vic-3922
10118,4,ventnor-vic-3922
10118,4,sunset-strip-vic-3922
10118,4,surf-beach-vic-3922
22841,4,box-hill-central-vic-3128
22841,4,wattle-park-vic-3128
22841,4,houston-vic-3128
22841,4,box-hill-vic-3128
5819,4,woodbrook-vic-3451
5819,4,irishtown-vic-3451
5819,4,golden-point-vic-3451
5819,4,guildford-vic-3451
15033,4,lake-cootharaba-qld-4565
15033,4,north-shore-qld-4565
15033,4,teewah-qld-4565
15033,4,boreen-qld-4565
23252,4,brighton-vic-3186
23252,4,dendy-vic-3186
23252,4,brighton-north-vic-3186
23252,4,were-street-po-vic-3186
15621,4,stradbroke-park-vic-3103
15621,4,balwyn-east-vic-3103
15621,4,deepdene-vic-3103
15621,4,deepdene-dc-vic-3103
23594,4,wattletree-road-po-vic-3145
23594,4,darling-vic-3145
23594,4,central-park-vic-3145
23594,4,darling-south-vic-3145
39491,4,point-halloran-qld-4165
39491,4,victoria-point-west-qld-4165
39491,4,victoria-point-qld-4165
39491,4,point-talburpin-qld-4165
19110,4,hyde-park-castletown-qld-4812
19110,4,pimlico-qld-4812
19110,4,hyde-park-qld-4812
19110,4,rising-sun-qld-4812
5408,4,queenscliff-vic-3225
5408,4,swan-island-vic-3225
5408,4,swan-bay-vic-3225
5408,4,delacombe-vic-3356
27206,4,springwood-bc-qld-4127
27206,4,springwood-qld-4127
27206,4,chatswood-hills-qld-4127
27206,4,daisy-hill-qld-4127
21043,4,big-hill-vic-3555
21043,4,lansell-plaza-vic-3555
21043,4,kangaroo-flat-vic-3555
21043,4,specimen-hill-vic-3555
20207,4,black-rock-vic-3193
20207,4,beaumaris-vic-3193
20207,4,cromer-vic-3193
20207,4,black-rock-north-vic-3193
51402,4,sydenham-vic-3037
51402,4,plumpton-vic-3037
51402,4,calder-park-vic-3037
51402,4,hillside-vic-3037
8623,4,goldsborough-qld-4865
8623,4,kamma-qld-4865
8623,4,pyramid-qld-4865
8623,4,meringa-qld-4865
17312,4,great-keppel-island-qld-4700
17312,4,rockhampton-hospital-qld-4700
17312,4,rockhampton-qld-4700
17312,4,the-range-qld-4700
32574,4,tally-valley-qld-4220
32574,4,burleigh-dc-qld-4220
32574,4,burleigh-bc-qld-4220
32574,4,burleigh-town-qld-4220
8374,4,coolangatta-qld-4225
8374,4,rainbow-bay-qld-4225
8374,4,kirra-qld-4225
8374,4,greenmount-qld-4225
16461,4,acacia-ridge-bc-qld-4110
16461,4,larapinta-qld-4110
16461,4,heathwood-df-qld-4110
16461,4,acacia-ridge-dc-qld-4110
9552,4,chadstone-vic-3148
9552,4,chadstone-centre-vic-3148
9552,4,jordanville-vic-3148
9552,4,holmesglen-vic-3148
20612,4,welsby-qld-4507
20612,4,bribie-island-north-qld-4507
20612,4,bribie-island-qld-4507
20612,4,bribie-island-dc-qld-4507
19214,4,wangaratta-west-vic-3677
19214,4,appin-park-vic-3677
19214,4,yarrunga-vic-3677
19214,4,wangaratta-vic-3677
12071,4,woden-act-2606
12071,4,swinger-hill-act-2606
12071,4,o-malley-act-2606
12071,4,phillip-dc-act-2606
5218,4,springside-qld-4356
5218,4,st-helens-qld-4356
5218,4,north-branch-qld-4356
5218,4,stoneleigh-qld-4356
14746,4,brunswick-west-vic-3055
14746,4,moreland-west-vic-3055
14746,4,brunswick-south-vic-3055
14746,4,moonee-vale-vic-3055
30926,4,doncaster-east-vic-3109
30926,4,doncaster-heights-vic-3109
30926,4,tunstall-square-po-vic-3109
30926,4,the-pines-vic-3109
56127,4,karingal-vic-3199
56127,4,frankston-east-vic-3199
56127,4,karingal-centre-vic-3199
56127,4,frankston-heights-vic-3199
17225,4,morwell-upper-vic-3840
17225,4,maryvale-vic-3840
17225,4,mid-valley-vic-3840
17225,4,morwell-east-vic-3840
6220,4,stawell-west-vic-3380
6220,4,bligh-park-nsw-2756
6220,4,bridge-inn-vic-3380
6220,4,stawell-vic-3380
8586,4,ashbourne-vic-3442
8586,4,hanging-rock-vic-3442
8586,4,gungahlin-act-2912
8586,4,woodend-vic-3442
13688,4,mount-stuart-qld-4811
13688,4,james-cook-university-qld-4811
13688,4,stuart-qld-4811
13688,4,oak-valley-qld-4811
39714,4,anglers-paradise-qld-4216
39714,4,sovereign-islands-qld-4216
39714,4,currigee-qld-4216
39714,4,paradise-point-keys-qld-4216
75034,4,clifton-wa-6210
75034,4,mandurah-east-wa-6210
75034,4,mandurah-dc-wa-6210
75034,4,mandurah-north-wa-6210
18372,4,glenorchy-tas-7010
18372,4,goodwood-tas-7010
18372,4,montrose-tas-7010
18372,4,elwick-tas-7010
21591,3,mascot-nsw-2020
21591,3,sydney-international-airport-nsw-2020
21591,3,sydney-domestic-airport-nsw-2020
42917,3,wingala-nsw-2099
42917,3,cromer-heights-nsw-2099
42917,3,dee-why-beach-nsw-2099
27637,3,blenheim-road-nsw-2113
27637,3,macquarie-centre-nsw-2113
27637,3,macquarie-park-sa-2113
14434,3,hmas-watson-nsw-2030
14434,3,diamond-bay-nsw-2030
14434,3,rose-bay-north-nsw-2030
8379,3,warriewood-nsw-2102
8379,3,warriewood-shopping-square-nsw-2102
8379,3,warriewood-dc-nsw-2102
25506,3,oxley-qld-4075
25506,3,sherwood-qld-4075
25506,3,graceville-east-qld-4075
6492,3,border-ranges-nsw-2474
6492,3,sherwood-nsw-2474
6492,3,smiths-creek-nsw-2474
15991,3,long-reef-nsw-2097
15991,3,collaroy-beach-nsw-2097
15991,3,collaroy-plateau-west-nsw-2097
7785,3,moogem-nsw-2370
7785,3,morven-nsw-2370
7785,3,lambs-valley-nsw-2370
29134,3,shellharbour-square-nsw-2529
29134,3,oak-flats-dc-nsw-2529
29134,3,balarang-nsw-2529
9735,3,ballina-nsw-2478
9735,3,bruces-creek-vic-3757
9735,3,pheasant-creek-vic-3757
16736,3,stream-hill-nsw-2526
16736,3,unanderra-dc-nsw-2526
16736,3,cordeaux-nsw-2526
27888,3,carlingford-north-nsw-2118
27888,3,kingsdene-nsw-2118
27888,3,carlingford-court-nsw-2118
31698,3,royal-north-shore-hospital-nsw-2065
31698,3,gore-hill-nsw-2065
31698,3,crows-nest-dc-nsw-2065
21273,3,wetherill-park-bc-nsw-2164
21273,3,wetherill-park-sa-2164
21273,3,smithfield-west-nsw-2164
15323,3,little-pelican-nsw-2281
15323,3,pinny-beach-nsw-2281
15323,3,middle-camp-nsw-2281
26072,3,north-macquarie-nsw-2527
26072,3,yellow-rock-ridge-nsw-2527
26072,3,yellow-rock-nsw-2527
26051,3,greenhills-nsw-2323
26051,3,green-hills-nsw-2323
26051,3,metford-dc-nsw-2323
5160,3,george-town-sa-7253
5160,3,elizabeth-downs-sa-5113
5160,3,long-reach-tas-7253
15135,3,hmas-waterhen-nsw-2060
15135,3,north-sydney-shoppingworld-nsw-2060
15135,3,hmas-platypus-nsw-2060
12881,3,kingsgrove-dc-nsw-2208
12881,3,kingsgrove-nsw-2208
12881,3,kingsway-west-nsw-2208
8937,3,dural-nsw-2158
8937,3,round-corner-nsw-2158
8937,3,dural-dc-nsw-2158
9826,3,black-mountain-qld-4563
9826,3,ridgewood-qld-4563
9826,3,sunrise-hills-qld-4563
33830,3,randwick-dc-nsw-2031
33830,3,clovelly-west-nsw-2031
33830,3,st-pauls-nsw-2031
8124,3,lambs-valley-nsw-2335
8124,3,dalwood-nsw-2335
8124,3,elderslie-nsw-2335
34906,3,batman-vic-3058
34906,3,merlynston-vic-3058
34906,3,moreland-vic-3058
9708,3,moree-east-nsw-2400
9708,3,tikitere-nsw-2400
9708,3,fortitude-valley-qld-4006
12220,3,ironside-qld-4067
12220,3,st-lucia-south-qld-4067
12220,3,st-lucia-qld-4067
47570,3,carina-north-qld-4152
47570,3,whites-hill-qld-4152
47570,3,carina-qld-4152
14056,3,sandhill-tas-7249
14056,3,punchbowl-tas-7249
14056,3,glen-dhu-tas-7249
5767,3,glengowrie-sa-5044
5767,3,rose-valley-nsw-2534
5767,3,willow-vale-nsw-2534
6389,3,manly-vale-nsw-2093
6389,3,mount-lofty-sa-5152
6389,3,cleland-sa-5152
25591,3,mount-gambier-dc-sa-5290
25591,3,mount-gambier-sa-5290
25591,3,mount-gambier-sa-5291
6006,3,port-adelaide-dc-sa-5015
6006,3,port-adelaide-bc-sa-5015
6006,3,torrens-island-sa-5015
6437,3,port-augusta-sa-5700
6437,3,port-augusta-sa-5710
6437,3,port-augusta-sa-5701
5962,3,christies-beach-sa-5165
5962,3,woongarrah-nsw-2259
5962,3,christies-beach-north-sa-5165
6875,3,cannington-wa-6980
6875,3,cannington-wa-6987
6875,3,cannington-wa-6107
18132,3,coorparoo-qld-4151
18132,3,coorparoo-dc-qld-4151
18132,3,coorparoo-bc-qld-4151
15393,3,glynde-dc-sa-5070
15393,3,felixtow-sa-5070
15393,3,glynde-plaza-sa-5070
10561,3,nedlands-wa-6907
10561,3,nedlands-wa-6909
10561,3,nedlands-wa-6009
68443,3,melaleuca-wa-6065
68443,3,kingsway-wa-6065
68443,3,wangara-dc-wa-6065
28038,3,nowra-dc-nsw-2541
28038,3,nowra-east-nsw-2541
28038,3,nowra-north-nsw-2541
5605,3,bullsbrook-wa-6084
5605,3,cooma-vic-3616
5605,3,waranga-vic-3616
5669,3,iluka-wa-6028
5669,3,diggers-rest-vic-3427
5669,3,plumpton-vic-3427
8540,3,rocky-creek-nsw-2390
8540,3,back-creek-nsw-2390
8540,3,narrabri-west-nsw-2390
5684,3,kenwick-wa-6107
5684,3,booragoon-wa-6154
5684,3,booragoon-wa-6954
11508,3,swan-hill-pioneer-vic-3585
11508,3,speewa-vic-3585
11508,3,winlaton-vic-3585
27023,3,kingsville-west-vic-3012
27023,3,tottenham-vic-3012
27023,3,brooklyn-vic-3012
11596,3,hicksborough-vic-3995
11596,3,st-clair-vic-3995
11596,3,powlett-river-vic-3995
11482,3,st-kilda-road-melbourne-vic-3004
11482,3,st-kilda-road-central-vic-3004
11482,3,windsor-vic-3004
33378,3,houtman-abrolhos-wa-6530
33378,3,raaf-waggrakine-wa-6530
33378,3,geraldton-dc-wa-6530
55940,3,donnybrook-qld-4510
55940,3,caboolture-bc-qld-4510
55940,3,balingool-qld-4510
35340,3,syndal-vic-3149
35340,3,pinewood-vic-3149
35340,3,mount-waverley-vic-3149
13929,3,tennyson-qld-4105
13929,3,clifton-hill-qld-4105
13929,3,moorvale-qld-4105
8105,3,north-tamborine-qld-4272
8105,3,mount-tamborine-qld-4272
8105,3,tamborine-mountain-qld-4272
16795,3,mitcham-vic-3132
16795,3,mitcham-north-vic-3132
16795,3,rangeview-vic-3132
14274,3,fawkner-east-vic-3060
14274,3,fawkner-north-vic-3060
14274,3,fawkner-vic-3060
9682,3,braybrook-north-vic-3019
9682,3,braybrook-vic-3019
9682,3,robinson-vic-3019
13190,3,virginia-dc-qld-4014
13190,3,virginia-bc-qld-4014
13190,3,virginia-qld-4014
19771,3,capalaba-west-qld-4157
19771,3,capalaba-bc-qld-4157
19771,3,capalaba-dc-qld-4157
7068,3,castle-creek-qld-4715
7068,3,prospect-qld-4715
7068,3,chinchilla-qld-4413
22896,3,mount-sheridan-qld-4868
22896,3,white-rock-qld-4868
22896,3,tarrawarra-qld-4868
24342,3,burnside-qld-4208
24342,3,gilberton-qld-4208
24342,3,halfway-creek-qld-4208
6296,3,fitzgibbon-qld-4018
6296,3,salisbury-downs-sa-5108
6296,3,wynyard-tas-7325
24071,3,middle-park-qld-4074
24071,3,jindalee-qld-4074
24071,3,sumner-park-bc-qld-4074
36527,3,collingwood-park-qld-4301
36527,3,redbank-qld-4301
36527,3,greenwood-village-qld-4301
7062,3,yeronga-qld-4104
7062,3,paradise-point-qld-4216
7062,3,yeronga-west-qld-4104
8610,3,cornwall-qld-4455
8610,3,angellala-qld-4455
8610,3,bungil-qld-4455
10171,3,jubilee-qld-4065
10171,3,rainworth-qld-4065
10171,3,bardon-west-qld-4065
11042,3,willsden-sa-5700
11042,3,mundallio-sa-5700
11042,3,port-augusta-north-sa-5700
47356,3,kippax-act-2615
47356,3,kippax-centre-act-2615
47356,3,macnamara-act-2615
13885,3,armstrong-creek-qld-4520
13885,3,cedar-creek-qld-4520
13885,3,samford-qld-4520
10822,3,benalla-vic-3673
10822,3,benalla-west-vic-3672
10822,3,benalla-vic-3672
9448,3,williams-landing-vic-3027
9448,3,williams-raaf-vic-3027
9448,3,laverton-raaf-vic-3027
34565,3,mildura-vic-3500
34565,3,mildura-west-vic-3500
34565,3,mildura-east-vic-3500
15147,3,burwood-vic-3125
15147,3,surrey-hills-south-vic-3125
15147,3,bennettswood-vic-3125
8340,3,mount-scobie-vic-3620
8340,3,taripta-vic-3620
8340,3,wyuna-vic-3620
6287,3,moorabbin-east-vic-3189
6287,3,moorabbin-vic-3189
6287,3,wishart-vic-3189
25028,3,domain-road-po-vic-3141
25028,3,chapel-street-north-vic-3141
25028,3,south-yarra-vic-3141
24912,3,brunswick-lower-vic-3056
24912,3,brunswick-north-vic-3056
24912,3,brunswick-vic-3056
12962,3,altona-east-vic-3025
12962,3,altona-north-vic-3025
12962,3,altona-gate-vic-3025
6251,3,reedy-creek-vic-3658
6251,3,hazeldene-vic-3658
6251,3,flowerdale-vic-3658
9376,3,armadale-north-vic-3143
9376,3,malvern-vic-3143
9376,3,armadale-vic-3143
7202,3,bannockburn-vic-3331
7202,3,maude-vic-3331
7202,3,steiglitz-vic-3331
17815,3,booval-dc-qld-4304
17815,3,booval-fair-qld-4304
17815,3,booval-bc-qld-4304
23639,3,westfield-wa-6111
23639,3,kelmscott-dc-wa-6111
23639,3,lesley-wa-6111
15645,3,bathurst-street-po-tas-7000
15645,3,mount-stuart-tas-7000
15645,3,glebe-tas-7000
6171,3,lakelands-wa-6210
6171,3,toormina-nsw-2452
6171,3,lakelands-wa-6180
20619,3,wrights-creek-qld-4869
20619,3,tamarind-gardens-qld-4869
20619,3,centenary-park-qld-4869
