id,suburbSlug,suburbName,postcode,state,period,periodDate,medianRentHouse,medianRentUnit,medianRent3Bed,medianRent2Bed,medianRent1Bed,bondLodgements,source,createdAt,updatedAt
"cmopedezh00002aevgyw6utqk",,"Albert Park-Middle Park-West St Kilda","","VIC","2025-Q3",2025-09-01T00:00:00.000Z,"698",,,,,,"rental-vic",2026-05-03T06:36:21.149Z,2026-05-03T06:36:21.149Z
"cmopedl71001g2aevjw96w935","altona-vic-3018","Altona","","VIC","2025-Q3",2025-09-01T00:00:00.000Z,"550",,,,,,"rental-vic",2026-05-03T06:36:29.197Z,2026-05-03T06:36:29.197Z
"cmopedf4b00012aev9s6bpdmx","armadale-vic-3143","Armadale","","VIC","2025-Q3",2025-09-01T00:00:00.000Z,"625",,,,,,"rental-vic",2026-05-03T06:36:21.323Z,2026-05-03T06:36:21.323Z
"cmopedjpl00132aev6sbd0xxn",,"Aspendale-Chelsea-Carrum","","VIC","2025-Q3",2025-09-01T00:00:00.000Z,"620",,,,,,"rental-vic",2026-05-03T06:36:27.273Z,2026-05-03T06:36:27.273Z
"cmopedtg0003h2aevyqpxvubi","bairnsdale-vic-3875","Bairnsdale","","VIC","2025-Q3",2025-09-01T00:00:00.000Z,"460",,,,,,"rental-vic",2026-05-03T06:36:39.888Z,2026-05-03T06:36:39.888Z
"cmopedsjg00392aevfmz34thj","ballarat-vic-3350","Ballarat","","VIC","2025-Q3",2025-09-01T00:00:00.000Z,"400",,,,,,"rental-vic",2026-05-03T06:36:38.716Z,2026-05-03T06:36:38.716Z
"cmopedhnd000m2aevxrh5c3jf","balwyn-vic-3103","Balwyn","","VIC","2025-Q3",2025-09-01T00:00:00.000Z,"740",,,,,,"rental-vic",2026-05-03T06:36:24.601Z,2026-05-03T06:36:24.601Z
"cmopedpfq002h2aevqdfudvo0","bayswater-vic-3153","Bayswater","","VIC","2025-Q3",2025-09-01T00:00:00.000Z,"550",,,,,,"rental-vic",2026-05-03T06:36:34.694Z,2026-05-03T06:36:34.694Z
"cmopedrrj00322aevem2i105e",,"Belmont-Grovedale","","VIC","2025-Q3",2025-09-01T00:00:00.000Z,"500",,,,,,"rental-vic",2026-05-03T06:36:37.711Z,2026-05-03T06:36:37.711Z
"cmopedtk8003i2aevvq3hb67n",,"Benalla","","VIC","2025-Q3",2025-09-01T00:00:00.000Z,"450",,,,,,"rental-vic",2026-05-03T06:36:40.040Z,2026-05-03T06:36:40.040Z
"cmopedszv003d2aevtkpytmf1","bendigo-vic-3550","Bendigo","","VIC","2025-Q3",2025-09-01T00:00:00.000Z,"470",,,,,,"rental-vic",2026-05-03T06:36:39.307Z,2026-05-03T06:36:39.307Z
"cmopedjtu00142aevluqeed15","bentleigh-vic-3204","Bentleigh","","VIC","2025-Q3",2025-09-01T00:00:00.000Z,"700",,,,,,"rental-vic",2026-05-03T06:36:27.426Z,2026-05-03T06:36:27.426Z
"cmopedqb5002p2aevgo6b7q4m","berwick-vic-3806","Berwick","","VIC","2025-Q3",2025-09-01T00:00:00.000Z,"600",,,,,,"rental-vic",2026-05-03T06:36:35.825Z,2026-05-03T06:36:35.825Z
"cmopedhru000n2aevn0emhodj","blackburn-vic-3130","Blackburn","","VIC","2025-Q3",2025-09-01T00:00:00.000Z,"600",,,,,,"rental-vic",2026-05-03T06:36:24.762Z,2026-05-03T06:36:24.762Z
"cmopedpja002i2aevtgmr71m5","boronia-vic-3155","Boronia","","VIC","2025-Q3",2025-09-01T00:00:00.000Z,"560",,,,,,"rental-vic",2026-05-03T06:36:34.822Z,2026-05-03T06:36:34.822Z
"cmopedhvx000o2aevlo15mg1j","box-hill-vic-3128","Box Hill","","VIC","2025-Q3",2025-09-01T00:00:00.000Z,"610",,,,,,"rental-vic",2026-05-03T06:36:24.909Z,2026-05-03T06:36:24.909Z
"cmopedjy000152aevrzdxbqou","brighton-vic-3186","Brighton","","VIC","2025-Q3",2025-09-01T00:00:00.000Z,"825",,,,,,"rental-vic",2026-05-03T06:36:27.576Z,2026-05-03T06:36:27.576Z
"cmopedk2600162aev4yd7fts0","brighton-east-vic-3187","Brighton East","","VIC","2025-Q3",2025-09-01T00:00:00.000Z,"835",,,,,,"rental-vic",2026-05-03T06:36:27.726Z,2026-05-03T06:36:27.726Z
"cmopedmid001s2aevbhfl6zyd",,"Broadmeadows-Roxburgh Park","","VIC","2025-Q3",2025-09-01T00:00:00.000Z,"515",,,,,,"rental-vic",2026-05-03T06:36:30.901Z,2026-05-03T06:36:30.901Z
"cmopedmm5001t2aevwvcckc5j","brunswick-vic-3056","Brunswick","","VIC","2025-Q3",2025-09-01T00:00:00.000Z,"600",,,,,,"rental-vic",2026-05-03T06:36:31.037Z,2026-05-03T06:36:31.037Z
"cmopedi03000p2aevdqpgotpb",,"Bulleen-Templestowe-Doncaster","","VIC","2025-Q3",2025-09-01T00:00:00.000Z,"670",,,,,,"rental-vic",2026-05-03T06:36:25.059Z,2026-05-03T06:36:25.059Z
"cmopedo0a00252aevgxptx0d5",,"Bundoora-Greensborough-Hurstbridge","","VIC","2025-Q3",2025-09-01T00:00:00.000Z,"560",,,,,,"rental-vic",2026-05-03T06:36:32.842Z,2026-05-03T06:36:32.842Z
"cmopedi4a000q2aev3ze0lgmm",,"Burwood-Ashburton","","VIC","2025-Q3",2025-09-01T00:00:00.000Z,"650",,,,,,"rental-vic",2026-05-03T06:36:25.210Z,2026-05-03T06:36:25.210Z
"cmopedi8c000r2aevdjdays7f",,"Camberwell-Glen Iris","","VIC","2025-Q3",2025-09-01T00:00:00.000Z,"650",,,,,,"rental-vic",2026-05-03T06:36:25.356Z,2026-05-03T06:36:25.356Z
"cmopedide000s2aev9o7t31je",,"Canterbury-Surrey Hills-Mont Albert","","VIC","2025-Q3",2025-09-01T00:00:00.000Z,"678",,,,,,"rental-vic",2026-05-03T06:36:25.538Z,2026-05-03T06:36:25.538Z
"cmopedf8400022aev4gxpiumu","carlton-north-vic-3054","Carlton North","","VIC","2025-Q3",2025-09-01T00:00:00.000Z,"760",,,,,,"rental-vic",2026-05-03T06:36:21.460Z,2026-05-03T06:36:21.460Z
"cmopedfc900032aevkvvskhmc",,"Carlton-Parkville","","VIC","2025-Q3",2025-09-01T00:00:00.000Z,"620",,,,,,"rental-vic",2026-05-03T06:36:21.609Z,2026-05-03T06:36:21.609Z
"cmopedk6600172aev5wyd7ypq","carnegie-vic-3163","Carnegie","","VIC","2025-Q3",2025-09-01T00:00:00.000Z,"570",,,,,,"rental-vic",2026-05-03T06:36:27.870Z,2026-05-03T06:36:27.870Z
"cmopedto8003j2aevb5vc8ekb","castlemaine-vic-3450","Castlemaine","","VIC","2025-Q3",2025-09-01T00:00:00.000Z,"475",,,,,,"rental-vic",2026-05-03T06:36:40.183Z,2026-05-03T06:36:40.183Z
"cmopedkac00182aevuwr3nrof","caulfield-vic-3162","Caulfield","","VIC","2025-Q3",2025-09-01T00:00:00.000Z,"650",,,,,,"rental-vic",2026-05-03T06:36:28.020Z,2026-05-03T06:36:28.020Z
"cmopedfgq00042aevs2clsqat",,"CBD-St Kilda Rd","","VIC","2025-Q3",2025-09-01T00:00:00.000Z,"660",,,,,,"rental-vic",2026-05-03T06:36:21.770Z,2026-05-03T06:36:21.770Z
"cmopediht000t2aevy3nx1dsx",,"Chadstone-Oakleigh","","VIC","2025-Q3",2025-09-01T00:00:00.000Z,"620",,,,,,"rental-vic",2026-05-03T06:36:25.697Z,2026-05-03T06:36:25.697Z
"cmopedke800192aevsw41qpnx","cheltenham-vic-3192","Cheltenham","","VIC","2025-Q3",2025-09-01T00:00:00.000Z,"635",,,,,,"rental-vic",2026-05-03T06:36:28.160Z,2026-05-03T06:36:28.160Z
"cmopedima000u2aevri64kj6m","clayton-vic-3168","Clayton","","VIC","2025-Q3",2025-09-01T00:00:00.000Z,"600",,,,,,"rental-vic",2026-05-03T06:36:25.858Z,2026-05-03T06:36:25.858Z
"cmopedmq5001u2aevsz3ed6ii",,"Coburg-Pascoe Vale South","","VIC","2025-Q3",2025-09-01T00:00:00.000Z,"600",,,,,,"rental-vic",2026-05-03T06:36:31.181Z,2026-05-03T06:36:31.181Z
"cmopedfkw00052aevyedjigct",,"Collingwood-Abbotsford","","VIC","2025-Q3",2025-09-01T00:00:00.000Z,"650",,,,,,"rental-vic",2026-05-03T06:36:21.920Z,2026-05-03T06:36:21.920Z
"cmopedrvq00332aev0wwka3dx","corio-vic-3214","Corio","","VIC","2025-Q3",2025-09-01T00:00:00.000Z,"400",,,,,,"rental-vic",2026-05-03T06:36:37.862Z,2026-05-03T06:36:37.862Z
"cmopedmu3001v2aevj1k0x72a","craigieburn-vic-3064","Craigieburn","","VIC","2025-Q3",2025-09-01T00:00:00.000Z,"520",,,,,,"rental-vic",2026-05-03T06:36:31.323Z,2026-05-03T06:36:31.323Z
"cmopedqfb002q2aevpewz1ovx","cranbourne-vic-3977","Cranbourne","","VIC","2025-Q3",2025-09-01T00:00:00.000Z,"580",,,,,,"rental-vic",2026-05-03T06:36:35.975Z,2026-05-03T06:36:35.975Z
"cmopedpn9002j2aevjjp3wwby",,"Croydon-Lilydale","","VIC","2025-Q3",2025-09-01T00:00:00.000Z,"600",,,,,,"rental-vic",2026-05-03T06:36:34.965Z,2026-05-03T06:36:34.965Z
"cmopedqj6002r2aevs62k5etb","dandenong-vic-3175","Dandenong","","VIC","2025-Q3",2025-09-01T00:00:00.000Z,"520",,,,,,"rental-vic",2026-05-03T06:36:36.114Z,2026-05-03T06:36:36.114Z
"cmopedqnf002s2aevzfu00xzk",,"Dandenong North-Endeavour Hills","","VIC","2025-Q3",2025-09-01T00:00:00.000Z,"530",,,,,,"rental-vic",2026-05-03T06:36:36.267Z,2026-05-03T06:36:36.267Z
"cmopedfpm00062aev4i1ny3mf","docklands-vic-3008","Docklands","","VIC","2025-Q3",2025-09-01T00:00:00.000Z,"700",,,,,,"rental-vic",2026-05-03T06:36:22.090Z,2026-05-03T06:36:22.090Z
"cmopediqj000v2aev0q8alnod",,"Doncaster East-Donvale","","VIC","2025-Q3",2025-09-01T00:00:00.000Z,"700",,,,,,"rental-vic",2026-05-03T06:36:26.011Z,2026-05-03T06:36:26.011Z
"cmopedr7h002x2aevev33ocwc",,"Dromana-Portsea","","VIC","2025-Q3",2025-09-01T00:00:00.000Z,"595",,,,,,"rental-vic",2026-05-03T06:36:36.989Z,2026-05-03T06:36:36.989Z
"cmopedmxz001w2aev9m22kip2",,"East Brunswick","","VIC","2025-Q3",2025-09-01T00:00:00.000Z,"600",,,,,,"rental-vic",2026-05-03T06:36:31.463Z,2026-05-03T06:36:31.463Z
"cmopedium000w2aev14id0dtu",,"East Hawthorn","","VIC","2025-Q3",2025-09-01T00:00:00.000Z,"595",,,,,,"rental-vic",2026-05-03T06:36:26.158Z,2026-05-03T06:36:26.158Z
"cmopedfub00072aevb0rwimq6","east-melbourne-vic-3002","East Melbourne","","VIC","2025-Q3",2025-09-01T00:00:00.000Z,"650",,,,,,"rental-vic",2026-05-03T06:36:22.259Z,2026-05-03T06:36:22.259Z
"cmopedfz100082aevxxphy4re",,"East St Kilda","","VIC","2025-Q3",2025-09-01T00:00:00.000Z,"550",,,,,,"rental-vic",2026-05-03T06:36:22.429Z,2026-05-03T06:36:22.429Z
"cmopedts5003k2aevdmkwg8m6","echuca-vic-3564","Echuca","","VIC","2025-Q3",2025-09-01T00:00:00.000Z,"470",,,,,,"rental-vic",2026-05-03T06:36:40.325Z,2026-05-03T06:36:40.325Z
"cmopedki9001a2aevhctxltea","elsternwick-vic-3185","Elsternwick","","VIC","2025-Q3",2025-09-01T00:00:00.000Z,"600",,,,,,"rental-vic",2026-05-03T06:36:28.305Z,2026-05-03T06:36:28.305Z
"cmopedo4g00262aevjhfryb9y",,"Eltham-Research-Montmorency","","VIC","2025-Q3",2025-09-01T00:00:00.000Z,"640",,,,,,"rental-vic",2026-05-03T06:36:32.992Z,2026-05-03T06:36:32.992Z
"cmopedg3600092aevvdmydrw5","elwood-vic-3184","Elwood","","VIC","2025-Q3",2025-09-01T00:00:00.000Z,"595",,,,,,"rental-vic",2026-05-03T06:36:22.578Z,2026-05-03T06:36:22.578Z
"cmopedn21001x2aev7e40rsdd","essendon-vic-3040","Essendon","","VIC","2025-Q3",2025-09-01T00:00:00.000Z,"550",,,,,,"rental-vic",2026-05-03T06:36:31.609Z,2026-05-03T06:36:31.609Z
"cmopedo8r00272aev1l42s1oz",,"Fairfield-Alphington","","VIC","2025-Q3",2025-09-01T00:00:00.000Z,"550",,,,,,"rental-vic",2026-05-03T06:36:33.147Z,2026-05-03T06:36:33.147Z
"cmopedpr6002k2aevh8aqy20v","ferntree-gully-vic-3156","Ferntree Gully","","VIC","2025-Q3",2025-09-01T00:00:00.000Z,"600",,,,,,"rental-vic",2026-05-03T06:36:35.106Z,2026-05-03T06:36:35.106Z
"cmopedg72000a2aevmr5350cw","fitzroy-vic-3065","Fitzroy","","VIC","2025-Q3",2025-09-01T00:00:00.000Z,"700",,,,,,"rental-vic",2026-05-03T06:36:22.718Z,2026-05-03T06:36:22.718Z
"cmopedgb7000b2aevuk42zchw",,"Fitzroy North-Clifton Hill","","VIC","2025-Q3",2025-09-01T00:00:00.000Z,"725",,,,,,"rental-vic",2026-05-03T06:36:22.867Z,2026-05-03T06:36:22.867Z
"cmopedgfh000c2aevrgpafszk",,"Flemington-Kensington","","VIC","2025-Q3",2025-09-01T00:00:00.000Z,"570",,,,,,"rental-vic",2026-05-03T06:36:23.021Z,2026-05-03T06:36:23.021Z
"cmopedt42003e2aevr8a4izue",,"Flora Hill-Bendigo East","","VIC","2025-Q3",2025-09-01T00:00:00.000Z,"460",,,,,,"rental-vic",2026-05-03T06:36:39.458Z,2026-05-03T06:36:39.458Z
"cmopedlbg001h2aev6tusoo3f","footscray-vic-3011","Footscray","","VIC","2025-Q3",2025-09-01T00:00:00.000Z,"525",,,,,,"rental-vic",2026-05-03T06:36:29.356Z,2026-05-03T06:36:29.356Z
"cmopedrbd002y2aevf1a5ve6l","frankston-vic-3199","Frankston","","VIC","2025-Q3",2025-09-01T00:00:00.000Z,"550",,,,,,"rental-vic",2026-05-03T06:36:37.129Z,2026-05-03T06:36:37.129Z
"cmopedrzs00342aev6l1ovufq",,"Geelong-Newcombe","","VIC","2025-Q3",2025-09-01T00:00:00.000Z,"470",,,,,,"rental-vic",2026-05-03T06:36:38.008Z,2026-05-03T06:36:38.008Z
"cmopedn62001y2aevyd8uk8dy",,"Gladstone Park-Tullamarine","","VIC","2025-Q3",2025-09-01T00:00:00.000Z,"530",,,,,,"rental-vic",2026-05-03T06:36:31.754Z,2026-05-03T06:36:31.754Z
"cmopediz1000x2aevi4h4jv1t",,"Glen Waverley-Mulgrave","","VIC","2025-Q3",2025-09-01T00:00:00.000Z,"695",,,,,,"rental-vic",2026-05-03T06:36:26.317Z,2026-05-03T06:36:26.317Z
"cmopedt7u003f2aevaxhtihi8",,"Golden Square-Kangaroo Flat","","VIC","2025-Q3",2025-09-01T00:00:00.000Z,"475",,,,,,"rental-vic",2026-05-03T06:36:39.594Z,2026-05-03T06:36:39.594Z
"cmopedtw5003l2aevwxs6h6ss","hamilton-vic-3300","Hamilton","","VIC","2025-Q3",2025-09-01T00:00:00.000Z,"370",,,,,,"rental-vic",2026-05-03T06:36:40.469Z,2026-05-03T06:36:40.469Z
"cmopedkma001b2aevoxrw6lda",,"Hampton-Beaumaris","","VIC","2025-Q3",2025-09-01T00:00:00.000Z,"750",,,,,,"rental-vic",2026-05-03T06:36:28.450Z,2026-05-03T06:36:28.450Z
"cmopedrf9002z2aevpb9gj645",,"Hastings-Flinders","","VIC","2025-Q3",2025-09-01T00:00:00.000Z,"580",,,,,,"rental-vic",2026-05-03T06:36:37.269Z,2026-05-03T06:36:37.269Z
"cmopedj36000y2aev7jhhr8o0","hawthorn-vic-3122","Hawthorn","","VIC","2025-Q3",2025-09-01T00:00:00.000Z,"550",,,,,,"rental-vic",2026-05-03T06:36:26.466Z,2026-05-03T06:36:26.466Z
"cmopedod300282aev32i3ylq5",,"Heidelberg-Heidelberg West","","VIC","2025-Q3",2025-09-01T00:00:00.000Z,"565",,,,,,"rental-vic",2026-05-03T06:36:33.303Z,2026-05-03T06:36:33.303Z
"cmopeds3r00352aev1e9y161m",,"Herne Hill-Geelong West","","VIC","2025-Q3",2025-09-01T00:00:00.000Z,"480",,,,,,"rental-vic",2026-05-03T06:36:38.151Z,2026-05-03T06:36:38.151Z
"cmopedu05003m2aev36um8cul",,"Horsham","","VIC","2025-Q3",2025-09-01T00:00:00.000Z,"390",,,,,,"rental-vic",2026-05-03T06:36:40.613Z,2026-05-03T06:36:40.613Z
"cmopedoh000292aev6jr6a52s",,"Ivanhoe-Ivanhoe East","","VIC","2025-Q3",2025-09-01T00:00:00.000Z,"600",,,,,,"rental-vic",2026-05-03T06:36:33.444Z,2026-05-03T06:36:33.444Z
"cmopednac001z2aevhmszuz0w","keilor-vic-3036","Keilor","","VIC","2025-Q3",2025-09-01T00:00:00.000Z,"650",,,,,,"rental-vic",2026-05-03T06:36:31.908Z,2026-05-03T06:36:31.908Z
"cmopedlfa001i2aev2z5psw10",,"Keilor East-Avondale Heights","","VIC","2025-Q3",2025-09-01T00:00:00.000Z,"550",,,,,,"rental-vic",2026-05-03T06:36:29.494Z,2026-05-03T06:36:29.494Z
"cmopedj7m000z2aevomc4irkf","kew-vic-3101","Kew","","VIC","2025-Q3",2025-09-01T00:00:00.000Z,"690",,,,,,"rental-vic",2026-05-03T06:36:26.626Z,2026-05-03T06:36:26.626Z
"cmopeds7o00362aevywi72g09","lara-vic-3212","Lara","","VIC","2025-Q3",2025-09-01T00:00:00.000Z,"550",,,,,,"rental-vic",2026-05-03T06:36:38.292Z,2026-05-03T06:36:38.292Z
"cmopedkqf001c2aevt7llm7w9",,"Malvern","","VIC","2025-Q3",2025-09-01T00:00:00.000Z,"630",,,,,,"rental-vic",2026-05-03T06:36:28.599Z,2026-05-03T06:36:28.599Z
"cmopedkut001d2aev93j57cmv","malvern-east-vic-3145","Malvern East","","VIC","2025-Q3",2025-09-01T00:00:00.000Z,"610",,,,,,"rental-vic",2026-05-03T06:36:28.757Z,2026-05-03T06:36:28.757Z
"cmopedlj9001j2aevf27qqhdk","melton-vic-3337","Melton","","VIC","2025-Q3",2025-09-01T00:00:00.000Z,"450",,,,,,"rental-vic",2026-05-03T06:36:29.637Z,2026-05-03T06:36:29.637Z
"cmopedkz1001e2aevsh3s5ul9",,"Mentone-Parkdale-Mordialloc","","VIC","2025-Q3",2025-09-01T00:00:00.000Z,"580",,,,,,"rental-vic",2026-05-03T06:36:28.909Z,2026-05-03T06:36:28.909Z
"cmopedu4e003n2aevvrtqhyve","mildura-vic-3500","Mildura","","VIC","2025-Q3",2025-09-01T00:00:00.000Z,"460",,,,,,"rental-vic",2026-05-03T06:36:40.766Z,2026-05-03T06:36:40.766Z
"cmopedol9002a2aevwzlsvghc",,"Mill Park-Epping","","VIC","2025-Q3",2025-09-01T00:00:00.000Z,"530",,,,,,"rental-vic",2026-05-03T06:36:33.597Z,2026-05-03T06:36:33.597Z
"cmopedu8e003o2aevsprb88p7",,"Moe-Newborough","","VIC","2025-Q3",2025-09-01T00:00:00.000Z,"390",,,,,,"rental-vic",2026-05-03T06:36:40.910Z,2026-05-03T06:36:40.910Z
"cmopednff00202aevfjsjxbc8",,"Moonee Ponds-Ascot Vale","","VIC","2025-Q3",2025-09-01T00:00:00.000Z,"575",,,,,,"rental-vic",2026-05-03T06:36:32.091Z,2026-05-03T06:36:32.091Z
"cmopeducn003p2aevuzffu5x0","morwell-vic-3840","Morwell","","VIC","2025-Q3",2025-09-01T00:00:00.000Z,"380",,,,,,"rental-vic",2026-05-03T06:36:41.063Z,2026-05-03T06:36:41.063Z
"cmopedsnd003a2aev0pi8hbua",,"Mount Clear-Buninyong","","VIC","2025-Q3",2025-09-01T00:00:00.000Z,"420",,,,,,"rental-vic",2026-05-03T06:36:38.857Z,2026-05-03T06:36:38.857Z
"cmopedjbw00102aevmqfv3cqy","mount-waverley-vic-3149","Mount Waverley","","VIC","2025-Q3",2025-09-01T00:00:00.000Z,"695",,,,,,"rental-vic",2026-05-03T06:36:26.780Z,2026-05-03T06:36:26.780Z
"cmopedrjl00302aev02hhbu0c",,"Mt Eliza-Mornington-Mt Martha","","VIC","2025-Q3",2025-09-01T00:00:00.000Z,"695",,,,,,"rental-vic",2026-05-03T06:36:37.425Z,2026-05-03T06:36:37.425Z
"cmopedl30001f2aevdxu0gbtl",,"Murrumbeena-Hughesdale","","VIC","2025-Q3",2025-09-01T00:00:00.000Z,"580",,,,,,"rental-vic",2026-05-03T06:36:29.052Z,2026-05-03T06:36:29.052Z
"cmopedqrf002t2aevidp1epki",,"Narre Warren-Hampton Park","","VIC","2025-Q3",2025-09-01T00:00:00.000Z,"560",,,,,,"rental-vic",2026-05-03T06:36:36.411Z,2026-05-03T06:36:36.411Z
"cmopedln4001k2aev55xmtxm7",,"Newport-Spotswood","","VIC","2025-Q3",2025-09-01T00:00:00.000Z,"620",,,,,,"rental-vic",2026-05-03T06:36:29.776Z,2026-05-03T06:36:29.776Z
"cmopedsbh00372aev2eaw1ycm",,"Newtown","","VIC","2025-Q3",2025-09-01T00:00:00.000Z,"500",,,,,,"rental-vic",2026-05-03T06:36:38.429Z,2026-05-03T06:36:38.429Z
"cmopedqv9002u2aevce4aj3d8","noble-park-vic-3174","Noble Park","","VIC","2025-Q3",2025-09-01T00:00:00.000Z,"520",,,,,,"rental-vic",2026-05-03T06:36:36.549Z,2026-05-03T06:36:36.549Z
"cmopedtc2003g2aevk2io31nb","north-bendigo-vic-3550","North Bendigo","","VIC","2025-Q3",2025-09-01T00:00:00.000Z,"480",,,,,,"rental-vic",2026-05-03T06:36:39.746Z,2026-05-03T06:36:39.746Z
"cmopedopf002b2aevbdkp120b","northcote-vic-3070","Northcote","","VIC","2025-Q3",2025-09-01T00:00:00.000Z,"640",,,,,,"rental-vic",2026-05-03T06:36:33.747Z,2026-05-03T06:36:33.747Z
"cmopedsfi00382aev11s54w11","north-geelong-vic-3215","North Geelong","","VIC","2025-Q3",2025-09-01T00:00:00.000Z,"480",,,,,,"rental-vic",2026-05-03T06:36:38.574Z,2026-05-03T06:36:38.574Z
"cmopedgjr000d2aevk2bq0rs9",,"North Melbourne-West Melbourne","","VIC","2025-Q3",2025-09-01T00:00:00.000Z,"600",,,,,,"rental-vic",2026-05-03T06:36:23.174Z,2026-05-03T06:36:23.174Z
"cmopedjgf00112aevbbglh1p6",,"Nunawading-Mitcham","","VIC","2025-Q3",2025-09-01T00:00:00.000Z,"580",,,,,,"rental-vic",2026-05-03T06:36:26.943Z,2026-05-03T06:36:26.943Z
"cmopednjp00212aevxz7hfrmc",,"Oak Park-Glenroy-Fawkner","","VIC","2025-Q3",2025-09-01T00:00:00.000Z,"530",,,,,,"rental-vic",2026-05-03T06:36:32.245Z,2026-05-03T06:36:32.245Z
"cmopedugp003q2aevdl4rr36l",,"Ocean Grove-Barwon Heads","","VIC","2025-Q3",2025-09-01T00:00:00.000Z,"570",,,,,,"rental-vic",2026-05-03T06:36:41.209Z,2026-05-03T06:36:41.209Z
"cmopedqz9002v2aev79xgfq73","pakenham-vic-3810","Pakenham","","VIC","2025-Q3",2025-09-01T00:00:00.000Z,"540",,,,,,"rental-vic",2026-05-03T06:36:36.693Z,2026-05-03T06:36:36.693Z
"cmopednnq00222aevqz6jcv90",,"Pascoe Vale-Coburg North","","VIC","2025-Q3",2025-09-01T00:00:00.000Z,"550",,,,,,"rental-vic",2026-05-03T06:36:32.390Z,2026-05-03T06:36:32.390Z
"cmopedul2003r2aevjapyiain","portland-vic-3305","Portland","","VIC","2025-Q3",2025-09-01T00:00:00.000Z,"420",,,,,,"rental-vic",2026-05-03T06:36:41.366Z,2026-05-03T06:36:41.366Z
"cmopedgo5000e2aevvk9vp5e4","port-melbourne-vic-3207","Port Melbourne","","VIC","2025-Q3",2025-09-01T00:00:00.000Z,"795",,,,,,"rental-vic",2026-05-03T06:36:23.333Z,2026-05-03T06:36:23.333Z
"cmopedgsj000f2aev3zs2vome",,"Prahran-Windsor","","VIC","2025-Q3",2025-09-01T00:00:00.000Z,"590",,,,,,"rental-vic",2026-05-03T06:36:23.491Z,2026-05-03T06:36:23.491Z
"cmopedotp002c2aevl2rzor6e","preston-vic-3072","Preston","","VIC","2025-Q3",2025-09-01T00:00:00.000Z,"560",,,,,,"rental-vic",2026-05-03T06:36:33.901Z,2026-05-03T06:36:33.901Z
"cmopedoxh002d2aevk6usr45q","reservoir-vic-3073","Reservoir","","VIC","2025-Q3",2025-09-01T00:00:00.000Z,"530",,,,,,"rental-vic",2026-05-03T06:36:34.037Z,2026-05-03T06:36:34.037Z
"cmopedgxq000g2aev5dhc5qie",,"Richmond-Burnley","","VIC","2025-Q3",2025-09-01T00:00:00.000Z,"675",,,,,,"rental-vic",2026-05-03T06:36:23.678Z,2026-05-03T06:36:23.678Z
"cmopedpv6002l2aevns096rob","ringwood-vic-3134","Ringwood","","VIC","2025-Q3",2025-09-01T00:00:00.000Z,"560",,,,,,"rental-vic",2026-05-03T06:36:35.250Z,2026-05-03T06:36:35.250Z
"cmopedpz7002m2aev04zihggh","rowville-vic-3178","Rowville","","VIC","2025-Q3",2025-09-01T00:00:00.000Z,"650",,,,,,"rental-vic",2026-05-03T06:36:35.395Z,2026-05-03T06:36:35.395Z
"cmopeduqe003s2aev680akavv",,"Sale-Maffra","","VIC","2025-Q3",2025-09-01T00:00:00.000Z,"450",,,,,,"rental-vic",2026-05-03T06:36:41.558Z,2026-05-03T06:36:41.558Z
"cmopedrnr00312aev36ma1q6b",,"Seaford-Carrum Downs","","VIC","2025-Q3",2025-09-01T00:00:00.000Z,"560",,,,,,"rental-vic",2026-05-03T06:36:37.575Z,2026-05-03T06:36:37.575Z
"cmopedsrz003b2aev4fit9xkg",,"Sebastopol-Delacombe","","VIC","2025-Q3",2025-09-01T00:00:00.000Z,"430",,,,,,"rental-vic",2026-05-03T06:36:39.023Z,2026-05-03T06:36:39.023Z
"cmopeduud003t2aevh67ea909","seymour-vic-3660","Seymour","","VIC","2025-Q3",2025-09-01T00:00:00.000Z,"410",,,,,,"rental-vic",2026-05-03T06:36:41.701Z,2026-05-03T06:36:41.701Z
"cmopeduz5003u2aevm9lc1war","shepparton-vic-3630","Shepparton","","VIC","2025-Q3",2025-09-01T00:00:00.000Z,"460",,,,,,"rental-vic",2026-05-03T06:36:41.873Z,2026-05-03T06:36:41.873Z
"cmopedhao000j2aev66626142","southbank-vic-3006","Southbank","","VIC","2025-Q3",2025-09-01T00:00:00.000Z,"680",,,,,,"rental-vic",2026-05-03T06:36:24.144Z,2026-05-03T06:36:24.144Z
"cmopedh26000h2aevmzdwup64","south-melbourne-vic-3205","South Melbourne","","VIC","2025-Q3",2025-09-01T00:00:00.000Z,"650",,,,,,"rental-vic",2026-05-03T06:36:23.838Z,2026-05-03T06:36:23.838Z
"cmopedh6d000i2aev86fbfgvp","south-yarra-vic-3141","South Yarra","","VIC","2025-Q3",2025-09-01T00:00:00.000Z,"620",,,,,,"rental-vic",2026-05-03T06:36:23.989Z,2026-05-03T06:36:23.989Z
"cmopedr3a002w2aevlvfkcmu7","springvale-vic-3171","Springvale","","VIC","2025-Q3",2025-09-01T00:00:00.000Z,"570",,,,,,"rental-vic",2026-05-03T06:36:36.838Z,2026-05-03T06:36:36.838Z
"cmopedlr2001l2aev3fayvl2g",,"St Albans-Deer Park","","VIC","2025-Q3",2025-09-01T00:00:00.000Z,"470",,,,,,"rental-vic",2026-05-03T06:36:29.918Z,2026-05-03T06:36:29.918Z
"cmopedhf1000k2aev68mcrjd4","st-kilda-vic-3182","St Kilda","","VIC","2025-Q3",2025-09-01T00:00:00.000Z,"560",,,,,,"rental-vic",2026-05-03T06:36:24.301Z,2026-05-03T06:36:24.301Z
"cmopednrm00232aevdu3g2h0a","sunbury-vic-3429","Sunbury","","VIC","2025-Q3",2025-09-01T00:00:00.000Z,"520",,,,,,"rental-vic",2026-05-03T06:36:32.530Z,2026-05-03T06:36:32.530Z
"cmopedluy001m2aev97cud6a7","sunshine-vic-3020","Sunshine","","VIC","2025-Q3",2025-09-01T00:00:00.000Z,"480",,,,,,"rental-vic",2026-05-03T06:36:30.058Z,2026-05-03T06:36:30.058Z
"cmopedv3a003v2aevr2z7e6et","swan-hill-vic-3585","Swan Hill","","VIC","2025-Q3",2025-09-01T00:00:00.000Z,"430",,,,,,"rental-vic",2026-05-03T06:36:42.022Z,2026-05-03T06:36:42.022Z
"cmopedlyn001n2aevchzbigbj","sydenham-vic-3037","Sydenham","","VIC","2025-Q3",2025-09-01T00:00:00.000Z,"500",,,,,,"rental-vic",2026-05-03T06:36:30.191Z,2026-05-03T06:36:30.191Z
"cmopedp1j002e2aevve0ahmth",,"Thomastown-Lalor","","VIC","2025-Q3",2025-09-01T00:00:00.000Z,"500",,,,,,"rental-vic",2026-05-03T06:36:34.183Z,2026-05-03T06:36:34.183Z
"cmopedp7d002f2aevw18p8uh8","thornbury-vic-3071","Thornbury","","VIC","2025-Q3",2025-09-01T00:00:00.000Z,"525",,,,,,"rental-vic",2026-05-03T06:36:34.393Z,2026-05-03T06:36:34.393Z
"cmopedhj6000l2aev8r4sjklc","toorak-vic-3142","Toorak","","VIC","2025-Q3",2025-09-01T00:00:00.000Z,"688",,,,,,"rental-vic",2026-05-03T06:36:24.450Z,2026-05-03T06:36:24.450Z
"cmopedv78003w2aev36qwq52f","torquay-vic-3228","Torquay","","VIC","2025-Q3",2025-09-01T00:00:00.000Z,"685",,,,,,"rental-vic",2026-05-03T06:36:42.164Z,2026-05-03T06:36:42.164Z
"cmopedvaz003x2aev6zzecm1b","traralgon-vic-3844","Traralgon","","VIC","2025-Q3",2025-09-01T00:00:00.000Z,"450",,,,,,"rental-vic",2026-05-03T06:36:42.299Z,2026-05-03T06:36:42.299Z
"cmopedjln00122aev4230j6hb",,"Vermont-Forest Hill-Burwood East","","VIC","2025-Q3",2025-09-01T00:00:00.000Z,"650",,,,,,"rental-vic",2026-05-03T06:36:27.131Z,2026-05-03T06:36:27.131Z
"cmopedvf3003y2aevyeskzqkk",,"Wanagaratta","","VIC","2025-Q3",2025-09-01T00:00:00.000Z,"420",,,,,,"rental-vic",2026-05-03T06:36:42.447Z,2026-05-03T06:36:42.447Z
"cmopedq36002n2aev7vnnmuh9",,"Wantirna-Scoresby","","VIC","2025-Q3",2025-09-01T00:00:00.000Z,"620",,,,,,"rental-vic",2026-05-03T06:36:35.538Z,2026-05-03T06:36:35.538Z
"cmopedvji003z2aevlmr1u5vv","warragul-vic-3820","Warragul","","VIC","2025-Q3",2025-09-01T00:00:00.000Z,"550",,,,,,"rental-vic",2026-05-03T06:36:42.606Z,2026-05-03T06:36:42.606Z
"cmopedvnp00402aevfhd1s4bu","warrnambool-vic-3280","Warrnambool","","VIC","2025-Q3",2025-09-01T00:00:00.000Z,"500",,,,,,"rental-vic",2026-05-03T06:36:42.757Z,2026-05-03T06:36:42.757Z
"cmopedsvz003c2aevzepfuzdn",,"Wendouree-Alfredton","","VIC","2025-Q3",2025-09-01T00:00:00.000Z,"440",,,,,,"rental-vic",2026-05-03T06:36:39.167Z,2026-05-03T06:36:39.167Z
"cmopedm2q001o2aevipdrclm0",,"Werribee-Hoppers Crossing","","VIC","2025-Q3",2025-09-01T00:00:00.000Z,"490",,,,,,"rental-vic",2026-05-03T06:36:30.338Z,2026-05-03T06:36:30.338Z
"cmopednvt00242aevp0b0kg00",,"West Brunswick","","VIC","2025-Q3",2025-09-01T00:00:00.000Z,"480",,,,,,"rental-vic",2026-05-03T06:36:32.681Z,2026-05-03T06:36:32.681Z
"cmopedm6m001p2aev7n3t45zn","west-footscray-vic-3012","West Footscray","","VIC","2025-Q3",2025-09-01T00:00:00.000Z,"550",,,,,,"rental-vic",2026-05-03T06:36:30.478Z,2026-05-03T06:36:30.478Z
"cmopedpb9002g2aev95s48s9g","whittlesea-vic-3757","Whittlesea","","VIC","2025-Q3",2025-09-01T00:00:00.000Z,"540",,,,,,"rental-vic",2026-05-03T06:36:34.533Z,2026-05-03T06:36:34.533Z
"cmopedmal001q2aev025w211h","williamstown-vic-3016","Williamstown","","VIC","2025-Q3",2025-09-01T00:00:00.000Z,"670",,,,,,"rental-vic",2026-05-03T06:36:30.621Z,2026-05-03T06:36:30.621Z
"cmopedvry00412aevn7cfk1ts","wodonga-vic-3690","Wodonga","","VIC","2025-Q3",2025-09-01T00:00:00.000Z,"500",,,,,,"rental-vic",2026-05-03T06:36:42.910Z,2026-05-03T06:36:42.910Z
"cmopedq79002o2aevd9f6oz63",,"Yarra Ranges","","VIC","2025-Q3",2025-09-01T00:00:00.000Z,"580",,,,,,"rental-vic",2026-05-03T06:36:35.685Z,2026-05-03T06:36:35.685Z
"cmopedmee001r2aevbko9oure",,"Yarraville-Seddon","","VIC","2025-Q3",2025-09-01T00:00:00.000Z,"620",,,,,,"rental-vic",2026-05-03T06:36:30.758Z,2026-05-03T06:36:30.758Z
