Top pages,Clicks,Impressions,CTR,Position
https://www.yourpropertyguide.com.au/,39,1561,2.5%,10.5
https://www.yourpropertyguide.com.au/suburbs/badagarang-nsw-2540,6,743,0.81%,5.92
https://www.yourpropertyguide.com.au/best-suburbs/lowest-flood-risk/nsw,6,81,7.41%,9.35
https://www.yourpropertyguide.com.au/suburbs/morayfield-qld-4506,5,10099,0.05%,10.31
https://www.yourpropertyguide.com.au/suburbs/walloon-qld-4306/wickham-way,5,186,2.69%,7.02
https://www.yourpropertyguide.com.au/property/10-caroona-close-adamstown-heights-nsw-2289,5,102,4.9%,8.89
https://www.yourpropertyguide.com.au/property/6-ollis-street-quindalup-wa-6281,5,73,6.85%,5.68
https://www.yourpropertyguide.com.au/property/52-hensley-street-pinnaroo-sa-5304,5,64,7.81%,6.98
https://www.yourpropertyguide.com.au/property/423-kangaroo-creek-road-coutts-crossing-nsw-2460,5,11,45.45%,4.09
https://www.yourpropertyguide.com.au/guides/real-estate-commission-nsw,4,529,0.76%,25.93
https://www.yourpropertyguide.com.au/best-suburbs/highest-growth/wa,4,222,1.8%,24.24
https://www.yourpropertyguide.com.au/property/105-darley-road-upper-caboolture-qld-4510,4,45,8.89%,9.07
https://www.yourpropertyguide.com.au/best-suburbs/lowest-flood-risk/qld,4,40,10%,6.92
https://www.yourpropertyguide.com.au/property/17-kardak-street-tarneit-vic-3029,4,29,13.79%,8.28
https://www.yourpropertyguide.com.au/suburbs/buderim-qld-4556,3,9873,0.03%,8.57
https://www.yourpropertyguide.com.au/suburbs/taigum-qld-4018,3,3628,0.08%,8.51
https://www.yourpropertyguide.com.au/guides/real-estate-commission-vic,3,1279,0.23%,33.34
https://www.yourpropertyguide.com.au/suburbs/balwyn-north-vic-3104/vs/balwyn-vic-3103,3,312,0.96%,38.16
https://www.yourpropertyguide.com.au/best-suburbs/highest-growth/tas,3,102,2.94%,12.64
https://www.yourpropertyguide.com.au/suburbs/bullsbrook-wa-6084/waratah-street,3,54,5.56%,7.83
https://www.yourpropertyguide.com.au/suburbs/seaford-vic-3198/rental-market,3,29,10.34%,11.45
https://www.yourpropertyguide.com.au/property/4-kardak-street-tarneit-vic-3029,3,9,33.33%,5.67
https://www.yourpropertyguide.com.au/postcodes/2170,2,4849,0.04%,9.09
https://www.yourpropertyguide.com.au/suburbs/arundel-qld-4214,2,4378,0.05%,7.45
https://www.yourpropertyguide.com.au/guides/real-estate-commission-tas,2,690,0.29%,15.16
https://www.yourpropertyguide.com.au/suburbs/catherine-hill-bay-nsw-2281,2,417,0.48%,9.89
https://www.yourpropertyguide.com.au/suburbs/gembrook-vic-3783,2,346,0.58%,9.64
https://www.yourpropertyguide.com.au/guides/renters-rights-act,2,244,0.82%,29.05
https://www.yourpropertyguide.com.au/suburbs/karingal-centre-vic-3199,2,239,0.84%,8.04
https://www.yourpropertyguide.com.au/suburbs/kiwirrkurra-wa-0872,2,184,1.09%,7.62
https://www.yourpropertyguide.com.au/suburbs/humpybong-qld-4019,2,124,1.61%,9.11
https://www.yourpropertyguide.com.au/best-suburbs/highest-growth/qld,2,102,1.96%,16.81
https://www.yourpropertyguide.com.au/best-suburbs/highest-growth/sa,2,83,2.41%,28.05
https://www.yourpropertyguide.com.au/suburbs/bullsbrook-wa-6084/vickers-way,2,71,2.82%,5.46
https://www.yourpropertyguide.com.au/suburbs/essendon-vic-3040/vs/strathmore-vic-3041,2,65,3.08%,8.77
https://www.yourpropertyguide.com.au/find-your-suburb,2,65,3.08%,20.22
https://www.yourpropertyguide.com.au/suburbs/redcliffe-qld-4020/crawford-street,2,59,3.39%,9.61
https://www.yourpropertyguide.com.au/property/9-reaside-road-walloon-qld-4306,2,55,3.64%,9.73
https://www.yourpropertyguide.com.au/suburbs/mons-qld-4556/mons-school-road,2,51,3.92%,9.31
https://www.yourpropertyguide.com.au/property/86-eastside-boulevard-donnybrook-vic-3064,2,48,4.17%,10.33
https://www.yourpropertyguide.com.au/property/unit-3-3-green-street-ivanhoe-vic-3079,2,42,4.76%,8.81
https://www.yourpropertyguide.com.au/property/90-east-glen-port-sorell-tas-7307,2,41,4.88%,8.22
https://www.yourpropertyguide.com.au/property/unit-37-1a-gloucester-avenue-burwood-nsw-2134,2,34,5.88%,11.38
https://www.yourpropertyguide.com.au/suburbs/donnybrook-vic-3064/pulchella-crescent,2,33,6.06%,8.33
https://www.yourpropertyguide.com.au/best-suburbs/most-walkable/vic,2,31,6.45%,9
https://www.yourpropertyguide.com.au/suburbs/canada-bay-nsw-2046/schools,2,30,6.67%,11.83
https://www.yourpropertyguide.com.au/property/40-heartlands-boulevard-tarneit-vic-3029,2,29,6.9%,8.21
https://www.yourpropertyguide.com.au/suburbs/yarrabilba-qld-4207/rental-market,2,24,8.33%,9.96
https://www.yourpropertyguide.com.au/suburbs/macedon-vic-3440/grandview-avenue,2,23,8.7%,8.74
https://www.yourpropertyguide.com.au/suburbs/karawara-wa-6152/crana-place,2,20,10%,8.25
https://www.yourpropertyguide.com.au/suburbs/alphington-vic-3078/rental-market,2,20,10%,15.15
https://www.yourpropertyguide.com.au/property/42-falcon-rise-moama-nsw-2731,2,17,11.76%,4.88
https://www.yourpropertyguide.com.au/suburbs/balfes-creek-qld-4820,2,16,12.5%,4.88
https://www.yourpropertyguide.com.au/suburbs/clearview-sa-5085/rental-market,2,15,13.33%,7.73
https://www.yourpropertyguide.com.au/property/22-brown-street-avondale-heights-vic-3034,2,13,15.38%,5.08
https://www.yourpropertyguide.com.au/suburbs/padstow-nsw-2211/vs/revesby-nsw-2212,2,13,15.38%,7.62
https://www.yourpropertyguide.com.au/property/unit-8-12-dine-street-randwick-nsw-2031,2,10,20%,6
https://www.yourpropertyguide.com.au/property/unit-106-15-yarraman-avenue-randwick-nsw-2031,2,10,20%,9
https://www.yourpropertyguide.com.au/property/10-cactus-court-kingscliff-nsw-2487,2,10,20%,11
https://www.yourpropertyguide.com.au/suburbs/tannum-sands-qld-4680/glenville-street,2,9,22.22%,9.11
https://www.yourpropertyguide.com.au/property/23-wellow-way-donnybrook-vic-3064,2,7,28.57%,5.71
https://www.yourpropertyguide.com.au/suburbs/regency-downs-qld-4341/schools,2,7,28.57%,9
https://www.yourpropertyguide.com.au/property/unit-1-28-goodwin-street-narrabeen-nsw-2101,2,6,33.33%,5.67
https://www.yourpropertyguide.com.au/property/unit-7-11a-randwick-street-randwick-nsw-2031,2,6,33.33%,12.17
https://www.yourpropertyguide.com.au/suburbs/peterborough-sa-5422/rental-market,2,6,33.33%,14.67
https://www.yourpropertyguide.com.au/property/47-vauxhall-street-virginia-qld-4014,2,5,40%,5.2
https://www.yourpropertyguide.com.au/property/34-howard-street-randwick-nsw-2031,2,5,40%,7.8
https://www.yourpropertyguide.com.au/suburbs/como-wa-6152/rental-market,2,5,40%,9.6
https://www.yourpropertyguide.com.au/suburbs/symonston-act-2609/schools,2,4,50%,5
https://www.yourpropertyguide.com.au/property/14-centinela-street-tarneit-vic-3029,2,4,50%,6.75
https://www.yourpropertyguide.com.au/property/49-thurecht-street-maryborough-qld-4650,2,3,66.67%,9.67
https://www.yourpropertyguide.com.au/property/79-eastside-boulevard-donnybrook-vic-3064,2,2,100%,2
https://www.yourpropertyguide.com.au/property/41-birregurra-drive-tarneit-vic-3029,2,2,100%,4
https://www.yourpropertyguide.com.au/property/unit-2-34-howard-street-randwick-nsw-2031,2,2,100%,7
https://www.yourpropertyguide.com.au/postcodes/4118,1,2184,0.05%,9.6
https://www.yourpropertyguide.com.au/suburbs/moorebank-nsw-2170,1,1506,0.07%,9.48
https://www.yourpropertyguide.com.au/suburbs/hervey-bay-dc-qld-4655,1,1464,0.07%,10.4
https://www.yourpropertyguide.com.au/suburbs/chermside-south-qld-4032,1,1445,0.07%,10.55
https://www.yourpropertyguide.com.au/renovating,1,896,0.11%,80.56
https://www.yourpropertyguide.com.au/suburbs/bulleen-vic-3105,1,836,0.12%,11.25
https://www.yourpropertyguide.com.au/postcodes/4005,1,815,0.12%,9.29
https://www.yourpropertyguide.com.au/postcodes/3192,1,623,0.16%,8.7
https://www.yourpropertyguide.com.au/suburbs/wynnum-west-qld-4178,1,571,0.18%,18.04
https://www.yourpropertyguide.com.au/suburbs/red-hill-act-2603,1,538,0.19%,11.41
https://www.yourpropertyguide.com.au/suburbs/deer-park-vic-3023,1,531,0.19%,9.99
https://www.yourpropertyguide.com.au/suburbs/junee-nsw-2663,1,422,0.24%,8.81
https://www.yourpropertyguide.com.au/suburbs/moruya-nsw-2537,1,398,0.25%,8.38
https://www.yourpropertyguide.com.au/guides/real-estate-commission-wa,1,377,0.27%,10.53
https://www.yourpropertyguide.com.au/suburbs/eleebana-nsw-2282,1,373,0.27%,11.09
https://www.yourpropertyguide.com.au/suburbs/south-lake-wa-6164,1,369,0.27%,9.92
https://www.yourpropertyguide.com.au/suburbs/glen-waverley-vic-3150,1,367,0.27%,7.79
https://www.yourpropertyguide.com.au/postcodes/3099,1,355,0.28%,9.96
https://www.yourpropertyguide.com.au/suburbs/parkdale-vic-3195,1,316,0.32%,9.09
https://www.yourpropertyguide.com.au/suburbs/quindalup-wa-6281/geographe-bay-road,1,308,0.32%,8.4
https://www.yourpropertyguide.com.au/suburbs/goodwood-sa-5034,1,258,0.39%,8.42
https://www.yourpropertyguide.com.au/guides/best-brisbane-suburbs-for-families-2026,1,239,0.42%,54.67
https://www.yourpropertyguide.com.au/suburbs/denham-court-nsw-2565,1,231,0.43%,9.64
https://www.yourpropertyguide.com.au/postcodes/4013,1,227,0.44%,9.11
https://www.yourpropertyguide.com.au/suburbs/boulia-qld-4829,1,226,0.44%,8.68
https://www.yourpropertyguide.com.au/guides/real-estate-commission-nt,1,218,0.46%,6.99
https://www.yourpropertyguide.com.au/postcodes/5070,1,203,0.49%,9.28
https://www.yourpropertyguide.com.au/guides/real-estate-commission-act,1,195,0.51%,37.79
https://www.yourpropertyguide.com.au/suburbs/croydon-vic-3136,1,179,0.56%,9.06
https://www.yourpropertyguide.com.au/for-agents,1,179,0.56%,68.34
https://www.yourpropertyguide.com.au/suburbs/paradise-waters-qld-4217,1,177,0.56%,10.16
https://www.yourpropertyguide.com.au/postcodes/7010,1,158,0.63%,9.02
https://www.yourpropertyguide.com.au/postcodes/3199,1,155,0.65%,9.46
https://www.yourpropertyguide.com.au/suburbs/boronia-vic-3155,1,150,0.67%,9.34
https://www.yourpropertyguide.com.au/suburbs/burra-sa-5417,1,147,0.68%,8.52
https://www.yourpropertyguide.com.au/suburbs/glebe-nsw-2037,1,143,0.7%,9.51
https://www.yourpropertyguide.com.au/best-suburbs/most-affordable/act,1,141,0.71%,15.38
https://www.yourpropertyguide.com.au/about,1,141,0.71%,23.7
https://yourpropertyguide.com.au/suburbs/werrington-downs-nsw-2747,1,135,0.74%,18.62
https://www.yourpropertyguide.com.au/suburbs/tullimbar-nsw-2527,1,133,0.75%,7.95
https://www.yourpropertyguide.com.au/postcodes/2192,1,129,0.78%,9.36
https://www.yourpropertyguide.com.au/suburbs/tullamarine-vic-3043,1,128,0.78%,9.16
https://www.yourpropertyguide.com.au/property-market/melbourne,1,126,0.79%,46.55
https://www.yourpropertyguide.com.au/guides/renters-rights-nsw,1,125,0.8%,49.38
https://www.yourpropertyguide.com.au/postcodes/6537,1,117,0.85%,8.15
https://www.yourpropertyguide.com.au/suburbs/payneham-sa-5070,1,117,0.85%,9.34
https://www.yourpropertyguide.com.au/suburbs/new-farm-qld-4005,1,116,0.86%,9.66
https://yourpropertyguide.com.au/suburbs/rosebud-west-vic-3940,1,115,0.87%,17.08
https://www.yourpropertyguide.com.au/suburbs/frenchs-forest-qld-4502,1,109,0.92%,10.78
https://www.yourpropertyguide.com.au/suburbs/riverlea-park-sa-5120,1,107,0.93%,7.91
https://www.yourpropertyguide.com.au/best-suburbs/most-affordable/wa,1,106,0.94%,17.68
https://www.yourpropertyguide.com.au/suburbs/ashford-nsw-2361,1,103,0.97%,12.32
https://www.yourpropertyguide.com.au/suburbs/macnamara-act-2615,1,100,1%,7.5
https://www.yourpropertyguide.com.au/suburbs/thornlands-qld-4164,1,91,1.1%,7.63
https://www.yourpropertyguide.com.au/suburbs/townsville-qld-4810/rental-market,1,91,1.1%,20.97
https://www.yourpropertyguide.com.au/suburbs/chillagoe-qld-4871,1,90,1.11%,8.57
https://www.yourpropertyguide.com.au/suburbs/winmalee-nsw-2777,1,89,1.12%,9.25
https://www.yourpropertyguide.com.au/suburbs/preston-west-vic-3072,1,87,1.15%,9.41
https://www.yourpropertyguide.com.au/suburbs/ellenbrook-wa-6069,1,86,1.16%,9.4
https://www.yourpropertyguide.com.au/suburbs/whyalla-dc-sa-5600,1,85,1.18%,8.78
https://www.yourpropertyguide.com.au/suburbs/karrinyup-wa-6018,1,81,1.23%,11.1
https://www.yourpropertyguide.com.au/suburbs/woden-act-2606,1,80,1.25%,7.33
https://yourpropertyguide.com.au/suburbs/main-beach-qld-4217,1,77,1.3%,9.1
https://www.yourpropertyguide.com.au/suburbs/bellmere-qld-4510,1,74,1.35%,10.27
https://www.yourpropertyguide.com.au/postcodes/2168,1,73,1.37%,8.05
https://www.yourpropertyguide.com.au/guides/renters-rights-vic,1,73,1.37%,42.81
https://www.yourpropertyguide.com.au/suburbs/kingswood-nsw-2340,1,71,1.41%,15.96
https://www.yourpropertyguide.com.au/postcodes/4362,1,70,1.43%,9.89
https://www.yourpropertyguide.com.au/guides/renters-rights-wa,1,69,1.45%,34.78
https://www.yourpropertyguide.com.au/schools/sherwood-hills-christian-school-43707,1,68,1.47%,10.4
https://www.yourpropertyguide.com.au/suburbs/ascot-vale-vic-3032,1,66,1.52%,10.11
https://www.yourpropertyguide.com.au/suburbs/medlow-bath-nsw-2780,1,64,1.56%,9.69
https://www.yourpropertyguide.com.au/suburbs/treeby-wa-6164/lillypilly-crescent,1,63,1.59%,8.14
https://yourpropertyguide.com.au/suburbs/leadville-nsw-2844,1,63,1.59%,8.84
https://www.yourpropertyguide.com.au/suburbs/casuarina-nsw-2487,1,63,1.59%,9.4
https://www.yourpropertyguide.com.au/guides/sydney-property-market-2026,1,63,1.59%,26.14
https://www.yourpropertyguide.com.au/suburbs/carnamah-wa-6517,1,61,1.64%,8.07
https://www.yourpropertyguide.com.au/suburbs/harrogate-sa-5244,1,61,1.64%,9.28
https://www.yourpropertyguide.com.au/property/13-limelight-street-tarneit-vic-3029,1,61,1.64%,12
https://www.yourpropertyguide.com.au/suburbs/hectorville-sa-5073/armagh-avenue,1,60,1.67%,7.73
https://www.yourpropertyguide.com.au/suburbs/altona-meadows-vic-3028,1,60,1.67%,9.55
https://www.yourpropertyguide.com.au/schools/centenary-state-high-school-47217,1,57,1.75%,6.81
https://www.yourpropertyguide.com.au/suburbs/grawin-opal-fields-nsw-2832,1,56,1.79%,6.32
https://www.yourpropertyguide.com.au/property/14-paterson-road-walloon-qld-4306,1,55,1.82%,7.91
https://www.yourpropertyguide.com.au/suburbs/christies-beach-sa-5165/rental-market,1,54,1.85%,7.06
https://www.yourpropertyguide.com.au/postcodes/4801,1,53,1.89%,4.15
https://www.yourpropertyguide.com.au/suburbs/ashton-sa-5137,1,53,1.89%,11.17
https://www.yourpropertyguide.com.au/tools,1,50,2%,46.42
https://www.yourpropertyguide.com.au/suburbs/bullsbrook-wa-6084/warbrook-road,1,48,2.08%,8.29
https://www.yourpropertyguide.com.au/guides/renters-rights-tas,1,48,2.08%,24.38
https://www.yourpropertyguide.com.au/suburbs/ridgehaven-sa-5097,1,47,2.13%,8.23
https://www.yourpropertyguide.com.au/suburbs/blakeview-sa-5114,1,46,2.17%,9.78
https://www.yourpropertyguide.com.au/property/48-pallas-street-maryborough-qld-4650,1,44,2.27%,7.7
https://www.yourpropertyguide.com.au/suburbs/revesby-north-nsw-2212,1,44,2.27%,10.07
https://www.yourpropertyguide.com.au/property/16-san-antonio-court-mount-louisa-qld-4814,1,43,2.33%,8.63
https://www.yourpropertyguide.com.au/property/24-oradala-court-greenwith-sa-5125,1,43,2.33%,9.21
https://www.yourpropertyguide.com.au/suburbs/berwick-vic-3806/carnival-boulevard,1,43,2.33%,9.3
https://www.yourpropertyguide.com.au/postcodes/6069,1,43,2.33%,13.09
https://www.yourpropertyguide.com.au/suburbs/wangaratta-vic-3677/burke-street,1,42,2.38%,8.79
https://www.yourpropertyguide.com.au/suburbs/rural-view-qld-4740,1,42,2.38%,9.1
https://www.yourpropertyguide.com.au/suburbs/manning-wa-6152/canavan-crescent,1,40,2.5%,9.72
https://www.yourpropertyguide.com.au/suburbs/white-gum-valley-wa-6162,1,40,2.5%,10.5
https://www.yourpropertyguide.com.au/suburbs/armstrong-vic-3377,1,39,2.56%,8.44
https://www.yourpropertyguide.com.au/suburbs/merton-vic-3715,1,39,2.56%,9.23
https://www.yourpropertyguide.com.au/best-suburbs/most-walkable/nsw,1,39,2.56%,9.87
https://www.yourpropertyguide.com.au/suburbs/holmesglen-vic-3148/vs/jordanville-vic-3148,1,39,2.56%,10.62
https://www.yourpropertyguide.com.au/regions/christmas-island,1,39,2.56%,23.21
https://www.yourpropertyguide.com.au/suburbs/lake-darlot-wa-6438,1,38,2.63%,8.05
https://www.yourpropertyguide.com.au/suburbs/nar-nar-goon-vic-3812,1,38,2.63%,11
https://www.yourpropertyguide.com.au/suburbs/jimboomba-qld-4280/hill-street,1,37,2.7%,9.08
https://www.yourpropertyguide.com.au/suburbs/cranbourne-vic-3977/rental-market,1,37,2.7%,12.22
https://www.yourpropertyguide.com.au/suburbs/temora-nsw-2666/byron-street,1,36,2.78%,8.17
https://www.yourpropertyguide.com.au/suburbs/brassall-heights-qld-4305,1,36,2.78%,10.47
https://www.yourpropertyguide.com.au/suburbs/blackburn-vic-3130/rental-market,1,36,2.78%,13
https://www.yourpropertyguide.com.au/suburbs/angledool-nsw-2832,1,35,2.86%,7.34
https://www.yourpropertyguide.com.au/postcodes/3190,1,35,2.86%,7.54
https://www.yourpropertyguide.com.au/suburbs/berwick-vic-3806/bondi-walk,1,34,2.94%,7.79
https://www.yourpropertyguide.com.au/suburbs/coolaroo-vic-3048,1,34,2.94%,9.24
https://www.yourpropertyguide.com.au/suburbs/chambers-flat-qld-4133/garnet-court,1,33,3.03%,8.06
https://www.yourpropertyguide.com.au/suburbs/treeby-wa-6164/basanite-loop,1,32,3.12%,9.06
https://www.yourpropertyguide.com.au/suburbs/donnybrook-vic-3064/fritham-street,1,32,3.12%,9.34
https://www.yourpropertyguide.com.au/suburbs/salter-point-wa-6152,1,32,3.12%,9.72
https://www.yourpropertyguide.com.au/suburbs/tikitere-nsw-2400,1,32,3.12%,9.94
https://www.yourpropertyguide.com.au/suburbs/wolli-creek-nsw-2205/schools,1,32,3.12%,10.38
https://www.yourpropertyguide.com.au/suburbs/malvern-vic-3144/rental-market,1,32,3.12%,16.78
https://www.yourpropertyguide.com.au/property/unit-6-46-48-arthur-street-randwick-nsw-2031,1,31,3.23%,8.71
https://www.yourpropertyguide.com.au/suburbs/kerrimuir-vic-3129,1,31,3.23%,9.26
https://www.yourpropertyguide.com.au/suburbs/caulfield-north-vic-3161/glencoe-street,1,30,3.33%,8.6
https://www.yourpropertyguide.com.au/suburbs/upper-horton-nsw-2347,1,30,3.33%,8.9
https://www.yourpropertyguide.com.au/suburbs/chocolyn-vic-3260,1,30,3.33%,9.93
https://www.yourpropertyguide.com.au/suburbs/dapto-nsw-2530,1,30,3.33%,10.23
https://www.yourpropertyguide.com.au/suburbs/perthville-nsw-2795,1,30,3.33%,12.63
https://www.yourpropertyguide.com.au/suburbs/grafton-nsw-2460/rental-market,1,30,3.33%,19.3
https://www.yourpropertyguide.com.au/guides/first-home-buyer-act,1,30,3.33%,25.37
https://www.yourpropertyguide.com.au/property/54a-bundeena-drive-bundeena-nsw-2230,1,29,3.45%,8
https://www.yourpropertyguide.com.au/suburbs/horsham-vic-3400/rental-market,1,29,3.45%,8.9
https://www.yourpropertyguide.com.au/suburbs/berwick-vic-3806/royal-mile-avenue,1,29,3.45%,10.1
https://www.yourpropertyguide.com.au/suburbs/mandurah-east-wa-6210,1,29,3.45%,10.45
https://www.yourpropertyguide.com.au/suburbs/mount-ossa-qld-4741,1,29,3.45%,12.66
https://www.yourpropertyguide.com.au/postcodes/4064,1,28,3.57%,8.29
https://www.yourpropertyguide.com.au/suburbs/greenwell-point-nsw-2540/hume-street,1,28,3.57%,9.18
https://www.yourpropertyguide.com.au/suburbs/maslin-beach-sa-5170,1,28,3.57%,9.71
https://www.yourpropertyguide.com.au/suburbs/golden-bay-wa-6174,1,28,3.57%,12.07
https://www.yourpropertyguide.com.au/suburbs/box-hill-vic-3128/rental-market,1,28,3.57%,19.11
https://www.yourpropertyguide.com.au/suburbs/kembla-grange-nsw-2526,1,27,3.7%,8.11
https://www.yourpropertyguide.com.au/suburbs/new-norfolk-tas-7140,1,27,3.7%,9.78
https://www.yourpropertyguide.com.au/suburbs/newport-qld-4020/rental-market,1,27,3.7%,16.15
https://www.yourpropertyguide.com.au/suburbs/marino-sa-5049,1,26,3.85%,9.15
https://www.yourpropertyguide.com.au/schools/monte-sant-angelo-mercy-college-43675/vs/wenona-school-43868,1,26,3.85%,11.58
https://www.yourpropertyguide.com.au/suburbs/mascot-nsw-2020,1,26,3.85%,18.73
https://www.yourpropertyguide.com.au/suburbs/canterbury-vic-3126/rental-market,1,26,3.85%,23.65
https://www.yourpropertyguide.com.au/schools/faith-lutheran-college-plainland-47958/vs/sophia-college-52744,1,25,4%,4.68
https://www.yourpropertyguide.com.au/best-suburbs/lowest-flood-risk/vic,1,25,4%,6.68
https://www.yourpropertyguide.com.au/suburbs/birkenhead-sa-5015,1,25,4%,9
https://www.yourpropertyguide.com.au/suburbs/chinchilla-qld-4413/rental-market,1,24,4.17%,7.62
https://www.yourpropertyguide.com.au/suburbs/port-noarlunga-south-sa-5167/rental-market,1,24,4.17%,9.04
https://www.yourpropertyguide.com.au/suburbs/coolum-beach-qld-4573/rental-market,1,24,4.17%,10.5
https://www.yourpropertyguide.com.au/regions/cassowary-coast,1,24,4.17%,16.88
https://www.yourpropertyguide.com.au/suburbs/canning-vale-south-wa-6155/vs/southern-river-wa-6110,1,24,4.17%,18.71
https://www.yourpropertyguide.com.au/suburbs/point-cook-vic-3030/vs/williams-landing-vic-3027,1,23,4.35%,5.96
https://www.yourpropertyguide.com.au/property/unit-6-256-wilson-street-darlington-nsw-2008,1,23,4.35%,6.61
https://www.yourpropertyguide.com.au/suburbs/tarneit-vic-3029/darragan-road,1,23,4.35%,9.22
https://www.yourpropertyguide.com.au/guides/apra-3-percent-buffer-new-lending-limits-2026,1,23,4.35%,15.22
https://www.yourpropertyguide.com.au/suburbs/st-marys-nsw-2760/rental-market,1,23,4.35%,16.48
https://www.yourpropertyguide.com.au/suburbs/point-cook-vic-3030/vs/werribee-south-vic-3030,1,22,4.55%,6.41
https://www.yourpropertyguide.com.au/suburbs/tarneit-vic-3029/colonial-circuit,1,22,4.55%,7.95
https://www.yourpropertyguide.com.au/suburbs/maroochy-river-qld-4561/ocean-vista-drive,1,22,4.55%,8.41
https://www.yourpropertyguide.com.au/suburbs/wangaratta-vic-3677/cruse-street,1,22,4.55%,8.95
https://www.yourpropertyguide.com.au/suburbs/yaddra-nsw-2669,1,22,4.55%,9.59
https://www.yourpropertyguide.com.au/suburbs/chatswood-nsw-2067/vs/willoughby-nsw-2068,1,22,4.55%,26.64
https://www.yourpropertyguide.com.au/suburbs/east-brisbane-qld-4169/rental-market,1,22,4.55%,29.18
https://www.yourpropertyguide.com.au/property/18-vestige-street-donnybrook-vic-3064,1,21,4.76%,6.76
https://www.yourpropertyguide.com.au/schools/arthur-phillip-high-school-41848/vs/parramatta-high-school-41804,1,21,4.76%,7.67
https://www.yourpropertyguide.com.au/suburbs/somerton-vic-3062/burnett-street,1,21,4.76%,8.05
https://www.yourpropertyguide.com.au/property/unit-7-32-34-arthur-street-randwick-nsw-2031,1,21,4.76%,8.62
https://www.yourpropertyguide.com.au/suburbs/dusodie-nsw-2420,1,21,4.76%,9
https://www.yourpropertyguide.com.au/suburbs/hobart-tas-7001,1,21,4.76%,15
https://www.yourpropertyguide.com.au/suburbs/glen-waverley-vic-3150/rental-market,1,21,4.76%,15.95
https://www.yourpropertyguide.com.au/suburbs/wodonga-vic-3690/rental-market,1,21,4.76%,18.48
https://www.yourpropertyguide.com.au/property/94-eastside-boulevard-donnybrook-vic-3064,1,20,5%,5.05
https://www.yourpropertyguide.com.au/suburbs/edwardstown-sa-5039/rental-market,1,20,5%,6.55
https://www.yourpropertyguide.com.au/property/unit-2-38-pearson-street-lambton-nsw-2299,1,20,5%,6.85
https://www.yourpropertyguide.com.au/suburbs/hillcrest-qld-4118/rental-market,1,20,5%,8.05
https://www.yourpropertyguide.com.au/suburbs/mount-helen-vic-3350,1,20,5%,8.85
https://www.yourpropertyguide.com.au/suburbs/cannonvale-qld-4802/rental-market,1,20,5%,9.05
https://www.yourpropertyguide.com.au/suburbs/parramatta-nsw-2150/rental-market,1,20,5%,52.6
https://www.yourpropertyguide.com.au/suburbs/coatesville-vic-3165,1,19,5.26%,5.84
https://www.yourpropertyguide.com.au/property/19-generosa-grove-tarneit-vic-3029,1,19,5.26%,6.47
https://www.yourpropertyguide.com.au/property/19-ashbury-street-adamstown-heights-nsw-2289,1,19,5.26%,7.68
https://www.yourpropertyguide.com.au/property/49a-pearson-street-lambton-nsw-2299,1,19,5.26%,7.84
https://www.yourpropertyguide.com.au/suburbs/colyton-nsw-2760/blueberry-drive,1,19,5.26%,9
https://www.yourpropertyguide.com.au/suburbs/geraldton-wa-6530,1,19,5.26%,9.37
https://www.yourpropertyguide.com.au/property/unit-6-66-70-stanley-street-burwood-nsw-2134,1,19,5.26%,9.63
https://www.yourpropertyguide.com.au/suburbs/mangerton-nsw-2500/eastern-avenue,1,19,5.26%,10.32
https://www.yourpropertyguide.com.au/suburbs/doncaster-east-vic-3109/rental-market,1,19,5.26%,12.79
https://www.yourpropertyguide.com.au/suburbs/newstead-qld-4006/rental-market,1,19,5.26%,14.63
https://www.yourpropertyguide.com.au/suburbs/alfredton-vic-3350,1,19,5.26%,27.26
https://www.yourpropertyguide.com.au/suburbs/auburn-south-vic-3122,1,18,5.56%,5.17
https://www.yourpropertyguide.com.au/suburbs/flinders-park-sa-5025/rental-market,1,18,5.56%,7.61
https://www.yourpropertyguide.com.au/suburbs/jimboomba-qld-4280/holyman-court,1,18,5.56%,9.39
https://www.yourpropertyguide.com.au/suburbs/limbri-nsw-2352,1,18,5.56%,9.44
https://www.yourpropertyguide.com.au/best-suburbs/most-walkable/wa,1,18,5.56%,10.5
https://www.yourpropertyguide.com.au/suburbs/grosses-plain-nsw-2627,1,18,5.56%,20.67
https://www.yourpropertyguide.com.au/suburbs/south-brighton-sa-5048/rental-market,1,18,5.56%,33.5
https://www.yourpropertyguide.com.au/suburbs/malabugilmah-nsw-2460,1,17,5.88%,6.41
https://www.yourpropertyguide.com.au/suburbs/granya-vic-3701,1,17,5.88%,6.88
https://www.yourpropertyguide.com.au/suburbs/blackwood-sa-5051/rental-market,1,17,5.88%,7.94
https://www.yourpropertyguide.com.au/suburbs/burnside-vic-3023/vs/caroline-springs-vic-3023,1,17,5.88%,8.06
https://www.yourpropertyguide.com.au/suburbs/yeppoon-qld-4703/rental-market,1,17,5.88%,8.41
https://www.yourpropertyguide.com.au/suburbs/bow-bowing-nsw-2566,1,17,5.88%,8.59
https://www.yourpropertyguide.com.au/suburbs/cooran-qld-4569,1,17,5.88%,9.18
https://www.yourpropertyguide.com.au/suburbs/prospect-sa-5082/rental-market,1,17,5.88%,9.53
https://www.yourpropertyguide.com.au/suburbs/bourke-nsw-2840/rental-market,1,17,5.88%,11.71
https://www.yourpropertyguide.com.au/suburbs/lambton-nsw-2299/vs/new-lambton-nsw-2305,1,17,5.88%,16.82
https://www.yourpropertyguide.com.au/market-reports/sa,1,17,5.88%,33.18
https://www.yourpropertyguide.com.au/suburbs/maralinga-tjarutja-lands-sa-5690,1,16,6.25%,2.69
https://www.yourpropertyguide.com.au/suburbs/woodville-gardens-sa-5012/rental-market,1,16,6.25%,7.62
https://www.yourpropertyguide.com.au/suburbs/reedy-creek-qld-4227/eden-view-drive,1,16,6.25%,8.56
https://www.yourpropertyguide.com.au/suburbs/jimboomba-qld-4280/keswick-street,1,16,6.25%,9.06
https://www.yourpropertyguide.com.au/suburbs/bywong-nsw-2621,1,16,6.25%,9.5
https://www.yourpropertyguide.com.au/suburbs/dakabin-qld-4503/rental-market,1,16,6.25%,9.56
https://www.yourpropertyguide.com.au/property/18-mcaneny-street-redcliffe-qld-4020,1,16,6.25%,9.75
https://www.yourpropertyguide.com.au/suburbs/westlake-qld-4074/tarrabool-street,1,16,6.25%,9.81
https://www.yourpropertyguide.com.au/suburbs/salisbury-park-sa-5109/vs/brahma-lodge-sa-5109,1,16,6.25%,35.25
https://www.yourpropertyguide.com.au/property/22-oradala-court-greenwith-sa-5125,1,15,6.67%,5.6
https://www.yourpropertyguide.com.au/property/unit-502-88-98-king-street-randwick-nsw-2031,1,15,6.67%,6.33
https://www.yourpropertyguide.com.au/suburbs/cullen-bay-nt-0820,1,15,6.67%,6.53
https://www.yourpropertyguide.com.au/suburbs/mabuiag-island-qld-4875,1,15,6.67%,7.2
https://www.yourpropertyguide.com.au/suburbs/tjukurla-wa-0872,1,15,6.67%,7.2
https://www.yourpropertyguide.com.au/suburbs/charbon-nsw-2848,1,15,6.67%,7.33
https://www.yourpropertyguide.com.au/suburbs/swanbank-qld-4306,1,15,6.67%,8.07
https://www.yourpropertyguide.com.au/suburbs/nambour-qld-4560/rental-market,1,15,6.67%,8.33
https://www.yourpropertyguide.com.au/suburbs/humula-nsw-2652,1,15,6.67%,8.4
https://www.yourpropertyguide.com.au/suburbs/rowville-vic-3178/rental-market,1,15,6.67%,8.67
https://www.yourpropertyguide.com.au/suburbs/tarneit-vic-3029/geller-circuit,1,15,6.67%,9.6
https://www.yourpropertyguide.com.au/suburbs/croydon-nsw-2132/rental-market,1,15,6.67%,13.2
https://www.yourpropertyguide.com.au/suburbs/caulfield-east-vic-3145/vs/malvern-east-vic-3145,1,14,7.14%,3.43
https://www.yourpropertyguide.com.au/suburbs/melton-sa-5555,1,14,7.14%,5.71
https://www.yourpropertyguide.com.au/suburbs/glenelg-north-sa-5045/rental-market,1,14,7.14%,7.57
https://www.yourpropertyguide.com.au/suburbs/port-augusta-west-sa-5700/rental-market,1,14,7.14%,8.29
https://www.yourpropertyguide.com.au/postcodes/5158,1,14,7.14%,8.64
https://www.yourpropertyguide.com.au/suburbs/stavely-vic-3379,1,14,7.14%,8.86
https://www.yourpropertyguide.com.au/suburbs/burwood-nsw-2134/nicholson-street,1,14,7.14%,9.14
https://www.yourpropertyguide.com.au/suburbs/doncaster-east-vic-3109,1,14,7.14%,15.21
https://www.yourpropertyguide.com.au/suburbs/brighton-east-vic-3187/rental-market,1,14,7.14%,17
https://www.yourpropertyguide.com.au/suburbs/bentleigh-vic-3204/vs/brighton-east-vic-3187,1,14,7.14%,18.21
https://www.yourpropertyguide.com.au/suburbs/hampton-park-vic-3976/rental-market,1,14,7.14%,20.86
https://www.yourpropertyguide.com.au/property/117-walderton-avenue-balga-wa-6061,1,13,7.69%,5
https://www.yourpropertyguide.com.au/suburbs/newborough-vic-3825/rental-market,1,13,7.69%,6.77
https://www.yourpropertyguide.com.au/suburbs/seacliff-park-sa-5049/rental-market,1,13,7.69%,6.85
https://www.yourpropertyguide.com.au/suburbs/noarlunga-downs-sa-5168/rental-market,1,13,7.69%,7
https://www.yourpropertyguide.com.au/suburbs/hopkins-creek-nsw-2484,1,13,7.69%,7.92
https://www.yourpropertyguide.com.au/suburbs/avondale-heights-vic-3034/rental-market,1,13,7.69%,12.46
https://www.yourpropertyguide.com.au/suburbs/hope-island-qld-4212/schools,1,13,7.69%,13.08
https://www.yourpropertyguide.com.au/suburbs/tamworth-nsw-2340,1,13,7.69%,19.46
https://www.yourpropertyguide.com.au/suburbs/coomera-qld-4209/rental-market,1,13,7.69%,21.23
https://www.yourpropertyguide.com.au/suburbs/south-melbourne-vic-3205/rental-market,1,13,7.69%,33.92
https://www.yourpropertyguide.com.au/suburbs/mount-waverley-vic-3149/vs/ashwood-vic-3147,1,12,8.33%,3.75
https://www.yourpropertyguide.com.au/property/31-logan-drive-wangaratta-vic-3677,1,12,8.33%,6.58
https://www.yourpropertyguide.com.au/suburbs/pualco-range-sa-5440,1,12,8.33%,6.58
https://www.yourpropertyguide.com.au/suburbs/donnybrook-vic-3064/wellow-way,1,12,8.33%,7.42
https://www.yourpropertyguide.com.au/suburbs/smithfield-sa-5114/rental-market,1,12,8.33%,7.75
https://www.yourpropertyguide.com.au/suburbs/kings-langley-nsw-2147/schools,1,12,8.33%,7.83
https://www.yourpropertyguide.com.au/suburbs/hotham-hill-vic-3051,1,12,8.33%,9.42
https://www.yourpropertyguide.com.au/suburbs/tecoma-vic-3160/mcnicol-road,1,12,8.33%,9.42
https://www.yourpropertyguide.com.au/suburbs/blacktown-nsw-2148/fairwater-boulevard,1,12,8.33%,9.67
https://www.yourpropertyguide.com.au/suburbs/palmwoods-qld-4555/rental-market,1,12,8.33%,10.33
https://www.yourpropertyguide.com.au/suburbs/benalla-vic-3672/rental-market,1,12,8.33%,10.67
https://www.yourpropertyguide.com.au/suburbs/merrimac-qld-4226/rental-market,1,12,8.33%,10.75
https://www.yourpropertyguide.com.au/suburbs/cygnet-tas-7112,1,12,8.33%,12.25
https://www.yourpropertyguide.com.au/suburbs/carindale-qld-4152/rental-market,1,12,8.33%,12.92
https://www.yourpropertyguide.com.au/suburbs/planella-qld-4740,1,11,9.09%,3.36
https://www.yourpropertyguide.com.au/suburbs/berwick-vic-3806/columbus-circuit,1,11,9.09%,6.45
https://www.yourpropertyguide.com.au/suburbs/fords-sa-5373,1,11,9.09%,7.55
https://www.yourpropertyguide.com.au/suburbs/wangaratta-vic-3677/leishman-street,1,11,9.09%,7.82
https://www.yourpropertyguide.com.au/suburbs/wangaratta-vic-3677/muntz-street,1,11,9.09%,7.91
https://www.yourpropertyguide.com.au/suburbs/kaimkillenbun-qld-4406,1,11,9.09%,8.09
https://www.yourpropertyguide.com.au/suburbs/nirimba-qld-4551/rental-market,1,11,9.09%,8.27
https://www.yourpropertyguide.com.au/suburbs/forest-lake-qld-4078/schools,1,11,9.09%,8.36
https://www.yourpropertyguide.com.au/suburbs/zetland-nsw-2017/rental-market,1,11,9.09%,8.82
https://www.yourpropertyguide.com.au/suburbs/bordertown-sa-5268/rental-market,1,11,9.09%,9.91
https://www.yourpropertyguide.com.au/suburbs/wollongbar-nsw-2477,1,11,9.09%,10.45
https://www.yourpropertyguide.com.au/property/1-arthur-street-randwick-nsw-2031,1,11,9.09%,10.82
https://www.yourpropertyguide.com.au/suburbs/wallalong-nsw-2320,1,11,9.09%,12
https://www.yourpropertyguide.com.au/suburbs/blacks-beach-qld-4740/rental-market,1,11,9.09%,12.09
https://www.yourpropertyguide.com.au/suburbs/ellenbrook-east-wa-6069/vs/aveley-wa-6069,1,11,9.09%,16.73
https://www.yourpropertyguide.com.au/suburbs/wishart-vic-3189,1,10,10%,3.8
https://www.yourpropertyguide.com.au/property/67-batehaven-crescent-donnybrook-vic-3064,1,10,10%,4.6
https://www.yourpropertyguide.com.au/schools/warragul-regional-college-45563/vs/marist-sion-college-45875,1,10,10%,4.9
https://www.yourpropertyguide.com.au/suburbs/blind-bight-vic-3980/schools,1,10,10%,5.5
https://www.yourpropertyguide.com.au/postcodes/3260,1,10,10%,5.6
https://www.yourpropertyguide.com.au/property/unit-106-6-yarraman-avenue-randwick-nsw-2031,1,10,10%,6.2
https://www.yourpropertyguide.com.au/suburbs/burrill-lake-nsw-2539/schools,1,10,10%,6.3
https://www.yourpropertyguide.com.au/property/13-vega-street-balwyn-north-vic-3104,1,10,10%,7
https://www.yourpropertyguide.com.au/suburbs/brooklyn-tas-7320,1,10,10%,7
https://www.yourpropertyguide.com.au/schools/sophia-college-52744/vs/faith-lutheran-college-plainland-47958,1,10,10%,7.5
https://www.yourpropertyguide.com.au/property/19-paterson-road-walloon-qld-4306,1,10,10%,8.2
https://www.yourpropertyguide.com.au/suburbs/greenwell-point-nsw-2540/adelaide-street,1,10,10%,8.3
https://www.yourpropertyguide.com.au/suburbs/maryborough-qld-4650/hawthorne-street,1,10,10%,9.6
https://www.yourpropertyguide.com.au/suburbs/soldiers-point-nsw-2317,1,10,10%,9.9
https://www.yourpropertyguide.com.au/suburbs/marsfield-nsw-2122/schools,1,10,10%,10.1
https://www.yourpropertyguide.com.au/suburbs/balaklava-sa-5461/christopher-street,1,10,10%,10.3
https://www.yourpropertyguide.com.au/suburbs/redcliffe-qld-4020/bryce-court,1,10,10%,10.3
https://www.yourpropertyguide.com.au/suburbs/beechworth-vic-3747/rental-market,1,10,10%,10.5
https://www.yourpropertyguide.com.au/suburbs/shoreham-vic-3916,1,10,10%,10.5
https://www.yourpropertyguide.com.au/suburbs/fawkner-vic-3060/rental-market,1,10,10%,15.1
https://www.yourpropertyguide.com.au/schools/rolling-hills-primary-school-45107/vs/bimbadeen-heights-primary-school-44969,1,9,11.11%,4.33
https://www.yourpropertyguide.com.au/suburbs/cervantes-wa-6511/vs/jurien-bay-wa-6516,1,9,11.11%,6.44
https://www.yourpropertyguide.com.au/suburbs/fairfield-west-nsw-2165/rental-market,1,9,11.11%,6.67
https://www.yourpropertyguide.com.au/suburbs/brompton-sa-5007/rental-market,1,9,11.11%,7.22
https://www.yourpropertyguide.com.au/suburbs/wivenhoe-qld-4306,1,9,11.11%,7.56
https://www.yourpropertyguide.com.au/suburbs/gosford-west-nsw-2250/vs/gosford-nsw-2250,1,9,11.11%,8.11
https://www.yourpropertyguide.com.au/suburbs/waroona-wa-6215/clements-place,1,9,11.11%,8.22
https://www.yourpropertyguide.com.au/suburbs/peerabeelup-wa-6260,1,9,11.11%,9
https://www.yourpropertyguide.com.au/suburbs/villawood-nsw-2163/rental-market,1,9,11.11%,9
https://www.yourpropertyguide.com.au/suburbs/toogoom-qld-4655/rental-market,1,9,11.11%,9.11
https://www.yourpropertyguide.com.au/suburbs/randwick-nsw-2031/roscrea-avenue,1,9,11.11%,9.44
https://www.yourpropertyguide.com.au/property/47-cogill-road-buderim-qld-4556,1,9,11.11%,9.78
https://www.yourpropertyguide.com.au/suburbs/pendle-hill-nsw-2145/schools,1,9,11.11%,10.33
https://www.yourpropertyguide.com.au/schools/marsden-park-anglican-college-52086/vs/st-luke-s-catholic-college-primary-51471,1,9,11.11%,15.89
https://www.yourpropertyguide.com.au/suburbs/huntly-vic-3551/rental-market,1,9,11.11%,22
https://www.yourpropertyguide.com.au/suburbs/lane-cove-nsw-2066/rental-market,1,9,11.11%,31.56
https://www.yourpropertyguide.com.au/property/unit-513-16-fennelly-street-randwick-nsw-2031,1,8,12.5%,4.25
https://www.yourpropertyguide.com.au/suburbs/raukkan-sa-5259,1,8,12.5%,4.25
https://www.yourpropertyguide.com.au/suburbs/stratham-wa-6237/schools,1,8,12.5%,4.75
https://www.yourpropertyguide.com.au/property/74-brighton-street-bundeena-nsw-2230,1,8,12.5%,5.12
https://www.yourpropertyguide.com.au/suburbs/beulah-park-sa-5067/rental-market,1,8,12.5%,5.62
https://www.yourpropertyguide.com.au/suburbs/brigadoon-wa-6069/schools,1,8,12.5%,5.62
https://www.yourpropertyguide.com.au/regions/napranum,1,8,12.5%,5.88
https://www.yourpropertyguide.com.au/suburbs/potts-hill-nsw-2143/schools,1,8,12.5%,6
https://www.yourpropertyguide.com.au/suburbs/macnamara-act-2615/schools,1,8,12.5%,6.12
https://www.yourpropertyguide.com.au/suburbs/jerrara-nsw-2533,1,8,12.5%,7.12
https://www.yourpropertyguide.com.au/suburbs/toowoomba-mc-qld-4352,1,8,12.5%,7.25
https://www.yourpropertyguide.com.au/suburbs/hanwood-nsw-2680,1,8,12.5%,7.75
https://www.yourpropertyguide.com.au/suburbs/long-beach-nsw-2536/rental-market,1,8,12.5%,7.88
https://www.yourpropertyguide.com.au/property/unit-2-3-callista-court-port-sorell-tas-7307,1,8,12.5%,8
https://www.yourpropertyguide.com.au/property/22-34-cogill-road-buderim-qld-4556,1,8,12.5%,8.12
https://www.yourpropertyguide.com.au/suburbs/peregian-beach-qld-4573/rental-market,1,8,12.5%,8.12
https://www.yourpropertyguide.com.au/suburbs/algester-qld-4115/rental-market,1,8,12.5%,8.75
https://www.yourpropertyguide.com.au/suburbs/canterbury-vic-3126/burnside-avenue,1,8,12.5%,8.88
https://www.yourpropertyguide.com.au/suburbs/marryatville-sa-5068/schools,1,8,12.5%,8.88
https://www.yourpropertyguide.com.au/property/18-wallace-street-burwood-nsw-2134,1,8,12.5%,9
https://www.yourpropertyguide.com.au/suburbs/goldsborough-qld-4865/bullion-street,1,8,12.5%,9.25
https://www.yourpropertyguide.com.au/suburbs/huddleston-sa-5523,1,8,12.5%,9.38
https://www.yourpropertyguide.com.au/suburbs/aberfoyle-park-sa-5159/rental-market,1,8,12.5%,9.5
https://www.yourpropertyguide.com.au/property/75-williams-road-wangaratta-vic-3677,1,8,12.5%,9.62
https://www.yourpropertyguide.com.au/suburbs/newtown-qld-4305,1,8,12.5%,9.75
https://www.yourpropertyguide.com.au/suburbs/reedy-creek-qld-4227/encamp-street,1,8,12.5%,10.62
https://www.yourpropertyguide.com.au/suburbs/eschol-nsw-2830,1,8,12.5%,12.75
https://www.yourpropertyguide.com.au/suburbs/skye-vic-3977/vs/carrum-downs-vic-3201,1,8,12.5%,13
https://www.yourpropertyguide.com.au/suburbs/strathpine-city-qld-4500,1,8,12.5%,13.38
https://www.yourpropertyguide.com.au/schools/haberfield-public-school-41022/vs/st-joan-of-arc-catholic-primary-school-43410,1,8,12.5%,15.25
https://www.yourpropertyguide.com.au/suburbs/normanhurst-nsw-2076/rental-market,1,8,12.5%,27.12
https://www.yourpropertyguide.com.au/suburbs/bankstown-north-nsw-2200/rental-market,1,8,12.5%,42.12
https://www.yourpropertyguide.com.au/property/5-harrison-terrace-stanley-tas-7331,1,7,14.29%,5.71
https://www.yourpropertyguide.com.au/suburbs/mount-warrigal-nsw-2528/schools,1,7,14.29%,6
https://www.yourpropertyguide.com.au/suburbs/narrawallee-nsw-2539/schools,1,7,14.29%,6.29
https://www.yourpropertyguide.com.au/property/21-delany-close-canterbury-vic-3126,1,7,14.29%,6.57
https://www.yourpropertyguide.com.au/suburbs/givelda-qld-4670,1,7,14.29%,6.57
https://www.yourpropertyguide.com.au/property/60-peppercorn-street-sunnybank-hills-qld-4109,1,7,14.29%,7.14
https://www.yourpropertyguide.com.au/suburbs/clearview-sa-5085/schools,1,7,14.29%,7.14
https://www.yourpropertyguide.com.au/property/16-waverley-street-randwick-nsw-2031,1,7,14.29%,7.29
https://www.yourpropertyguide.com.au/suburbs/sturt-sa-5047/rental-market,1,7,14.29%,7.29
https://www.yourpropertyguide.com.au/suburbs/sedan-sa-5353/schools,1,7,14.29%,7.57
https://www.yourpropertyguide.com.au/suburbs/exeter-nsw-2579/parsland-close,1,7,14.29%,7.86
https://www.yourpropertyguide.com.au/suburbs/heidelberg-west-vic-3081/rental-market,1,7,14.29%,7.86
https://www.yourpropertyguide.com.au/suburbs/black-hill-sa-5353,1,7,14.29%,8.14
https://www.yourpropertyguide.com.au/suburbs/whyalla-jenkins-sa-5609,1,7,14.29%,8.14
https://www.yourpropertyguide.com.au/suburbs/copi-hollow-nsw-2879,1,7,14.29%,8.43
https://www.yourpropertyguide.com.au/suburbs/merimbula-nsw-2548/rental-market,1,7,14.29%,8.43
https://www.yourpropertyguide.com.au/suburbs/dunsborough-wa-6281/rental-market,1,7,14.29%,8.71
https://www.yourpropertyguide.com.au/property/30-seattle-street-balwyn-north-vic-3104,1,7,14.29%,9.14
https://www.yourpropertyguide.com.au/suburbs/thornlie-wa-6108/currawong-way,1,7,14.29%,9.71
https://yourpropertyguide.com.au/suburbs/pinnaroo-sa-5304/rent,1,7,14.29%,10.57
https://www.yourpropertyguide.com.au/suburbs/goldsborough-qld-4865/arcidiacono-close,1,7,14.29%,10.71
https://www.yourpropertyguide.com.au/suburbs/greenwith-sa-5125/oradala-court,1,7,14.29%,11.86
https://www.yourpropertyguide.com.au/schools/ironbark-ridge-public-school-41785/vs/rouse-hill-anglican-college-44008,1,7,14.29%,13.29
https://yourpropertyguide.com.au/suburbs/bull-creek-wa-6149,1,7,14.29%,13.43
https://www.yourpropertyguide.com.au/suburbs/midway-point-tas-7171/rental-market,1,7,14.29%,15.57
https://www.yourpropertyguide.com.au/suburbs/googong-nsw-2620/rental-market,1,7,14.29%,17.14
https://www.yourpropertyguide.com.au/schools/banum-warrik-primary-school-53302/vs/gilgai-plains-primary-school-53063,1,7,14.29%,26.71
https://www.yourpropertyguide.com.au/suburbs/bena-vic-3946/schools,1,6,16.67%,2.67
https://www.yourpropertyguide.com.au/schools/quakers-hill-high-school-41846/vs/hambledon-public-school-41774,1,6,16.67%,4
https://www.yourpropertyguide.com.au/property/8-moura-street-manildra-nsw-2865,1,6,16.67%,4.5
https://www.yourpropertyguide.com.au/suburbs/riverina-msc-nsw-2678,1,6,16.67%,5.33
https://www.yourpropertyguide.com.au/property/31-ancrum-street-waverton-nsw-2060,1,6,16.67%,5.5
https://www.yourpropertyguide.com.au/property/unit-3-1-clendon-road-armadale-vic-3143,1,6,16.67%,5.67
https://www.yourpropertyguide.com.au/schools/banora-point-high-school-42387/vs/centaur-public-school-42359,1,6,16.67%,5.67
https://www.yourpropertyguide.com.au/suburbs/para-vista-sa-5093/rental-market,1,6,16.67%,5.83
https://www.yourpropertyguide.com.au/property/987-worlds-end-highway-point-pass-sa-5374,1,6,16.67%,6
https://www.yourpropertyguide.com.au/suburbs/oban-nsw-2365,1,6,16.67%,6.5
https://www.yourpropertyguide.com.au/suburbs/lexton-vic-3352/rental-market,1,6,16.67%,7.17
https://www.yourpropertyguide.com.au/suburbs/clifton-springs-vic-3222/vs/drysdale-vic-3222,1,6,16.67%,8.17
https://www.yourpropertyguide.com.au/suburbs/lakelands-wa-6210/rental-market,1,6,16.67%,8.17
https://www.yourpropertyguide.com.au/property/3-callista-court-port-sorell-tas-7307,1,6,16.67%,8.67
https://www.yourpropertyguide.com.au/suburbs/parrearra-qld-4575/hayman-street,1,6,16.67%,8.83
https://www.yourpropertyguide.com.au/suburbs/greenwith-sa-5125/milford-court,1,6,16.67%,9
https://www.yourpropertyguide.com.au/suburbs/sheffield-tas-7306/hughes-road,1,6,16.67%,9
https://www.yourpropertyguide.com.au/suburbs/north-ryde-nsw-2113/rental-market,1,6,16.67%,9.17
https://www.yourpropertyguide.com.au/suburbs/south-perth-angelo-st-wa-6151/rental-market,1,6,16.67%,9.17
https://www.yourpropertyguide.com.au/property/5-sarsaparilla-way-calderwood-nsw-2527,1,6,16.67%,9.67
https://yourpropertyguide.com.au/suburbs/mountain-gate-vic-3156/buy,1,6,16.67%,9.67
https://www.yourpropertyguide.com.au/schools/milgate-primary-school-45087/vs/doncaster-gardens-primary-school-45240,1,6,16.67%,10
https://www.yourpropertyguide.com.au/suburbs/tarneit-vic-3029/camellia-court,1,6,16.67%,10
https://www.yourpropertyguide.com.au/suburbs/west-end-qld-4101/rental-market,1,6,16.67%,10.33
https://www.yourpropertyguide.com.au/suburbs/westcourt-qld-4870/rental-market,1,6,16.67%,10.33
https://www.yourpropertyguide.com.au/suburbs/norman-park-qld-4170/rental-market,1,6,16.67%,11.33
https://www.yourpropertyguide.com.au/suburbs/reefton-nsw-2666,1,6,16.67%,12.67
https://www.yourpropertyguide.com.au/suburbs/west-gladstone-qld-4680/rental-market,1,6,16.67%,12.83
https://www.yourpropertyguide.com.au/suburbs/eglinton-wa-6034/rental-market,1,6,16.67%,14.67
https://www.yourpropertyguide.com.au/regions/south-canberra,1,6,16.67%,15.83
https://www.yourpropertyguide.com.au/suburbs/canning-vale-south-wa-6155/vs/harrisdale-wa-6112,1,6,16.67%,16
https://www.yourpropertyguide.com.au/suburbs/leumeah-nsw-2560/rental-market,1,6,16.67%,19.33
https://www.yourpropertyguide.com.au/suburbs/colyton-nsw-2760/vs/st-marys-nsw-2760,1,5,20%,2.2
https://www.yourpropertyguide.com.au/property/93-green-street-ivanhoe-vic-3079,1,5,20%,3.8
https://www.yourpropertyguide.com.au/suburbs/temagog-nsw-2440/schools,1,5,20%,4.4
https://www.yourpropertyguide.com.au/property/55-batehaven-crescent-donnybrook-vic-3064,1,5,20%,4.6
https://www.yourpropertyguide.com.au/suburbs/glynde-sa-5070/rental-market,1,5,20%,4.8
https://www.yourpropertyguide.com.au/property/51-delany-close-canterbury-vic-3126,1,5,20%,5.2
https://www.yourpropertyguide.com.au/suburbs/o-connor-act-2602/vs/campbell-act-2612,1,5,20%,5.2
https://www.yourpropertyguide.com.au/property/18-ollis-street-quindalup-wa-6281,1,5,20%,5.4
https://www.yourpropertyguide.com.au/suburbs/buttaba-nsw-2283/schools,1,5,20%,5.6
https://www.yourpropertyguide.com.au/suburbs/kybeyan-nsw-2631,1,5,20%,6
https://www.yourpropertyguide.com.au/property/24-faul-street-adamstown-heights-nsw-2289,1,5,20%,6.2
https://www.yourpropertyguide.com.au/suburbs/trott-park-sa-5158/rental-market,1,5,20%,6.2
https://www.yourpropertyguide.com.au/suburbs/stoneville-wa-6081/ten-acre-way,1,5,20%,6.6
https://www.yourpropertyguide.com.au/suburbs/boompa-qld-4621/thompson-r-road,1,5,20%,6.8
https://www.yourpropertyguide.com.au/property/unit-4-97-hampton-drive-tannum-sands-qld-4680,1,5,20%,7
https://www.yourpropertyguide.com.au/suburbs/aintree-vic-3336/rental-market,1,5,20%,7
https://www.yourpropertyguide.com.au/suburbs/payneham-south-sa-5070/schools,1,5,20%,7
https://www.yourpropertyguide.com.au/property/3-ethel-street-randwick-nsw-2031,1,5,20%,7.2
https://www.yourpropertyguide.com.au/suburbs/yass-nsw-2582/rental-market,1,5,20%,7.2
https://www.yourpropertyguide.com.au/postcodes/2445,1,5,20%,7.4
https://www.yourpropertyguide.com.au/property/13-richardson-street-essendon-vic-3040,1,5,20%,7.4
https://www.yourpropertyguide.com.au/schools/bull-creek-primary-school-48606/vs/oberthur-primary-school-48641,1,5,20%,7.4
https://www.yourpropertyguide.com.au/property/101-wyndham-way-eleebana-nsw-2282,1,5,20%,7.6
https://www.yourpropertyguide.com.au/schools/greystanes-public-school-41633/vs/our-lady-queen-of-peace-primary-school-43172,1,5,20%,7.6
https://www.yourpropertyguide.com.au/property/12-clutha-street-westlake-qld-4074,1,5,20%,7.8
https://www.yourpropertyguide.com.au/suburbs/crystal-brook-sa-5523/rental-market,1,5,20%,8.2
https://www.yourpropertyguide.com.au/suburbs/greenlands-qld-4380,1,5,20%,8.2
https://www.yourpropertyguide.com.au/property/16-monitor-street-adamstown-heights-nsw-2289,1,5,20%,8.8
https://www.yourpropertyguide.com.au/suburbs/mitcham-sa-5062/rental-market,1,5,20%,8.8
https://www.yourpropertyguide.com.au/schools/mowbray-public-school-41271/vs/lane-cove-public-school-41221,1,5,20%,9
https://www.yourpropertyguide.com.au/suburbs/cleveland-qld-4163/schools,1,5,20%,9.4
https://www.yourpropertyguide.com.au/property/14-ney-road-capalaba-qld-4157,1,5,20%,9.6
https://www.yourpropertyguide.com.au/suburbs/buchanan-nsw-2323,1,5,20%,9.6
https://www.yourpropertyguide.com.au/suburbs/sunnybank-hills-qld-4109/ophelia-court,1,5,20%,9.6
https://www.yourpropertyguide.com.au/suburbs/roseville-nsw-2069/rental-market,1,5,20%,10.2
https://www.yourpropertyguide.com.au/property/134-silkyoak-circuit-fitzgibbon-qld-4018,1,5,20%,11
https://www.yourpropertyguide.com.au/suburbs/bli-bli-qld-4560/rental-market,1,5,20%,11.4
https://www.yourpropertyguide.com.au/suburbs/glenmore-nsw-2570,1,5,20%,11.6
https://www.yourpropertyguide.com.au/suburbs/south-nowra-nsw-2541,1,5,20%,12.2
https://www.yourpropertyguide.com.au/suburbs/osborne-park-wa-6017/schools,1,5,20%,13
https://www.yourpropertyguide.com.au/suburbs/ballarat-vic-3350/vs/golden-point-vic-3350,1,5,20%,13.2
https://www.yourpropertyguide.com.au/suburbs/cloncurry-qld-4824/rental-market,1,5,20%,18
https://www.yourpropertyguide.com.au/suburbs/cardiff-south-nsw-2285/rental-market,1,5,20%,19.4
https://www.yourpropertyguide.com.au/suburbs/frenchs-forest-nsw-2086/rental-market,1,5,20%,19.8
https://www.yourpropertyguide.com.au/suburbs/attwood-vic-3049/vs/greenvale-vic-3059,1,4,25%,2.5
https://www.yourpropertyguide.com.au/suburbs/eastlake-qld-4350,1,4,25%,2.5
https://www.yourpropertyguide.com.au/property/5-tyson-crescent-tannum-sands-qld-4680,1,4,25%,3.75
https://www.yourpropertyguide.com.au/suburbs/lucindale-sa-5272/rental-market,1,4,25%,4
https://www.yourpropertyguide.com.au/property/30-kaveri-street-tarneit-vic-3029,1,4,25%,4.25
https://www.yourpropertyguide.com.au/suburbs/foxground-nsw-2534/schools,1,4,25%,4.25
https://www.yourpropertyguide.com.au/property/31-zenith-way-wattleup-wa-6166,1,4,25%,4.5
https://www.yourpropertyguide.com.au/suburbs/cardigan-village-vic-3352/schools,1,4,25%,5.5
https://www.yourpropertyguide.com.au/suburbs/kimba-sa-5641/rental-market,1,4,25%,5.5
https://www.yourpropertyguide.com.au/suburbs/windy-harbour-wa-6262,1,4,25%,5.5
https://www.yourpropertyguide.com.au/postcodes/4806,1,4,25%,5.75
https://www.yourpropertyguide.com.au/property/29-paterson-road-walloon-qld-4306,1,4,25%,5.75
https://www.yourpropertyguide.com.au/suburbs/loombah-nsw-2867,1,4,25%,6
https://www.yourpropertyguide.com.au/property/6-raysource-road-walloon-qld-4306,1,4,25%,6.5
https://www.yourpropertyguide.com.au/suburbs/brahma-lodge-sa-5109/rental-market,1,4,25%,6.5
https://www.yourpropertyguide.com.au/suburbs/kellerberrin-wa-6410/rental-market,1,4,25%,6.5
https://www.yourpropertyguide.com.au/property/1-fraser-avenue-eastgardens-nsw-2036,1,4,25%,6.75
https://www.yourpropertyguide.com.au/property/37-ollis-street-quindalup-wa-6281,1,4,25%,6.75
https://www.yourpropertyguide.com.au/suburbs/west-hoxton-nsw-2171/schools,1,4,25%,6.75
https://www.yourpropertyguide.com.au/property/18-celestial-circuit-tarneit-vic-3029,1,4,25%,7
https://www.yourpropertyguide.com.au/suburbs/bateau-bay-nsw-2261/rental-market,1,4,25%,7
https://www.yourpropertyguide.com.au/suburbs/coutts-crossing-nsw-2460/parklands-drive,1,4,25%,7
https://www.yourpropertyguide.com.au/suburbs/jane-brook-wa-6056/schools,1,4,25%,7
https://www.yourpropertyguide.com.au/property/unit-37-109-111-mount-cotton-road-capalaba-qld-4157,1,4,25%,7.25
https://www.yourpropertyguide.com.au/suburbs/burradoo-nsw-2576/rental-market,1,4,25%,7.25
https://www.yourpropertyguide.com.au/property/14-emery-drive-dingley-village-vic-3172,1,4,25%,7.5
https://www.yourpropertyguide.com.au/suburbs/brabham-wa-6055/schools,1,4,25%,7.5
https://www.yourpropertyguide.com.au/property/unit-4-151-cotlew-street-ashmore-qld-4214,1,4,25%,7.75
https://www.yourpropertyguide.com.au/suburbs/goomeri-qld-4601/rental-market,1,4,25%,8
https://www.yourpropertyguide.com.au/suburbs/riverton-wa-6148/rental-market,1,4,25%,8
https://www.yourpropertyguide.com.au/property/11-diana-street-maryborough-qld-4650,1,4,25%,8.25
https://www.yourpropertyguide.com.au/property/4-rushton-avenue-strathtulloh-vic-3338,1,4,25%,8.25
https://www.yourpropertyguide.com.au/suburbs/gherang-vic-3240,1,4,25%,8.25
https://www.yourpropertyguide.com.au/suburbs/wulkuraka-qld-4305/schools,1,4,25%,8.25
https://www.yourpropertyguide.com.au/suburbs/edens-landing-qld-4207/rental-market,1,4,25%,8.5
https://www.yourpropertyguide.com.au/property/54-monarch-place-mons-qld-4556,1,4,25%,8.75
https://www.yourpropertyguide.com.au/suburbs/hayborough-sa-5211/rental-market,1,4,25%,9
https://www.yourpropertyguide.com.au/suburbs/uralla-nsw-2358/rental-market,1,4,25%,9
https://www.yourpropertyguide.com.au/suburbs/moore-park-beach-qld-4670/rental-market,1,4,25%,9.25
https://www.yourpropertyguide.com.au/suburbs/rosemeadow-nsw-2560/rental-market,1,4,25%,9.25
https://www.yourpropertyguide.com.au/suburbs/turoar-vic-3546,1,4,25%,9.25
https://www.yourpropertyguide.com.au/property/unit-1-1-moore-street-wangaratta-vic-3677,1,4,25%,9.5
https://www.yourpropertyguide.com.au/suburbs/carlsruhe-vic-3442,1,4,25%,9.75
https://www.yourpropertyguide.com.au/suburbs/tarneit-vic-3029/centinela-street,1,4,25%,9.75
https://www.yourpropertyguide.com.au/property/17-vega-street-balwyn-north-vic-3104,1,4,25%,10.25
https://www.yourpropertyguide.com.au/property/28-bundeena-drive-bundeena-nsw-2230,1,4,25%,10.25
https://www.yourpropertyguide.com.au/suburbs/randwick-nsw-2031/challis-street,1,4,25%,10.25
https://www.yourpropertyguide.com.au/property/89-oakland-road-karrabin-qld-4306,1,4,25%,12.5
https://www.yourpropertyguide.com.au/suburbs/kingscote-sa-5223/rental-market,1,4,25%,19.25
https://www.yourpropertyguide.com.au/suburbs/arana-hills-qld-4054/rental-market,1,4,25%,24
https://www.yourpropertyguide.com.au/suburbs/plumpton-vic-3427/rental-market,1,4,25%,25.25
https://www.yourpropertyguide.com.au/property/1806-pelverata-road-upper-woodstock-tas-7150,1,3,33.33%,3
https://www.yourpropertyguide.com.au/suburbs/blanket-flat-nsw-2583,1,3,33.33%,3.67
https://www.yourpropertyguide.com.au/property/14-diana-street-maryborough-qld-4650,1,3,33.33%,4
https://www.yourpropertyguide.com.au/property/28-saul-avenue-berwick-vic-3806,1,3,33.33%,4
https://www.yourpropertyguide.com.au/property/unit-1-75-king-street-buderim-qld-4556,1,3,33.33%,4
https://www.yourpropertyguide.com.au/suburbs/greystanes-nsw-2145/vs/south-wentworthville-nsw-2145,1,3,33.33%,4
https://www.yourpropertyguide.com.au/suburbs/warrnambool-east-vic-3280/vs/warrnambool-west-vic-3280,1,3,33.33%,4
https://www.yourpropertyguide.com.au/property/unit-406-18-fennelly-street-randwick-nsw-2031,1,3,33.33%,4.33
https://www.yourpropertyguide.com.au/suburbs/port-vincent-sa-5581/rental-market,1,3,33.33%,4.33
https://www.yourpropertyguide.com.au/property/unit-4-20-26-golden-palms-court-ashmore-qld-4214,1,3,33.33%,4.67
https://www.yourpropertyguide.com.au/suburbs/hidden-valley-vic-3756/rental-market,1,3,33.33%,4.67
https://www.yourpropertyguide.com.au/property/15-bundeena-drive-bundeena-nsw-2230,1,3,33.33%,5
https://www.yourpropertyguide.com.au/property/unit-5-7a-william-street-randwick-nsw-2031,1,3,33.33%,5.67
https://www.yourpropertyguide.com.au/suburbs/haywards-bay-nsw-2530/rental-market,1,3,33.33%,5.67
https://www.yourpropertyguide.com.au/suburbs/houghton-sa-5131/rental-market,1,3,33.33%,5.67
https://www.yourpropertyguide.com.au/suburbs/kilsyth-south-vic-3137/schools,1,3,33.33%,5.67
https://www.yourpropertyguide.com.au/suburbs/yarragon-south-vic-3823/schools,1,3,33.33%,5.67
https://www.yourpropertyguide.com.au/property/23-balaton-street-westlake-qld-4074,1,3,33.33%,6
https://www.yourpropertyguide.com.au/property/6-howard-street-randwick-nsw-2031,1,3,33.33%,6
https://www.yourpropertyguide.com.au/suburbs/doboy-qld-4174,1,3,33.33%,6
https://www.yourpropertyguide.com.au/suburbs/essendon-west-vic-3040/schools,1,3,33.33%,6
https://www.yourpropertyguide.com.au/suburbs/mungar-qld-4650,1,3,33.33%,6
https://www.yourpropertyguide.com.au/suburbs/unanderra-nsw-2526/rental-market,1,3,33.33%,6
https://www.yourpropertyguide.com.au/suburbs/buccan-qld-4207/rental-market,1,3,33.33%,6.33
https://www.yourpropertyguide.com.au/suburbs/hamley-bridge-sa-5401/rental-market,1,3,33.33%,6.33
https://www.yourpropertyguide.com.au/suburbs/westfield-wa-6111/rental-market,1,3,33.33%,6.33
https://www.yourpropertyguide.com.au/property/27-davis-way-walloon-qld-4306,1,3,33.33%,6.67
https://www.yourpropertyguide.com.au/property/31-glenroy-road-kentucky-south-nsw-2354,1,3,33.33%,6.67
https://www.yourpropertyguide.com.au/property/unit-9-18-botany-street-randwick-nsw-2031,1,3,33.33%,6.67
https://www.yourpropertyguide.com.au/suburbs/reedy-creek-qld-4227/vs/burleigh-town-qld-4220,1,3,33.33%,6.67
https://www.yourpropertyguide.com.au/schools/redlands-college-48092,1,3,33.33%,7
https://www.yourpropertyguide.com.au/suburbs/drildool-nsw-2386,1,3,33.33%,7
https://www.yourpropertyguide.com.au/property/2805-old-sale-road-willow-grove-vic-3825,1,3,33.33%,7.33
https://www.yourpropertyguide.com.au/property/unit-9-23-ney-road-capalaba-qld-4157,1,3,33.33%,7.33
https://www.yourpropertyguide.com.au/suburbs/darling-downs-wa-6122/schools,1,3,33.33%,7.33
https://www.yourpropertyguide.com.au/suburbs/glenhaven-nsw-2156/rental-market,1,3,33.33%,7.33
https://www.yourpropertyguide.com.au/suburbs/mount-lonarch-vic-3377,1,3,33.33%,7.33
https://www.yourpropertyguide.com.au/property/40-birregurra-drive-tarneit-vic-3029,1,3,33.33%,7.67
https://www.yourpropertyguide.com.au/suburbs/bibra-lake-dc-wa-6163/vs/spearwood-wa-6163,1,3,33.33%,7.67
https://www.yourpropertyguide.com.au/suburbs/denham-wa-6537/rental-market,1,3,33.33%,8
https://www.yourpropertyguide.com.au/property/3-aminya-place-st-ives-nsw-2075,1,3,33.33%,8.33
https://www.yourpropertyguide.com.au/schools/bambara-primary-school-48633/vs/padbury-primary-school-48597,1,3,33.33%,8.33
https://www.yourpropertyguide.com.au/suburbs/alton-downs-qld-4702/rental-market,1,3,33.33%,8.33
https://www.yourpropertyguide.com.au/suburbs/manyung-qld-4601/schools,1,3,33.33%,8.33
https://www.yourpropertyguide.com.au/suburbs/riverstone-nsw-2765/agra-place,1,3,33.33%,8.33
https://www.yourpropertyguide.com.au/suburbs/cowra-nsw-2794/rental-market,1,3,33.33%,8.67
https://yourpropertyguide.com.au/suburbs/wolvi-qld-4570,1,3,33.33%,8.67
https://www.yourpropertyguide.com.au/property/107-tennyson-road-tennyson-point-nsw-2111,1,3,33.33%,9
https://www.yourpropertyguide.com.au/suburbs/halls-gap-vic-3381/rental-market,1,3,33.33%,9
https://www.yourpropertyguide.com.au/suburbs/junee-nsw-2663/rental-market,1,3,33.33%,9
https://www.yourpropertyguide.com.au/property/49-walderton-avenue-balga-wa-6061,1,3,33.33%,9.33
https://www.yourpropertyguide.com.au/suburbs/tragowel-vic-3579/mcphail-road,1,3,33.33%,9.67
https://www.yourpropertyguide.com.au/suburbs/kongwak-vic-3951,1,3,33.33%,10
https://www.yourpropertyguide.com.au/suburbs/narrandera-nsw-2700/hillview-close,1,3,33.33%,10
https://www.yourpropertyguide.com.au/suburbs/chiswick-nsw-2046/shore-road,1,3,33.33%,10.33
https://www.yourpropertyguide.com.au/suburbs/westlake-qld-4074/penong-street,1,3,33.33%,10.33
https://www.yourpropertyguide.com.au/suburbs/ashmore-qld-4214/bellara-street,1,3,33.33%,10.67
https://www.yourpropertyguide.com.au/suburbs/jimboomba-qld-4280/weeping-fig-court,1,3,33.33%,10.67
https://www.yourpropertyguide.com.au/suburbs/narrandera-nsw-2700/kiesling-drive,1,3,33.33%,10.67
https://www.yourpropertyguide.com.au/suburbs/randwick-nsw-2031/mears-avenue,1,3,33.33%,10.67
https://www.yourpropertyguide.com.au/suburbs/milby-nsw-2877,1,3,33.33%,11
https://www.yourpropertyguide.com.au/suburbs/greenvale-qld-4816/rental-market,1,3,33.33%,12.33
https://www.yourpropertyguide.com.au/schools/madison-park-school-49387/vs/keller-road-primary-school-49378,1,3,33.33%,13.33
https://www.yourpropertyguide.com.au/schools/wilkins-public-school-41111/vs/ferncourt-public-school-41117,1,3,33.33%,13.33
https://www.yourpropertyguide.com.au/suburbs/carrington-nsw-2294/rental-market,1,3,33.33%,13.67
https://www.yourpropertyguide.com.au/suburbs/glynde-dc-sa-5070/rental-market,1,3,33.33%,13.67
https://www.yourpropertyguide.com.au/schools/mount-clear-primary-school-44085/vs/emmaus-catholic-primary-school-46122,1,3,33.33%,15.67
https://yourpropertyguide.com.au/suburbs/woodville-west-sa-5011,1,3,33.33%,15.67
https://www.yourpropertyguide.com.au/regions/mount-isa,1,3,33.33%,16.33
https://www.yourpropertyguide.com.au/suburbs/kewdale-wa-6105/rental-market,1,3,33.33%,17.33
https://www.yourpropertyguide.com.au/suburbs/darlington-wa-6070/rental-market,1,3,33.33%,19.67
https://www.yourpropertyguide.com.au/suburbs/regents-park-nsw-2143/rental-market,1,3,33.33%,22.33
https://www.yourpropertyguide.com.au/suburbs/pallarenda-qld-4810/rental-market,1,3,33.33%,54.33
https://www.yourpropertyguide.com.au/suburbs/thomas-plains-sa-5554/schools,1,2,50%,1
https://www.yourpropertyguide.com.au/postcodes/3423,1,2,50%,1.5
https://www.yourpropertyguide.com.au/schools/grey-street-primary-school-traralgon-44622/vs/traralgon-stockdale-road-primary-school-44772,1,2,50%,1.5
https://www.yourpropertyguide.com.au/suburbs/bonner-act-2914/vs/taylor-act-2913,1,2,50%,2
https://www.yourpropertyguide.com.au/suburbs/glenunga-sa-5064/vs/myrtle-bank-sa-5064,1,2,50%,2
https://www.yourpropertyguide.com.au/suburbs/gunns-plains-tas-7315/schools,1,2,50%,2
https://www.yourpropertyguide.com.au/schools/burraneer-bay-public-school-41097/vs/woolooware-public-school-41081,1,2,50%,3
https://www.yourpropertyguide.com.au/schools/st-martha-s-catholic-primary-school-43460/vs/marie-bashir-public-school-50705,1,2,50%,3
https://www.yourpropertyguide.com.au/suburbs/lake-manchester-qld-4306/rental-market,1,2,50%,3
https://www.yourpropertyguide.com.au/suburbs/running-stream-nsw-2850/schools,1,2,50%,3.5
https://www.yourpropertyguide.com.au/suburbs/wattleup-wa-6166/schools,1,2,50%,3.5
https://www.yourpropertyguide.com.au/property/8-taylors-road-walloon-qld-4306,1,2,50%,4
https://www.yourpropertyguide.com.au/schools/upper-yarra-secondary-college-45477/vs/yarra-junction-primary-school-44573,1,2,50%,4
https://www.yourpropertyguide.com.au/suburbs/wycheproof-vic-3527/pellegrinos-road,1,2,50%,4
https://www.yourpropertyguide.com.au/property/6-woodhouse-street-urana-nsw-2645,1,2,50%,4.5
https://www.yourpropertyguide.com.au/suburbs/brereton-nsw-2787,1,2,50%,4.5
https://www.yourpropertyguide.com.au/suburbs/darlington-vic-3271/schools,1,2,50%,4.5
https://www.yourpropertyguide.com.au/suburbs/martynvale-qld-4870,1,2,50%,4.5
https://www.yourpropertyguide.com.au/suburbs/shellharbour-square-nsw-2529/rental-market,1,2,50%,4.5
https://www.yourpropertyguide.com.au/property/8-bindaree-street-greenwell-point-nsw-2540,1,2,50%,5
https://www.yourpropertyguide.com.au/suburbs/couta-rocks-tas-7330/schools,1,2,50%,5
https://www.yourpropertyguide.com.au/suburbs/dean-park-nsw-2761/rental-market,1,2,50%,5
https://www.yourpropertyguide.com.au/suburbs/donnybrook-vic-3064/rush-place,1,2,50%,5
https://www.yourpropertyguide.com.au/suburbs/great-mackerel-beach-nsw-2108/schools,1,2,50%,5
https://www.yourpropertyguide.com.au/property/36-champion-road-tennyson-point-nsw-2111,1,2,50%,5.5
https://www.yourpropertyguide.com.au/suburbs/millbank-qld-4670/rental-market,1,2,50%,5.5
https://www.yourpropertyguide.com.au/suburbs/tatton-nsw-2650/rental-market,1,2,50%,5.5
https://www.yourpropertyguide.com.au/glossary/appreciation,1,2,50%,6
https://www.yourpropertyguide.com.au/property/208-broughton-street-tumut-nsw-2720,1,2,50%,6
https://www.yourpropertyguide.com.au/property/54-peppercorn-street-sunnybank-hills-qld-4109,1,2,50%,6
https://www.yourpropertyguide.com.au/suburbs/elimbah-qld-4516/rental-market,1,2,50%,6
https://www.yourpropertyguide.com.au/suburbs/gowrie-act-2904/rental-market,1,2,50%,6
https://www.yourpropertyguide.com.au/suburbs/lyons-nt-0810/rental-market,1,2,50%,6
https://www.yourpropertyguide.com.au/suburbs/murgheboluc-vic-3221/schools,1,2,50%,6
https://www.yourpropertyguide.com.au/suburbs/torrington-qld-4350/rental-market,1,2,50%,6
https://www.yourpropertyguide.com.au/suburbs/yamanto-qld-4305,1,2,50%,6
https://www.yourpropertyguide.com.au/property/14-india-street-capalaba-qld-4157,1,2,50%,6.5
https://www.yourpropertyguide.com.au/property/289-291-mount-cotton-road-capalaba-qld-4157,1,2,50%,6.5
https://www.yourpropertyguide.com.au/suburbs/barmundu-qld-4680,1,2,50%,6.5
https://www.yourpropertyguide.com.au/property/unit-46-109-111-mount-cotton-road-capalaba-qld-4157,1,2,50%,7
https://www.yourpropertyguide.com.au/suburbs/lower-light-sa-5501/schools,1,2,50%,7
https://www.yourpropertyguide.com.au/suburbs/o-halloran-hill-dc-sa-5158/vs/sheidow-park-sa-5158,1,2,50%,7
https://www.yourpropertyguide.com.au/suburbs/wangaratta-vic-3677/shiraz-court,1,2,50%,7
https://www.yourpropertyguide.com.au/property/10-lansbury-close-adamstown-heights-nsw-2289,1,2,50%,7.5
https://www.yourpropertyguide.com.au/schools/northern-school-for-autism-45091,1,2,50%,7.5
https://www.yourpropertyguide.com.au/suburbs/jervis-bay-act-2540/vs/hmas-creswell-act-2540,1,2,50%,7.5
https://www.yourpropertyguide.com.au/suburbs/melrose-sa-5483/rental-market,1,2,50%,7.5
https://www.yourpropertyguide.com.au/suburbs/stony-creek-nsw-2550,1,2,50%,7.5
https://www.yourpropertyguide.com.au/property/unit-7-25-29-ney-road-capalaba-qld-4157,1,2,50%,8
https://www.yourpropertyguide.com.au/suburbs/clifton-springs-vic-3222/rental-market,1,2,50%,8
https://www.yourpropertyguide.com.au/property/86-green-street-ivanhoe-vic-3079,1,2,50%,9
https://www.yourpropertyguide.com.au/property/unit-3-17-green-street-ivanhoe-vic-3079,1,2,50%,9
https://www.yourpropertyguide.com.au/property/unit-4-30-dolphin-street-randwick-nsw-2031,1,2,50%,9
https://www.yourpropertyguide.com.au/suburbs/avondale-heights-vic-3034/doyle-street,1,2,50%,9
https://www.yourpropertyguide.com.au/property/5-emery-drive-dingley-village-vic-3172,1,2,50%,9.5
https://www.yourpropertyguide.com.au/suburbs/karumba-qld-4891/units,1,2,50%,9.5
https://www.yourpropertyguide.com.au/suburbs/boorowa-nsw-2586/rental-market,1,2,50%,10
https://www.yourpropertyguide.com.au/suburbs/moana-sa-5169/tessier-court,1,2,50%,10
https://www.yourpropertyguide.com.au/suburbs/southport-tas-7109/schools,1,2,50%,10
https://www.yourpropertyguide.com.au/suburbs/wallaroo-nsw-2324,1,2,50%,10
https://www.yourpropertyguide.com.au/suburbs/warrawong-nsw-2502/rental-market,1,2,50%,11.5
https://www.yourpropertyguide.com.au/property/62-frederick-street-unley-sa-5061,1,2,50%,12
https://www.yourpropertyguide.com.au/suburbs/north-kellyville-nsw-2155/rental-market,1,2,50%,12.5
https://www.yourpropertyguide.com.au/suburbs/club-terrace-vic-3889/vs/combienbar-vic-3889,1,2,50%,14
https://www.yourpropertyguide.com.au/suburbs/dernancourt-sa-5075/vs/gilles-plains-sa-5086,1,2,50%,14.5
https://www.yourpropertyguide.com.au/suburbs/lochinvar-nsw-2321/rental-market,1,2,50%,19
https://www.yourpropertyguide.com.au/schools/frensham-school-43915/vs/highlands-school-42897,1,1,100%,1
https://www.yourpropertyguide.com.au/suburbs/aldgate-sa-5154/schools,1,1,100%,1
https://www.yourpropertyguide.com.au/suburbs/cedar-brush-creek-nsw-2259/schools,1,1,100%,1
https://www.yourpropertyguide.com.au/suburbs/grantham-farm-nsw-2765/schools,1,1,100%,1
https://www.yourpropertyguide.com.au/suburbs/innisfail-estate-qld-4860/vs/valettas-estate-qld-4860,1,1,100%,1
https://www.yourpropertyguide.com.au/property/20-arnison-road-tarneit-vic-3029,1,1,100%,2
https://www.yourpropertyguide.com.au/property/unit-13-9-bayside-court-thorneside-qld-4158,1,1,100%,2
https://www.yourpropertyguide.com.au/schools/excelsior-public-school-41628/vs/castle-hill-public-school-41204,1,1,100%,2
https://www.yourpropertyguide.com.au/schools/tower-street-public-school-41458/vs/panania-north-public-school-41447,1,1,100%,2
https://www.yourpropertyguide.com.au/suburbs/fruitgrove-qld-4113/schools,1,1,100%,2
https://www.yourpropertyguide.com.au/suburbs/glenroy-sa-5277/schools,1,1,100%,2
https://www.yourpropertyguide.com.au/suburbs/kuitpo-sa-5172/schools,1,1,100%,2
https://www.yourpropertyguide.com.au/suburbs/malbina-tas-7140/schools,1,1,100%,2
https://www.yourpropertyguide.com.au/suburbs/raworth-nsw-2321/rental-market,1,1,100%,2
https://www.yourpropertyguide.com.au/suburbs/splitters-creek-nsw-2640/schools,1,1,100%,2
https://www.yourpropertyguide.com.au/suburbs/westgate-nsw-2048/rental-market,1,1,100%,2
https://www.yourpropertyguide.com.au/suburbs/wooli-nsw-2462/vs/minnie-water-nsw-2462,1,1,100%,2
https://www.yourpropertyguide.com.au/suburbs/bundabah-nsw-2324/schools,1,1,100%,3
https://www.yourpropertyguide.com.au/suburbs/burrumbuttock-nsw-2642/rental-market,1,1,100%,3
https://www.yourpropertyguide.com.au/suburbs/mckenzie-hill-vic-3451/schools,1,1,100%,3
https://www.yourpropertyguide.com.au/suburbs/miranda-sa-5700/schools,1,1,100%,3
https://www.yourpropertyguide.com.au/suburbs/yenabilli-nsw-2232,1,1,100%,3
https://www.yourpropertyguide.com.au/property/56-88-walderton-avenue-balga-wa-6061,1,1,100%,4
https://www.yourpropertyguide.com.au/property/unit-1-2-kynaston-avenue-randwick-nsw-2031,1,1,100%,4
https://www.yourpropertyguide.com.au/property/unit-418-15-oscar-place-eastgardens-nsw-2036,1,1,100%,4
https://www.yourpropertyguide.com.au/schools/aldinga-payinthi-college-53035/vs/aldinga-beach-primary-school-49212,1,1,100%,4
https://www.yourpropertyguide.com.au/schools/st-brigid-s-college-48913/vs/mazenod-college-48912,1,1,100%,4
https://www.yourpropertyguide.com.au/schools/st-joseph-s-college-47854/vs/all-hallows-school-47882,1,1,100%,4
https://www.yourpropertyguide.com.au/schools/st-philomena-s-school-43636/vs/moree-public-school-42456,1,1,100%,4
https://www.yourpropertyguide.com.au/suburbs/andergrove-qld-4740/schools,1,1,100%,4
https://www.yourpropertyguide.com.au/suburbs/casula-mall-nsw-2170/vs/liverpool-south-nsw-2170,1,1,100%,4
https://www.yourpropertyguide.com.au/suburbs/cowabbie-nsw-2663/schools,1,1,100%,4
https://www.yourpropertyguide.com.au/suburbs/noble-park-north-vic-3174/vs/springvale-south-vic-3172,1,1,100%,4
https://www.yourpropertyguide.com.au/suburbs/north-parramatta-nsw-2151/schools,1,1,100%,4
https://www.yourpropertyguide.com.au/suburbs/o-halloran-hill-dc-sa-5158/vs/trott-park-sa-5158,1,1,100%,4
https://www.yourpropertyguide.com.au/suburbs/sovereign-islands-qld-4216/schools,1,1,100%,4
https://www.yourpropertyguide.com.au/suburbs/the-bight-nsw-2429/rental-market,1,1,100%,4
https://www.yourpropertyguide.com.au/property/114-mccracken-street-essendon-vic-3040,1,1,100%,5
https://www.yourpropertyguide.com.au/property/14a-george-street-redcliffe-qld-4020,1,1,100%,5
https://www.yourpropertyguide.com.au/property/3-howell-crescent-kangaroo-flat-vic-3555,1,1,100%,5
https://www.yourpropertyguide.com.au/property/36-rowland-crescent-summerhill-tas-7250,1,1,100%,5
https://www.yourpropertyguide.com.au/property/4-ming-court-kangaroo-flat-vic-3555,1,1,100%,5
https://www.yourpropertyguide.com.au/property/55-peppercorn-street-sunnybank-hills-qld-4109,1,1,100%,5
https://www.yourpropertyguide.com.au/property/7-trigger-court-mount-louisa-qld-4814,1,1,100%,5
https://www.yourpropertyguide.com.au/property/unit-3-2-ethel-street-randwick-nsw-2031,1,1,100%,5
https://www.yourpropertyguide.com.au/property/unit-8-9-bayside-court-thorneside-qld-4158,1,1,100%,5
https://www.yourpropertyguide.com.au/suburbs/balingool-qld-4510,1,1,100%,5
https://www.yourpropertyguide.com.au/suburbs/birchip-vic-3483/rental-market,1,1,100%,5
https://www.yourpropertyguide.com.au/suburbs/caboolture-qld-4510/mccorley-court,1,1,100%,5
https://www.yourpropertyguide.com.au/suburbs/stirling-act-2611/schools,1,1,100%,5
https://www.yourpropertyguide.com.au/suburbs/west-albury-nsw-2640/rental-market,1,1,100%,5
https://www.yourpropertyguide.com.au/property/14-lehmann-court-buderim-qld-4556,1,1,100%,6
https://www.yourpropertyguide.com.au/property/22a-bryant-street-tighes-hill-nsw-2297,1,1,100%,6
https://www.yourpropertyguide.com.au/property/unit-1-23-ballinger-court-buderim-qld-4556,1,1,100%,6
https://www.yourpropertyguide.com.au/property/unit-3-10-woolcott-street-waverton-nsw-2060,1,1,100%,6
https://www.yourpropertyguide.com.au/property/unit-9-60-howard-street-randwick-nsw-2031,1,1,100%,6
https://www.yourpropertyguide.com.au/schools/east-gippsland-specialist-school-45256,1,1,100%,6
https://www.yourpropertyguide.com.au/suburbs/carwoola-nsw-2620/schools,1,1,100%,6
https://www.yourpropertyguide.com.au/suburbs/flyers-creek-nsw-2798/rental-market,1,1,100%,6
https://www.yourpropertyguide.com.au/suburbs/fulham-gardens-sa-5024/rental-market,1,1,100%,6
https://www.yourpropertyguide.com.au/property/24-vega-street-balwyn-north-vic-3104,1,1,100%,7
https://www.yourpropertyguide.com.au/property/8-skyring-street-yandina-qld-4561,1,1,100%,7
https://www.yourpropertyguide.com.au/regions/goyder,1,1,100%,7
https://www.yourpropertyguide.com.au/suburbs/darling-harbour-nsw-2000/schools,1,1,100%,7
https://www.yourpropertyguide.com.au/suburbs/merricks-beach-vic-3926/schools,1,1,100%,7
https://www.yourpropertyguide.com.au/suburbs/mount-bryan-sa-5418/schools,1,1,100%,7
https://www.yourpropertyguide.com.au/suburbs/northmead-nsw-2152/rental-market,1,1,100%,7
https://www.yourpropertyguide.com.au/suburbs/pioneer-tas-7264/schools,1,1,100%,7
https://www.yourpropertyguide.com.au/property/unit-12-46-48-arthur-street-randwick-nsw-2031,1,1,100%,8
https://www.yourpropertyguide.com.au/suburbs/araluen-nsw-2622/schools,1,1,100%,8
https://www.yourpropertyguide.com.au/suburbs/mingela-qld-4816/schools,1,1,100%,8
https://www.yourpropertyguide.com.au/suburbs/saunders-beach-qld-4818/schools,1,1,100%,8
https://www.yourpropertyguide.com.au/suburbs/toorbul-qld-4510/rental-market,1,1,100%,8
https://www.yourpropertyguide.com.au/property/3-allambie-street-tarneit-vic-3029,1,1,100%,9
https://www.yourpropertyguide.com.au/property/unit-417-16-fennelly-street-randwick-nsw-2031,1,1,100%,9
https://www.yourpropertyguide.com.au/property/unit-511-2-oscar-place-eastgardens-nsw-2036,1,1,100%,9
https://www.yourpropertyguide.com.au/schools/brunswick-secondary-college-45545,1,1,100%,9
https://www.yourpropertyguide.com.au/suburbs/bullfinch-wa-6484/schools,1,1,100%,9
https://www.yourpropertyguide.com.au/suburbs/tannum-sands-qld-4680/millenium-esplanade,1,1,100%,9
https://www.yourpropertyguide.com.au/schools/aspiri-primary-school-52579,1,1,100%,10
https://www.yourpropertyguide.com.au/suburbs/argyle-wa-6239/rental-market,1,1,100%,10
https://www.yourpropertyguide.com.au/suburbs/bororen-qld-4678/rental-market,1,1,100%,10
https://www.yourpropertyguide.com.au/suburbs/hope-vale-qld-4895/rental-market,1,1,100%,10
https://www.yourpropertyguide.com.au/property/133-clontarf-street-sorrento-wa-6020,1,1,100%,11
https://www.yourpropertyguide.com.au/property/14c-tratton-street-balga-wa-6061,1,1,100%,11
https://www.yourpropertyguide.com.au/suburbs/donnybrook-vic-3064/acres-road,1,1,100%,11
https://www.yourpropertyguide.com.au/suburbs/geeveston-tas-7116/rental-market,1,1,100%,11
https://www.yourpropertyguide.com.au/property/11-oradala-court-greenwith-sa-5125,1,1,100%,12
https://www.yourpropertyguide.com.au/suburbs/bergalia-nsw-2537/rental-market,1,1,100%,12
https://www.yourpropertyguide.com.au/suburbs/bundey-sa-5320/rental-market,1,1,100%,16
https://www.yourpropertyguide.com.au/suburbs/bombala-nsw-2632/rental-market,1,1,100%,18
https://www.yourpropertyguide.com.au/suburbs/newborough-east-vic-3825/rental-market,1,1,100%,26
https://www.yourpropertyguide.com.au/suburbs/surfers-paradise-qld-4217,0,14476,0%,8.72
https://www.yourpropertyguide.com.au/suburbs/toorak-vic-3142,0,9600,0%,9.21
https://www.yourpropertyguide.com.au/rental-yield-calculator,0,3858,0%,80.03
https://www.yourpropertyguide.com.au/suburbs/dubbo-nsw-2830,0,3799,0%,9.03
https://www.yourpropertyguide.com.au/postcodes/2043,0,2781,0%,8.02
https://www.yourpropertyguide.com.au/borrowing-power-calculator,0,2760,0%,50.02
https://www.yourpropertyguide.com.au/suburbs/hawthorn-east-vic-3123,0,2422,0%,11.06
https://www.yourpropertyguide.com.au/suburbs/mandurah-dc-wa-6210,0,2059,0%,9.64
https://www.yourpropertyguide.com.au/suburbs/bondi-nsw-2026,0,1998,0%,15.15
https://www.yourpropertyguide.com.au/suburbs/highgate-wa-6003,0,1862,0%,8.33
https://www.yourpropertyguide.com.au/suburbs/airlie-beach-qld-4802,0,1823,0%,9.8
https://www.yourpropertyguide.com.au/suburbs/albury-nsw-2640,0,1753,0%,8.95
https://www.yourpropertyguide.com.au/guides/buying-property-australia,0,1525,0%,74.17
https://www.yourpropertyguide.com.au/suburbs/cronulla-nsw-2230,0,1505,0%,8.5
https://www.yourpropertyguide.com.au/postcodes/4226,0,1415,0%,11.26
https://www.yourpropertyguide.com.au/suburbs/loganholme-bc-qld-4129,0,1366,0%,8.94
https://www.yourpropertyguide.com.au/suburbs/mickleham-vic-3064,0,1342,0%,11.42
https://www.yourpropertyguide.com.au/suburbs/shellharbour-nsw-2529,0,1293,0%,8.96
https://www.yourpropertyguide.com.au/postcodes/3140,0,1165,0%,10.5
https://www.yourpropertyguide.com.au/suburbs/coogee-nsw-2034,0,1096,0%,10.51
https://www.yourpropertyguide.com.au/suburbs/charlestown-nsw-2290,0,1090,0%,7.11
https://www.yourpropertyguide.com.au/mortgage-calculator,0,1088,0%,88.36
https://www.yourpropertyguide.com.au/suburbs/kirrawee-nsw-2232,0,1053,0%,11.97
https://www.yourpropertyguide.com.au/suburbs/rochedale-qld-4123,0,992,0%,9.73
https://www.yourpropertyguide.com.au/suburbs/penrith-plaza-nsw-2750,0,964,0%,10.25
https://www.yourpropertyguide.com.au/suburbs/karratha-industrial-estate-wa-6714,0,962,0%,10.08
https://www.yourpropertyguide.com.au/suburbs/mount-gambier-sa-5290,0,953,0%,8.87
https://www.yourpropertyguide.com.au/suburbs/fyshwick-act-2609,0,949,0%,10.63
https://www.yourpropertyguide.com.au/suburbs/spring-farm-nsw-2570,0,941,0%,8.35
https://www.yourpropertyguide.com.au/suburbs/taree-dc-nsw-2430,0,915,0%,8.56
https://www.yourpropertyguide.com.au/affordability-calculator,0,913,0%,77.02
https://www.yourpropertyguide.com.au/suburbs/kununurra-wa-6743,0,882,0%,9.68
https://www.yourpropertyguide.com.au/postcodes/3156,0,848,0%,9.91
https://www.yourpropertyguide.com.au/postcodes/3561,0,841,0%,8.41
https://www.yourpropertyguide.com.au/suburbs/pinjarra-wa-6208,0,835,0%,7.99
https://www.yourpropertyguide.com.au/suburbs/young-nsw-2594,0,818,0%,7.74
https://www.yourpropertyguide.com.au/guides/how-to-sell-a-house-australia,0,794,0%,71.21
https://www.yourpropertyguide.com.au/suburbs/chipping-norton-nsw-2170,0,786,0%,9.61
https://www.yourpropertyguide.com.au/suburbs/stanmore-nsw-2048,0,783,0%,8.55
https://www.yourpropertyguide.com.au/suburbs/beenleigh-qld-4207,0,770,0%,11.35
https://www.yourpropertyguide.com.au/suburbs/dural-nsw-2330,0,753,0%,8.47
https://www.yourpropertyguide.com.au/suburbs/kiama-nsw-2533,0,751,0%,8.9
https://www.yourpropertyguide.com.au/glossary/capital-gains-tax-cgt,0,739,0%,67.87
https://www.yourpropertyguide.com.au/suburbs/kenmore-east-qld-4069,0,735,0%,10.77
https://www.yourpropertyguide.com.au/suburbs/fairlight-nsw-2094,0,729,0%,8.2
https://www.yourpropertyguide.com.au/suburbs/beaumaris-vic-3192,0,722,0%,9.77
https://www.yourpropertyguide.com.au/suburbs/moree-east-nsw-2400,0,711,0%,9.73
https://www.yourpropertyguide.com.au/suburbs/smithfield-qld-4878,0,710,0%,8.29
https://www.yourpropertyguide.com.au/suburbs/hamilton-qld-4007,0,704,0%,10.32
https://www.yourpropertyguide.com.au/postcodes/2446,0,698,0%,8.47
https://www.yourpropertyguide.com.au/suburbs/woolloongabba-qld-4102,0,690,0%,13.35
https://yourpropertyguide.com.au/suburbs/hughes-act-2605,0,675,0%,9.73
https://www.yourpropertyguide.com.au/suburbs/springwood-nsw-2777,0,673,0%,13.03
https://www.yourpropertyguide.com.au/postcodes/2068,0,670,0%,9.9
https://www.yourpropertyguide.com.au/postcodes/2141,0,667,0%,8.79
https://www.yourpropertyguide.com.au/suburbs/tewantin-qld-4565,0,645,0%,10.37
https://www.yourpropertyguide.com.au/postcodes/3073,0,642,0%,10.59
https://www.yourpropertyguide.com.au/postcodes/4519,0,634,0%,9.72
https://www.yourpropertyguide.com.au/suburbs/barton-act-2600,0,627,0%,9.95
https://www.yourpropertyguide.com.au/suburbs/enmore-nsw-2042,0,626,0%,8.5
https://www.yourpropertyguide.com.au/suburbs/springfield-qld-4871,0,626,0%,9.1
https://www.yourpropertyguide.com.au/suburbs/exmouth-wa-6707,0,620,0%,8.05
https://www.yourpropertyguide.com.au/suburbs/tingalpa-bc-qld-4173,0,604,0%,10.01
https://www.yourpropertyguide.com.au/suburbs/newstead-qld-4006,0,601,0%,10.9
https://www.yourpropertyguide.com.au/suburbs/logan-central-qld-4114,0,600,0%,10.24
https://www.yourpropertyguide.com.au/postcodes/5094,0,590,0%,10.25
https://www.yourpropertyguide.com.au/postcodes/3556,0,573,0%,9.46
https://www.yourpropertyguide.com.au/schools/albany-senior-high-school-48116/vs/albany-primary-school-48265,0,569,0%,4.06
https://www.yourpropertyguide.com.au/suburbs/penshurst-nsw-2222,0,559,0%,9.41
https://www.yourpropertyguide.com.au/postcodes/2834,0,554,0%,9.19
https://www.yourpropertyguide.com.au/suburbs/cowra-nsw-2794,0,548,0%,9.03
https://www.yourpropertyguide.com.au/suburbs/carina-north-qld-4152,0,547,0%,12.11
https://www.yourpropertyguide.com.au/postcodes/4116,0,543,0%,10.48
https://www.yourpropertyguide.com.au/postcodes/4345,0,538,0%,10.09
https://www.yourpropertyguide.com.au/postcodes/6084,0,535,0%,9.54
https://www.yourpropertyguide.com.au/suburbs/penrith-south-nsw-2750,0,529,0%,13.65
https://www.yourpropertyguide.com.au/suburbs/noosaville-bc-qld-4566,0,523,0%,9.91
https://www.yourpropertyguide.com.au/suburbs/hazelmere-wa-6055,0,521,0%,8.21
https://www.yourpropertyguide.com.au/suburbs/somerville-vic-3912,0,520,0%,8.76
https://www.yourpropertyguide.com.au/postcodes/3666,0,518,0%,7.85
https://www.yourpropertyguide.com.au/price-guide,0,510,0%,55.64
https://www.yourpropertyguide.com.au/suburbs/wollongong-nsw-2500,0,506,0%,11.95
https://www.yourpropertyguide.com.au/suburbs/collingwood-north-vic-3066,0,502,0%,9.77
https://www.yourpropertyguide.com.au/guides/renovation-cost-australia-2026,0,496,0%,59.17
https://www.yourpropertyguide.com.au/suburbs/epping-vic-3076,0,495,0%,9.41
https://www.yourpropertyguide.com.au/postcodes/3978,0,489,0%,9.47
https://www.yourpropertyguide.com.au/suburbs/rouse-hill-nsw-2155,0,482,0%,7.97
https://www.yourpropertyguide.com.au/best-suburbs,0,481,0%,35.75
https://www.yourpropertyguide.com.au/suburbs/silverwater-nsw-2264,0,478,0%,10.28
https://www.yourpropertyguide.com.au/suburbs/killara-nsw-2071,0,478,0%,10.62
https://www.yourpropertyguide.com.au/suburbs/woodvale-wa-6026,0,473,0%,11.4
https://www.yourpropertyguide.com.au/suburbs/gawler-sa-5118,0,472,0%,8.34
https://www.yourpropertyguide.com.au/suburbs/browns-plains-qld-4118,0,467,0%,12.98
https://www.yourpropertyguide.com.au/suburbs/reservoir-south-vic-3073,0,464,0%,12.38
https://www.yourpropertyguide.com.au/suburbs/port-melbourne-vic-3207,0,461,0%,8.35
https://www.yourpropertyguide.com.au/postcodes/4220,0,454,0%,8.57
https://www.yourpropertyguide.com.au/suburbs/mortlake-nsw-2137,0,454,0%,9.44
https://www.yourpropertyguide.com.au/suburbs/lidcombe-north-nsw-2141,0,452,0%,11.81
https://www.yourpropertyguide.com.au/suburbs/singleton-nsw-2330,0,451,0%,9.19
https://www.yourpropertyguide.com.au/guides/top-5-suburbs-families-moreton-bay,0,450,0%,30.7
https://www.yourpropertyguide.com.au/suburbs/narrabri-nsw-2390,0,449,0%,9.47
https://www.yourpropertyguide.com.au/suburbs/devonport-tas-7310,0,444,0%,11.87
https://www.yourpropertyguide.com.au/suburbs/bundaberg-north-qld-4670,0,442,0%,11.85
https://www.yourpropertyguide.com.au/guides/real-estate-commission-qld,0,441,0%,40.63
https://www.yourpropertyguide.com.au/suburbs/darling-point-nsw-2027,0,440,0%,12.7
https://www.yourpropertyguide.com.au/suburbs/camberwell-north-vic-3124,0,434,0%,11.32
https://www.yourpropertyguide.com.au/suburbs/summer-hill-nsw-2130,0,428,0%,9.65
https://www.yourpropertyguide.com.au/suburbs/watergardens-vic-3038,0,427,0%,6.59
https://www.yourpropertyguide.com.au/suburbs/bathurst-nsw-2795,0,423,0%,9.64
https://www.yourpropertyguide.com.au/suburbs/south-yarra-vic-3141,0,419,0%,8.14
https://www.yourpropertyguide.com.au/suburbs/west-gosford-nsw-2250,0,416,0%,8.74
https://www.yourpropertyguide.com.au/suburbs/south-murwillumbah-nsw-2484,0,415,0%,10.45
https://www.yourpropertyguide.com.au/suburbs/woodford-qld-4514,0,408,0%,7.84
https://www.yourpropertyguide.com.au/suburbs/nelson-bay-nsw-2315,0,407,0%,8.71
https://www.yourpropertyguide.com.au/postcodes/6171,0,405,0%,10
https://www.yourpropertyguide.com.au/suburbs/homebush-south-nsw-2140,0,403,0%,12.99
https://www.yourpropertyguide.com.au/postcodes/6103,0,399,0%,9.18
https://www.yourpropertyguide.com.au/postcodes/3167,0,399,0%,9.76
https://www.yourpropertyguide.com.au/postcodes/4212,0,398,0%,9.44
https://www.yourpropertyguide.com.au/suburbs/elderslie-nsw-2570,0,395,0%,7.61
https://www.yourpropertyguide.com.au/suburbs/taralga-nsw-2580,0,392,0%,9.3
https://www.yourpropertyguide.com.au/suburbs/dysart-qld-4745,0,391,0%,9.16
https://www.yourpropertyguide.com.au/suburbs/cromer-heights-nsw-2099,0,391,0%,9.25
https://www.yourpropertyguide.com.au/suburbs/cootamundra-nsw-2590,0,390,0%,8.16
https://www.yourpropertyguide.com.au/suburbs/booragoon-wa-6154,0,389,0%,9.28
https://www.yourpropertyguide.com.au/guides/rentvesting-australia,0,389,0%,79.66
https://www.yourpropertyguide.com.au/suburbs/renmark-sa-5341,0,383,0%,8.42
https://www.yourpropertyguide.com.au/suburbs/browns-plains-bc-qld-4118,0,380,0%,7.76
https://www.yourpropertyguide.com.au/suburbs/butler-wa-6036,0,377,0%,9.3
https://www.yourpropertyguide.com.au/suburbs/belconnen-dc-act-2617,0,376,0%,9.5
https://www.yourpropertyguide.com.au/suburbs/annandale-nsw-2038,0,376,0%,10.4
https://www.yourpropertyguide.com.au/suburbs/mount-annan-nsw-2567,0,374,0%,9.82
https://www.yourpropertyguide.com.au/suburbs/helensburgh-nsw-2508,0,371,0%,9.64
https://www.yourpropertyguide.com.au/suburbs/broken-hill-west-nsw-2880,0,371,0%,11
https://www.yourpropertyguide.com.au/suburbs/lisarow-nsw-2250,0,369,0%,9.29
https://www.yourpropertyguide.com.au/suburbs/lochinvar-nsw-2321,0,365,0%,6.89
https://www.yourpropertyguide.com.au/suburbs/enoggera-qld-4051,0,365,0%,9.54
https://www.yourpropertyguide.com.au/suburbs/yandina-creek-qld-4561,0,363,0%,11.85
https://www.yourpropertyguide.com.au/suburbs/unley-dc-sa-5061,0,361,0%,9.72
https://www.yourpropertyguide.com.au/postcodes/2761,0,360,0%,9.14
https://www.yourpropertyguide.com.au/suburbs/fountain-gate-vic-3805,0,359,0%,5.1
https://www.yourpropertyguide.com.au/postcodes/2564,0,359,0%,10.04
https://www.yourpropertyguide.com.au/suburbs/mundaring-dc-wa-6073,0,351,0%,8.58
https://www.yourpropertyguide.com.au/suburbs/orange-nsw-2800,0,351,0%,10.09
https://yourpropertyguide.com.au/suburbs/preston-south-vic-3072,0,349,0%,17.13
https://www.yourpropertyguide.com.au/suburbs/newnham-tas-7248,0,347,0%,7.59
https://www.yourpropertyguide.com.au/suburbs/gymea-bay-nsw-2227,0,347,0%,10.41
https://www.yourpropertyguide.com.au/suburbs/maryland-nsw-2287,0,345,0%,8.33
https://www.yourpropertyguide.com.au/suburbs/pacific-paradise-qld-4564,0,345,0%,8.79
https://www.yourpropertyguide.com.au/postcodes/3336,0,345,0%,9.2
https://www.yourpropertyguide.com.au/suburbs/parkes-act-2600,0,344,0%,8.92
https://www.yourpropertyguide.com.au/suburbs/castle-cove-nsw-2069/willowie-road,0,344,0%,13.53
https://www.yourpropertyguide.com.au/suburbs/thirroul-nsw-2515,0,340,0%,10.15
https://www.yourpropertyguide.com.au/guides/negative-gearing-australia,0,340,0%,83.94
https://www.yourpropertyguide.com.au/suburbs/booragoon-wa-6954,0,339,0%,11.36
https://www.yourpropertyguide.com.au/postcodes/6173,0,338,0%,8.72
https://www.yourpropertyguide.com.au/suburbs/brookvale-nsw-2100,0,337,0%,9.47
https://www.yourpropertyguide.com.au/suburbs/carlisle-north-wa-6101,0,336,0%,11.25
https://www.yourpropertyguide.com.au/postcodes/4225,0,333,0%,9.89
https://www.yourpropertyguide.com.au/suburbs/narrogin-wa-6312,0,329,0%,9.84
https://www.yourpropertyguide.com.au/suburbs/holland-park-qld-4121,0,327,0%,11.45
https://www.yourpropertyguide.com.au/postcodes/2040,0,322,0%,8.43
https://www.yourpropertyguide.com.au/suburbs/derby-wa-6728,0,320,0%,10.86
https://www.yourpropertyguide.com.au/suburbs/millmerran-qld-4357,0,319,0%,7.85
https://www.yourpropertyguide.com.au/suburbs/killarney-vale-nsw-2261,0,318,0%,10.35
https://www.yourpropertyguide.com.au/suburbs/north-casino-nsw-2470,0,317,0%,10.73
https://www.yourpropertyguide.com.au/suburbs/davoren-park-south-sa-5113,0,317,0%,11.36
https://www.yourpropertyguide.com.au/suburbs/east-innisfail-qld-4860,0,316,0%,10.26
https://www.yourpropertyguide.com.au/postcodes/2077,0,316,0%,11.23
https://www.yourpropertyguide.com.au/suburbs/nudgee-beach-qld-4014,0,313,0%,9.99
https://www.yourpropertyguide.com.au/stamp-duty-calculator,0,313,0%,68.42
https://www.yourpropertyguide.com.au/suburbs/miranda-nsw-2228,0,311,0%,8.07
https://www.yourpropertyguide.com.au/suburbs/ainslie-act-2602,0,310,0%,9.43
https://www.yourpropertyguide.com.au/suburbs/chadstone-centre-vic-3148,0,310,0%,11.54
https://www.yourpropertyguide.com.au/schools/albany-senior-high-school-48116/vs/parklands-school-49081,0,309,0%,5.83
https://www.yourpropertyguide.com.au/suburbs/bli-bli-qld-4560,0,307,0%,9.14
https://www.yourpropertyguide.com.au/suburbs/sunbury-vic-3429,0,304,0%,7.03
https://www.yourpropertyguide.com.au/suburbs/north-cairns-qld-4870,0,303,0%,12.38
https://www.yourpropertyguide.com.au/suburbs/vasse-wa-6280,0,300,0%,8.13
https://www.yourpropertyguide.com.au/suburbs/bayswater-wa-6053,0,296,0%,10.96
https://www.yourpropertyguide.com.au/suburbs/newcastle-east-nsw-2300,0,294,0%,9.98
https://www.yourpropertyguide.com.au/suburbs/ferndale-wa-6148,0,293,0%,8.63
https://www.yourpropertyguide.com.au/suburbs/casula-mall-nsw-2170,0,292,0%,12.13
https://www.yourpropertyguide.com.au/suburbs/old-beach-tas-7017,0,290,0%,7.5
https://www.yourpropertyguide.com.au/suburbs/carrington-nsw-2324,0,290,0%,9.51
https://www.yourpropertyguide.com.au/postcodes/4565,0,289,0%,10.28
https://www.yourpropertyguide.com.au/suburbs/singleton-dc-nsw-2330,0,287,0%,9.09