Top queries,Clicks,Impressions,CTR,Position
your property guide,14,31,45.16%,1.06
property guide,3,505,0.59%,10.06
badagarang postcode,3,341,0.88%,3.5
badagarang,2,23,8.7%,17.43
morayfield postcode,1,6184,0.02%,9.58
arundel postcode,1,2319,0.04%,6.69
2170 postcode,1,1494,0.07%,7.63
buderim post code,1,1133,0.09%,8.52
bulleen postcode,1,490,0.2%,10.97
deer park postcode,1,312,0.32%,9.39
buderim qld postcode,1,294,0.34%,8.27
3192 postcode,1,204,0.49%,7.46
glen waverley postcode,1,143,0.7%,7.17
parkdale postcode,1,137,0.73%,8.8
chermside post code,1,123,0.81%,9.95
2170,1,96,1.04%,14.24
new farm postcode,1,67,1.49%,9.01
badagarang post code,1,44,2.27%,3.27
3199 postcode,1,42,2.38%,10.14
property guide australia,1,32,3.12%,10.69
10 caroona close adamstown heights,1,29,3.45%,9.52
redhill postcode,1,23,4.35%,8.61
geraldton postcode,1,21,4.76%,10.1
merton postcode,1,17,5.88%,8.82
ridgehaven postcode,1,16,6.25%,6.44
ashford nsw postcode,1,16,6.25%,8.31
casuarina nsw postcode,1,11,9.09%,8
yes,1,10,10%,11
morayfield,1,9,11.11%,3.56
3260 postcode,1,9,11.11%,10.78
4801,1,6,16.67%,4
maslin beach postcode,1,6,16.67%,9.5
5600 postcode,1,5,20%,6.4
armstrong postcode,1,4,25%,7.5
brahma lodge,1,3,33.33%,4
post code 3099,1,3,33.33%,7
christmas island houses for sale,1,2,50%,29
junee weather forecast,1,1,100%,4
14 bryce court redcliffe,1,1,100%,15
reefton nsw,1,1,100%,22
toorak postcode,0,5540,0%,8.13
surfers paradise postcode,0,5442,0%,8.55
buderim postcode,0,5231,0%,7.68
dubbo postcode,0,2331,0%,8.88
taigum postcode,0,1932,0%,7.88
surfers paradise post code,0,1644,0%,7.58
mandurah postcode,0,1095,0%,9.25
hawthorn east postcode,0,1067,0%,8.87
moorebank postcode,0,922,0%,7.8
loganholme postcode,0,918,0%,8.4
toorak post code,0,910,0%,8.37
erskineville postcode,0,903,0%,8.91
4217 postcode,0,899,0%,8.79
penrith postcode,0,898,0%,10.2
mickleham postcode,0,856,0%,9.89
chermside postcode,0,850,0%,10.37
highgate postcode,0,839,0%,7.02
bondi postcode,0,837,0%,10.9
cronulla postcode,0,828,0%,7.72
4226 postcode,0,824,0%,11
albury postcode,0,812,0%,8.13
airlie beach postcode,0,777,0%,8.7
hervey bay postcode,0,741,0%,9.89
shellharbour postcode,0,708,0%,8.81
taree postcode,0,696,0%,8.33
postcode surfers paradise,0,684,0%,8
karratha postcode,0,673,0%,9.99
browns plains postcode,0,621,0%,10.14
fyshwick postcode,0,591,0%,10.12
casula postcode,0,587,0%,10.79
charlestown postcode,0,585,0%,6.34
singleton postcode,0,545,0%,8.33
2043 postcode,0,524,0%,6.28
kirrawee postcode,0,518,0%,8.94
prestons postcode,0,518,0%,9.84
reservoir postcode,0,494,0%,10.94
coogee postcode,0,485,0%,10.82
stanmore postcode,0,471,0%,8.16
spring farm postcode,0,465,0%,7.67
chipping norton postcode,0,450,0%,9.86
surfers postcode,0,447,0%,7.66
dural postcode,0,439,0%,8.06
kununurra postcode,0,428,0%,9.11
pinjarra postcode,0,421,0%,7.19
beenleigh postcode,0,421,0%,10.7
newstead postcode,0,397,0%,7.64
2141 postcode,0,379,0%,9.02
booragoon postcode,0,379,0%,10.1
4118 postcode,0,378,0%,7.58
kenmore postcode,0,374,0%,8.89
homebush postcode,0,368,0%,10.81
exmouth postcode,0,367,0%,7.85
mount gambier postcode,0,364,0%,8.35
browns plains post code,0,364,0%,10.03
wauchope postcode,0,363,0%,7.73
moree postcode,0,359,0%,9.63
taigum post code,0,356,0%,7.58
kiama postcode,0,356,0%,8.62
springfield postcode,0,355,0%,8.12
best suburbs in moreton bay region,0,354,0%,31.46
tingalpa postcode,0,353,0%,9.6
bundaberg postcode,0,353,0%,10.66
fairlight postcode,0,349,0%,7.85
beaumaris postcode,0,345,0%,8.72
smithfield postcode,0,344,0%,7.75
unley postcode,0,343,0%,8.47
3142 postcode,0,342,0%,9.64
killara postcode,0,332,0%,9.08
young postcode,0,330,0%,7.13
barton postcode,0,327,0%,9.28
cheltenham postcode,0,327,0%,10.21
murwillumbah postcode,0,324,0%,10.52
silverwater postcode,0,321,0%,10.19
lilydale postcode,0,318,0%,9.76
bathurst postcode,0,304,0%,8.9
cowra postcode,0,304,0%,8.94
arundel post code,0,303,0%,6.59
3a willowie road castle cove nsw 2069,0,301,0%,14.15
rochedale postcode,0,299,0%,7.76
somerville postcode,0,295,0%,8.16
3156 postcode,0,295,0%,8.78
tewantin postcode,0,294,0%,7.7
2830 postcode,0,294,0%,8.8
hornsby postcode,0,292,0%,9.79
noosaville postcode,0,292,0%,10.04
lidcombe postcode,0,292,0%,10.87
gatton postcode,0,291,0%,10.34
3140 postcode,0,287,0%,9.57
hazelmere postcode,0,285,0%,7.12
morayfield post code,0,285,0%,9.19
collingwood postcode,0,283,0%,8.41
hughes postcode,0,281,0%,8.34
10 obryans road hallston vic 3953,0,276,0%,12.25
borrowing power calculator,0,276,0%,83.64
gepps cross postcode,0,273,0%,10.13
enmore postcode,0,271,0%,7.18
mandurah post code,0,269,0%,9.42
rouse hill postcode,0,266,0%,7.89
springwood postcode,0,266,0%,8.9
gawler postcode,0,263,0%,7.77
broken hill postcode,0,263,0%,9.95
epping postcode,0,260,0%,9.36
baldivis postcode,0,259,0%,9.71
wollongong postcode,0,258,0%,10.46
postcode 2170,0,257,0%,7.6
postcode morayfield,0,256,0%,10.3
post code surfers paradise,0,253,0%,8.2
cromer postcode,0,252,0%,8.61
4018 postcode,0,251,0%,9.51
2640 postcode,0,251,0%,9.79
penshurst postcode,0,247,0%,9.18
4556 postcode,0,246,0%,8.3
narrabri postcode,0,244,0%,7.89
belconnen postcode,0,244,0%,8.3
carina postcode,0,244,0%,10.35
4506 postcode,0,243,0%,8.7
woolloongabba postcode,0,241,0%,10.88
real estate guide,0,239,0%,11.59
lochinvar postcode,0,234,0%,6.62
wynnum west postcode,0,233,0%,9.71
postcode for surfers paradise,0,232,0%,8.33
airlie beach post code,0,231,0%,8.18
postcode toorak,0,229,0%,8.48
devonport postcode,0,229,0%,10.93
mortlake postcode,0,226,0%,8.69
3072 postcode,0,225,0%,11.41
renmark postcode,0,223,0%,8
rochester postcode,0,223,0%,8.72
2564 postcode,0,223,0%,9.35
lisarow postcode,0,222,0%,8.15
casula post code,0,220,0%,9.47
junee postcode,0,219,0%,8.47
elderslie postcode,0,217,0%,6.52
cronulla post code,0,217,0%,7.98
parkes postcode,0,217,0%,8.53
4005 postcode,0,215,0%,6.75
port melbourne postcode,0,215,0%,7.43
4116 postcode,0,215,0%,10.31
woodford postcode,0,213,0%,6.89
eaglehawk postcode,0,211,0%,9.55
3124 postcode,0,210,0%,9.9
enoggera postcode,0,207,0%,7.89
south yarra postcode,0,206,0%,7.45
queanbeyan postcode,0,206,0%,9.99
49 inkerman street burren junction nsw 2386,0,206,0%,18.33
3123 postcode,0,205,0%,9.18
lightning ridge postcode,0,205,0%,9.8
woodvale postcode,0,202,0%,9.53
sunbury postcode,0,198,0%,6.27
mundaring postcode,0,198,0%,8.58
narrogin postcode,0,197,0%,9.34
mt gambier postcode,0,196,0%,8.13
postcode 4217,0,196,0%,8.65
watergardens postcode,0,195,0%,6.12
moruya postcode,0,195,0%,7.53
5 grey road mirboo north vic 3871,0,195,0%,11.43
northbridge postcode,0,194,0%,7.97
holland park postcode,0,194,0%,10.42
prestons post code,0,193,0%,9.68
casino postcode,0,193,0%,9.7
3073 postcode,0,193,0%,10.58
orange postcode,0,192,0%,9.46
whyalla postcode,0,191,0%,9.74
annandale postcode,0,189,0%,7.45
arundel qld postcode,0,189,0%,8.23
summer hill postcode,0,189,0%,8.83
nelson bay postcode,0,188,0%,8.47
coogee post code,0,187,0%,8.6
willoughby postcode,0,187,0%,9.98
full house renovation,0,187,0%,80.05
gembrook postcode,0,185,0%,8.02
millmerran postcode,0,184,0%,7.45
fountain gate postcode,0,180,0%,5.08
dysart postcode,0,179,0%,7.98
cannington postcode,0,175,0%,8.19
eleebana postcode,0,175,0%,9.46
young nsw postcode,0,173,0%,8.07
gosford postcode,0,173,0%,8.84
newnham postcode,0,171,0%,6.3
brookvale postcode,0,171,0%,9.33
surfers post code,0,170,0%,7.57
cootamundra postcode,0,169,0%,7.93
4214 postcode,0,169,0%,10.65
butler postcode,0,168,0%,8.1
postcode 2043,0,168,0%,8.4
rental report brisbane,0,168,0%,65.59
3066 postcode,0,167,0%,9.66
calculate rental yield,0,167,0%,77.03
renovation costs,0,167,0%,85.69
938 mountain ash road gundary nsw 2580,0,165,0%,9.36
northgate postcode,0,164,0%,7.66
catherine hill bay postcode,0,164,0%,10.87
bayswater postcode,0,162,0%,8.41
helensburgh postcode,0,162,0%,9.41
woolloongabba post code,0,161,0%,8.04
postcode buderim,0,161,0%,8.57
buying property in australia,0,161,0%,73.89
deepdene postcode,0,160,0%,9.1
kambah postcode,0,160,0%,10.49
ravenswood postcode,0,159,0%,8.47
thirroul postcode,0,158,0%,7.04
darling point postcode,0,156,0%,9.87
ascot postcode,0,155,0%,8.47
dubbo nsw postcode,0,154,0%,9.14
2042 postcode,0,154,0%,10.01
postcode for morayfield,0,154,0%,10.63
erskineville post code,0,152,0%,8.43
killarney vale postcode,0,151,0%,7.87
chadstone postcode,0,151,0%,12.36
rental yield calculation,0,151,0%,81.9
innisfail postcode,0,150,0%,10.24
nudgee postcode,0,149,0%,9.46
bli bli postcode,0,148,0%,8.73
midvale postcode,0,148,0%,9.26
surfer paradise postcode,0,148,0%,9.64
lidcombe post code,0,147,0%,10.01
carrington postcode,0,146,0%,8.94
davoren park postcode,0,146,0%,10.32
secret harbour post code,0,145,0%,8.77
realestate guide,0,144,0%,11.28
miranda postcode,0,143,0%,7.45
main beach postcode,0,143,0%,9.45
buying a house australia,0,143,0%,72.38
ainslie postcode,0,142,0%,8.18
hurstbridge postcode,0,142,0%,9.82
goodwood postcode,0,141,0%,7.62
travancore postcode,0,140,0%,8.09
denham court postcode,0,140,0%,8.65
2140 postcode,0,140,0%,9.39
red hill post code,0,140,0%,9.46
penrith post code,0,140,0%,10.39
bankstown postcode,0,140,0%,11.05
hawthorn east post code,0,139,0%,7.04
4220 postcode,0,139,0%,8.09
post code buderim,0,139,0%,8.65
4123 postcode,0,139,0%,10.72
wahroonga postcode,0,137,0%,8.2
west gosford postcode,0,136,0%,7.57
surfers paradise postal code,0,135,0%,8.04
booragoon post code,0,135,0%,11.1
old beach post code,0,134,0%,6.31
kilmore postcode,0,134,0%,8.89
2137 postcode,0,134,0%,10.61
3561 postcode,0,133,0%,5.74
pacific paradise postcode,0,133,0%,7.59
ferndale postcode,0,133,0%,8.16
post code 2170,0,132,0%,7.52
winmalee postcode,0,132,0%,8.22
kununurra post code,0,132,0%,9.51
postcode toorak vic,0,131,0%,9.21
camillo median rent,0,131,0%,21.34
mount gambier post code,0,130,0%,8.15
baldivis post code,0,130,0%,9.07
bullsbrook post code,0,128,0%,10.31
6003 postcode,0,128,0%,10.62
taralga postcode,0,126,0%,7.1
vasse postcode,0,126,0%,8.18
glenorchy postcode,0,126,0%,8.81
albury nsw postcode,0,126,0%,9.42
drouin postcode,0,126,0%,9.84
angle vale postcode,0,126,0%,9.94
chevron island postcode,0,126,0%,10.27
maryland postcode,0,125,0%,7.48
barton act postcode,0,124,0%,9.36
hawthorn postcode,0,124,0%,10.27
south lake postcode,0,123,0%,7.85
kellyville postcode,0,123,0%,10.84
merrimac postcode,0,122,0%,10.18
guyra postcode,0,121,0%,7.3
belmont postcode,0,121,0%,7.58
strathmore postcode,0,121,0%,8.02
shellharbour post code,0,121,0%,8.43
granville postcode,0,120,0%,8.92
lilydale post code,0,120,0%,10.82
kensington postcode,0,118,0%,7.86
dundas postcode,0,118,0%,8.99
6084 postcode,0,117,0%,8.31
gatton post code,0,117,0%,10.24
50 clancy lane myrtleford vic 3737,0,117,0%,21.76
auburn postcode,0,116,0%,9.14
randwick postcode,0,116,0%,10.05
4519 postcode,0,115,0%,8.01
2539 postcode,0,115,0%,8.24
hamilton postcode,0,115,0%,8.36
wollert postcode,0,115,0%,8.55
euroa postcode,0,115,0%,8.9
2040 postcode,0,114,0%,7.94
4565 postcode,0,114,0%,10.54
postcode 4226,0,114,0%,11.9
derby postcode,0,113,0%,10.22
carina post code,0,113,0%,10.27
glen iris postcode,0,112,0%,6.49
kiama post code,0,112,0%,7.81
3025 postcode,0,112,0%,8.35
seaforth postcode,0,112,0%,9.69
toorak vic postcode,0,111,0%,8.63
bullsbrook postcode,0,111,0%,9.3
carlisle postcode,0,111,0%,10.71
yield calculator,0,111,0%,61.25
karingal postcode,0,110,0%,7.24
dural post code,0,110,0%,7.59
turrella postcode,0,109,0%,6.81
glenroy postcode,0,109,0%,7.23
pymble postcode,0,109,0%,8.57
wallaroo postcode,0,109,0%,8.78
tumbi umbi postcode,0,109,0%,8.96
heidelberg heights postcode,0,109,0%,9.22
2761 postcode,0,109,0%,9.28
logan postcode,0,109,0%,10.41
kirrawee post code,0,108,0%,9.02
3690 postcode,0,108,0%,9.18
logan central postcode,0,107,0%,8.17
rochedale south postcode,0,107,0%,10.37
murwillumbah post code,0,107,0%,10.52
rental investment calculator,0,107,0%,89.86
cowes postcode,0,106,0%,6.58
moorebank post code,0,106,0%,7.7
camp hill postcode,0,106,0%,8.47
liverpool postcode nsw,0,106,0%,10.77
selling a house,0,106,0%,77.75
2043 postcode nsw,0,105,0%,6.7
regents park post code,0,105,0%,8.59
nedlands postcode,0,105,0%,9.77
floreat postcode,0,105,0%,10.09
2400 postcode,0,105,0%,11.3
mickleham post code,0,104,0%,9.66
st clair postcode,0,104,0%,11.07
real estate agent goodna dc,0,104,0%,22.07
best suburbs in australia,0,104,0%,28.85
pinjarra post code,0,103,0%,7.94
wauchope post code,0,103,0%,8.74
hamilton qld postcode,0,103,0%,9.17
4212 postcode,0,103,0%,10.48
property yield calculator,0,103,0%,68.84
telopea postcode,0,102,0%,8.44
port adelaide postcode,0,102,0%,10.52
rental yield calculator australia,0,102,0%,71.75
landsborough postcode,0,101,0%,7.99
shoalhaven heads postcode,0,101,0%,9.32
crestmead postcode,0,101,0%,9.43
aspley postcode,0,100,0%,7.13
hughes act postcode,0,100,0%,9.48
rental return calculator,0,100,0%,77.25
kanahooka postcode,0,99,0%,7.35
glen huntly postcode,0,99,0%,7.38
port kembla postcode,0,99,0%,8.03
austinmer postcode,0,98,0%,7.13
tewantin post code,0,98,0%,8.32
kogarah postcode,0,98,0%,9.83
manly postcode,0,98,0%,10.37
west wyalong postcode,0,97,0%,6.74
winton postcode,0,97,0%,7.02
chipping norton post code,0,97,0%,7.3
cairns north postcode,0,97,0%,8.54
3556 postcode,0,97,0%,8.9
beerwah post code,0,97,0%,10.33
postcode arundel,0,96,0%,6.66
tweed heads postcode,0,96,0%,8.34
2222 postcode,0,96,0%,9.1
ipswich postcode,0,96,0%,9.3
marcoola postcode,0,95,0%,7.96
norman gardens postcode,0,95,0%,8.94
bulleen post code,0,95,0%,9.22
mortgage brokers blanche harbor,0,95,0%,16.55
croydon postcode,0,94,0%,7.6
2170 post code,0,94,0%,7.65
postcode for buderim,0,94,0%,8.28
4118 postcode qld,0,94,0%,8.34
boulia postcode,0,94,0%,8.39
warrawong postcode,0,94,0%,8.94
4114 postcode,0,94,0%,10.55
greenhills postcode,0,93,0%,6.19
moree post code,0,93,0%,8.3
4102 postcode,0,93,0%,9.97
prahran postcode,0,93,0%,10.25
acacia ridge postcode,0,93,0%,10.51
yield property calculator,0,93,0%,65.97
3221 postcode melbourne,0,92,0%,6.13
riverview postcode,0,92,0%,6.8
kenilworth postcode,0,92,0%,7.75
kallaroo postcode,0,92,0%,8.3
nambour postcode,0,92,0%,9.24
st peters postcode,0,91,0%,8.51
harvey postcode,0,91,0%,8.53
postcode dubbo,0,91,0%,8.77
5065 postcode,0,91,0%,8.78
australia marrangaroo postcode,0,91,0%,8.98
norwood postcode,0,91,0%,9.59
2130 postcode,0,91,0%,9.95
south perth post code,0,91,0%,10.26
morayfield qld postcode,0,91,0%,10.92
3666 postcode,0,90,0%,6.12
barham postcode,0,90,0%,8.22
south melbourne postcode,0,90,0%,9.21
macgregor postcode,0,90,0%,9.3
bindoon postcode,0,90,0%,9.51
mile end postcode,0,90,0%,9.53
4605 postcode,0,90,0%,10.31
how much can i borrow calculator,0,90,0%,37.39
ashby postcode,0,89,0%,6.22
parkville postcode,0,89,0%,8.66
victor harbor postcode,0,89,0%,9.07
4564 postcode,0,89,0%,9.36
canberra suburbs median property prices latest,0,89,0%,34.29
calculate rental yield australia,0,89,0%,85.21
how much house can i afford?,0,89,0%,89.72
highgate wa postcode,0,88,0%,8.12
cable beach postcode,0,88,0%,9.24
3167 postcode,0,88,0%,9.39
postcode 4556,0,88,0%,9.39
2114 postcode,0,88,0%,9.97
annerley postcode,0,88,0%,10.59
suburb growth rates wa,0,88,0%,29.23
real estate yield calculator,0,88,0%,65.32
rental property yield calculator,0,88,0%,72.06
rental profit calculator,0,88,0%,85.91
3336 postcode,0,87,0%,7.83
glenorie postcode,0,87,0%,8.21
caloundra postcode,0,87,0%,8.86
deer park post code,0,87,0%,8.9
doreen postcode,0,87,0%,9.26
mandurah postcode wa,0,87,0%,10.05
hervey bay post code,0,87,0%,10.59
postcode browns plains,0,87,0%,10.76
1/19 gildan street balwyn north vic 3104,0,87,0%,17.15
post code 2043,0,86,0%,6.5
postcode 4118,0,86,0%,8
larrakeyah postcode,0,86,0%,8.06
rowville postcode,0,86,0%,8.19
leda postcode,0,86,0%,9.48
2170 postcode nsw,0,86,0%,9.58
how much is stamp duty wa,0,86,0%,45.07
net rental yield calculator,0,86,0%,81.49
highgate postcode wa,0,85,0%,8.02
4566 postcode,0,85,0%,8.71
dubbo postcode nsw,0,85,0%,8.98
6103 postcode,0,85,0%,9.26
3105 postcode,0,85,0%,9.47
teneriffe postcode,0,85,0%,9.53
kippa ring postcode,0,85,0%,9.66
2300 postcode,0,85,0%,9.72
burleigh heads postcode,0,85,0%,9.72
moreyfield postcode,0,85,0%,9.78
bendigo postcode,0,85,0%,9.8
greenfield park postcode,0,85,0%,10.05
murray bridge postcode,0,85,0%,10.99
how much can i borrow,0,85,0%,21.81
rentvesting australia,0,85,0%,81.13
property investment yield calculator,0,85,0%,81.2
normanton postcode,0,84,0%,7.76
3351 postcode,0,84,0%,8.81
lightning ridge post code,0,84,0%,8.96
summer hill post code,0,84,0%,9.17
gepps cross post code,0,84,0%,9.65
fyshwick post code,0,84,0%,10.37
investment yield calculator,0,84,0%,87.9
3047 postcode,0,83,0%,5.71
4118,0,83,0%,6.87
banksia postcode,0,83,0%,6.87
pascoe vale postcode,0,83,0%,8.48
3666,0,83,0%,8.59
mount annan postcode,0,83,0%,8.88
bellbird postcode,0,83,0%,9.13
campbelltown postcode,0,83,0%,10.65
2232 postcode,0,83,0%,11.23
how to work out property yield calculator,0,83,0%,83.66
swansea postcode,0,82,0%,7.87
yatala postcode,0,82,0%,8.16
halls creek postcode,0,82,0%,8.33
dubbo post code,0,82,0%,8.49
yea postcode,0,82,0%,8.83
post code 4226,0,82,0%,9.3
morwell postcode,0,82,0%,9.44
gymea postcode,0,82,0%,9.59
postcode 2026,0,82,0%,10.23
yandina postcode,0,82,0%,11.33
mornington postcode,0,81,0%,7.31
postcode for buderim qld,0,81,0%,7.8
teneriffe post code,0,81,0%,9.53
ferntree gully postcode,0,81,0%,10.46
boondall average property price,0,81,0%,24.7
how to buy property,0,81,0%,69.2
rental income yield calculator,0,81,0%,72.41
glynde postcode,0,80,0%,7.94
moorabbin postcode,0,80,0%,8.64
2026 postcode,0,80,0%,8.75
peachester postcode,0,80,0%,9.01
newcastle east postcode,0,80,0%,9.51
nowra postcode,0,80,0%,11.85
morayfield property market,0,80,0%,23.01
australia best suburbs,0,80,0%,27.61
selling your house,0,80,0%,78.28
guanaba postcode,0,79,0%,6.18
ringwood postcode,0,79,0%,7.1
waterloo postcode,0,79,0%,9.19
pooraka postcode,0,79,0%,9.29
postcode 2830,0,79,0%,9.66
2068 postcode,0,79,0%,9.81
beenleigh post code,0,79,0%,10.37
morayfield postcode qld,0,79,0%,10.73
buying house australia,0,79,0%,71.59
investment property yield calculator,0,79,0%,87.99
highgate post code,0,78,0%,7.82
calliope postcode,0,78,0%,8.14
5070 postcode,0,78,0%,9.14
gosford post code,0,78,0%,9.62
ormeau postcode,0,78,0%,9.69
eagle vale postcode,0,78,0%,10.04
ingleburn postcode,0,78,0%,10.81
bondi post code,0,78,0%,13.58
23 josebury road tarneit vic 3029,0,78,0%,14.31
smithfield qld postcode,0,77,0%,7.51
happy valley postcode,0,77,0%,7.55
ryde postcode,0,77,0%,7.55
kew postcode,0,77,0%,8.78
4129 postcode,0,77,0%,8.91
4120 postcode,0,77,0%,9.51
"centre of excellence in agricultural education school suburb state 
australia address",0,77,0%,9.56
wagga postcode,0,77,0%,10.44
4227 postcode,0,77,0%,11.31
rental yield calculator,0,77,0%,59.96
spring farm post code,0,76,0%,6.29
malvern postcode,0,76,0%,7.76
newport postcode,0,76,0%,8.03
the junction postcode,0,76,0%,8.04
4217 post code,0,76,0%,8.47
unanderra postcode,0,76,0%,8.59
huntingwood postcode,0,76,0%,9.29
calculate rental yield perth,0,76,0%,81.09
dutton park postcode,0,75,0%,6.05
bushmead postcode,0,75,0%,8.27
surfers paradise qld postcode,0,75,0%,8.65
beaconsfield postcode,0,75,0%,8.84
greenvale postcode,0,75,0%,9.12
postcode hawthorn east,0,75,0%,9.68
hervey bay postcode qld,0,75,0%,10.09
postcode chermside,0,75,0%,10.27
postcode liverpool,0,75,0%,10.29
robina postcode,0,75,0%,11.08
footscray postcode,0,75,0%,11.48
yield on rental property calculator,0,75,0%,83.01
the rocks postcode,0,74,0%,6.8
postcode taigum,0,74,0%,7
kawungan postcode,0,74,0%,8.08
lalor postcode,0,74,0%,8.23
rivervale wa postcode,0,74,0%,9.19
toowong postcode,0,74,0%,10.11
carlton postcode,0,74,0%,10.73
mount barker postcode,0,74,0%,11
home loan borrowing calculator,0,74,0%,22.82
negative gearing australia,0,74,0%,85.95
4869 postcode,0,73,0%,8.71
3151 postcode,0,73,0%,8.92
southport postcode,0,73,0%,10.11
broken hill post code,0,73,0%,10.42
werrington downs postcode,0,73,0%,11.1
postcode for morayfield qld,0,73,0%,11.16
4817 postcode,0,72,0%,5.97
heidelberg postcode,0,72,0%,8.1
rochester post code,0,72,0%,8.19
carindale postcode,0,72,0%,8.33
capalaba postcode,0,72,0%,8.81
glenelg postcode,0,72,0%,9.15
cannington post code,0,72,0%,9.39
postcode hervey bay,0,72,0%,10.06
heatherton postcode,0,72,0%,10.29
rental appraisal port hedland,0,72,0%,25.14
yield calculation property,0,72,0%,83.65
greensborough postcode,0,71,0%,6.79
kyogle postcode,0,71,0%,7.72
arundel postcode qld,0,71,0%,8.06
moorebank nsw postcode,0,71,0%,8.38
ingham postcode,0,71,0%,9.18
cremorne postcode,0,71,0%,10.11
red hill act post code,0,71,0%,10.27
home price guide,0,71,0%,30.3
mortgage brokers baldersleigh,0,71,0%,51.97
how to buy a property,0,71,0%,79.38
canley vale postcode,0,70,0%,5.96
charlestown post code,0,70,0%,7.07
westmead postcode,0,70,0%,7.21
hopetoun postcode,0,70,0%,7.24
green valley postcode,0,70,0%,9.03
4553 postcode,0,70,0%,10.07
1/68 coates street mount louisa qld 4814,0,70,0%,16.49
3188 postcode,0,69,0%,8.32
dongara post code,0,69,0%,8.38
surfer paradise post code,0,69,0%,8.45
tullamarine postcode,0,69,0%,8.71
2028 postcode,0,69,0%,9.49
carrum downs postcode,0,69,0%,9.49
rentvesting,0,69,0%,80.51
sebastopol postcode,0,68,0%,7.47
malvern east postcode,0,68,0%,7.69
gilston postcode,0,68,0%,8
postcode 2141,0,68,0%,8.47
postcode of surfers paradise,0,68,0%,8.81
strathfield postcode,0,68,0%,9.09
postcode erskineville,0,68,0%,9.26
parkwood postcode,0,68,0%,9.54
postcode 3124,0,68,0%,9.78
6101 postcode,0,68,0%,10.16
2099 postcode,0,68,0%,10.4
paddington postcode,0,68,0%,10.97
postcode bondi,0,68,0%,12.04
how much can i borrow home loan,0,68,0%,24.78
morayfield property growth,0,68,0%,25.4
reid postcode,0,67,0%,7.22
ashgrove postcode,0,67,0%,7.48
mt gambier post code,0,67,0%,8.06
wyndham vale postcode,0,67,0%,8.09
liverpool post code,0,67,0%,9.1
post code 4217,0,67,0%,9.15
5061 postcode,0,67,0%,9.3
postcode airlie beach,0,67,0%,9.6
kirra postcode,0,67,0%,9.64
peakhurst postcode,0,67,0%,9.97
sherwood hills christian school school suburb state australia address,0,67,0%,10.48
6765 postcode,0,67,0%,11.42
mortgage brokers arrowsmith east,0,67,0%,25.57
nedlands rental investment,0,67,0%,26.88
work out rental yield calculator,0,67,0%,73.3
yarrabilba postcode,0,66,0%,6.59
macquarie hills postcode,0,66,0%,8.14
leederville postcode,0,66,0%,8.52
broadmeadows postcode,0,66,0%,8.71
taren point postcode,0,66,0%,9.56
6208 postcode,0,66,0%,9.58
angle vale post code,0,66,0%,9.67
belconnen post code,0,66,0%,9.85
burnett heads postcode,0,66,0%,10.02
2204 postcode,0,66,0%,10.76
south penrith postcode,0,66,0%,10.95
brighton sa rental yield,0,66,0%,32.48
bankstown property appraisal,0,66,0%,53.11
how to sell my house,0,66,0%,69.3
rouse hill post code,0,65,0%,7.52
charlestown nsw postcode,0,65,0%,8.23
logan reserve postcode,0,65,0%,8.88
gold coast postcode surfers paradise,0,65,0%,9.48
prestons nsw postcode,0,65,0%,10.02
oakleigh south postcode,0,65,0%,10.2
3500 postcode,0,65,0%,10.55
4007 postcode,0,65,0%,11.8
bondi median house price,0,65,0%,45.74
3184 postcode,0,64,0%,4.55
tullimbar postcode,0,64,0%,6.67
warwick postcode,0,64,0%,7.14
caringbah postcode,0,64,0%,9.91
springwood nsw postcode,0,64,0%,10.78
wingfield postcode,0,63,0%,6.13
tomakin postcode,0,63,0%,7.98
eastwood postcode,0,63,0%,8
langwarrin postcode,0,63,0%,8.46
mount helena postcode,0,63,0%,8.56
surfers paradise gold coast postcode,0,63,0%,8.78
kingsbury postcode,0,63,0%,9.38
carlingford postcode,0,63,0%,9.56
postcode 3123,0,63,0%,9.63
114 shady hills view bullsbrook,0,63,0%,9.71
postcode 4605,0,63,0%,10.48
4069 postcode,0,63,0%,10.84
postcode morayfield qld,0,63,0%,11.78
calculate rental return,0,63,0%,92.65
clifton postcode,0,62,0%,7.37
broadwater postcode,0,62,0%,7.44
narrabri post code,0,62,0%,7.95
springfield post code,0,62,0%,8
swansea nsw postcode,0,62,0%,8.52
erskinville postcode,0,62,0%,8.69
beaumaris post code,0,62,0%,8.87
rivervale post code,0,62,0%,9.42
derby wa postcode,0,62,0%,9.5
postcode mandurah,0,62,0%,9.94
minto postcode,0,62,0%,10.53
114 shady hills bullsbrook,0,62,0%,10.55
taralga population,0,62,0%,10.56
regents park postcode,0,62,0%,12.4
12-32 oxford street burwood nsw 2134,0,62,0%,18.94
darch rental investment,0,62,0%,23.97
best suburbs to live in australia,0,62,0%,44.45
property yield,0,62,0%,80.15
calculate rental income,0,62,0%,86.47
rental house investment calculator,0,62,0%,87.44
postcode 2043 nsw,0,61,0%,6.67
smithfield post code,0,61,0%,6.79
longford postcode,0,61,0%,7.48
taigum qld postcode,0,61,0%,7.49
boronia postcode,0,61,0%,7.51
bundoora postcode,0,61,0%,7.77
west end postcode,0,61,0%,8.62
postcode 2017,0,61,0%,8.64
yandina creek postcode,0,61,0%,9.18
3912 postcode,0,61,0%,9.25
narara postcode,0,61,0%,9.8
lilydale vic postcode,0,61,0%,9.95
6210 postcode,0,61,0%,10.85
buderim postcode 4556,0,61,0%,10.89
echuca postcode,0,61,0%,11.79
churchlands rental investment,0,61,0%,19.85
mortgage brokers crooked brook,0,61,0%,29.98
maryland postcode nsw,0,60,0%,8.03
loganholme post code,0,60,0%,8.1
yass postcode,0,60,0%,8.57
2094 postcode,0,60,0%,8.77
postcode for toorak,0,60,0%,8.8
cannonvale postcode,0,60,0%,10.72
canberra property market value report,0,60,0%,64.45
balwyn north,0,60,0%,69.05
denman postcode,0,59,0%,7.85
sunnybank postcode,0,59,0%,8.51
enoggera post code,0,59,0%,8.61
2075 postcode,0,59,0%,8.63
3978 postcode,0,59,0%,8.69
goulburn postcode,0,59,0%,8.9
liverpool postcode,0,59,0%,9
postcode surfers paradise qld,0,59,0%,9.1
boyanup postcode,0,59,0%,9.2
mclaren vale postcode,0,59,0%,9.51
prospect postcode,0,59,0%,9.92
double bay postcode,0,59,0%,10.92
rental income calculator,0,59,0%,71.92
qld stamp duty calculator first home buyer,0,59,0%,92.54
holder postcode,0,58,0%,5.59
bicheno postcode,0,58,0%,6.38
parrearra postcode,0,58,0%,6.55
altona postcode,0,58,0%,6.76
manly vale postcode,0,58,0%,7.62
st andrews postcode,0,58,0%,7.64
carlton north postcode,0,58,0%,8.57
douglas qld postcode,0,58,0%,9.38
postcode 3142,0,58,0%,9.95
morayfeild post code,0,58,0%,10
north kellyville postcode,0,58,0%,10.14
cronulla median house price,0,58,0%,17.93
landsdale rental investment,0,58,0%,22.16
joondalup rental investment,0,58,0%,37.02
suburb advice,0,58,0%,48.02
how to purchase property,0,58,0%,69.12
rental property profit calculator,0,58,0%,90.48
south yarra post code,0,57,0%,6.56
dongara postcode,0,57,0%,7.04
merriwa postcode,0,57,0%,7.67
port kembla post code,0,57,0%,8.14
penshurst post code,0,57,0%,8.44
pimpama postcode,0,57,0%,8.68
altona north postcode,0,57,0%,9.3
4575 postcode,0,57,0%,9.49
prestons postcode nsw,0,57,0%,9.6
springfield qld postcode,0,57,0%,9.72
kew east postcode,0,57,0%,10.12
garran postcode,0,57,0%,10.47
rosebud postcode,0,57,0%,12.05
2750 postcode,0,57,0%,13.16
mortgage borrowing calculator,0,57,0%,22.28
rental estimate canberra,0,57,0%,53.3
laverton north postcode,0,56,0%,7.77
postcode highgate,0,56,0%,8.5
youngtown postcode,0,56,0%,9.64
punchbowl postcode,0,56,0%,10.09
red hill postcode,0,56,0%,10.14
cooma postcode,0,56,0%,10.75
clyde vic postcode,0,56,0%,10.84
1/1 bowen street st helens tas 7216,0,56,0%,17.27
airlie beach population,0,56,0%,18.59
floreat rental investment,0,56,0%,25.71
real estate charges to sell a house,0,56,0%,71.91
caulfield postcode,0,55,0%,7.25
bowral postcode,0,55,0%,7.6
2073 postcode,0,55,0%,8.09
secret harbour postcode,0,55,0%,8.11
bogangar postcode,0,55,0%,8.31
maylands postcode,0,55,0%,8.67
lawnton postcode,0,55,0%,8.95
toorak melbourne postcode,0,55,0%,9.07
postcode 2564,0,55,0%,9.31
3082 postcode,0,55,0%,9.58
mortgage brokers bete bolong,0,55,0%,14.95
canberra property value estimate,0,55,0%,74.65
bridport postcode,0,54,0%,6.44
4013 postcode,0,54,0%,7.59
darling point post code,0,54,0%,7.81
dirranbandi postcode,0,54,0%,8
morley postcode,0,54,0%,8.3
merrijig postcode,0,54,0%,8.31
postcode buderim qld,0,54,0%,8.85
scoresby postcode,0,54,0%,8.96
airlie beach postal code,0,54,0%,9.06
post code 4556,0,54,0%,9.15
glendenning postcode,0,54,0%,9.74
3004 postcode,0,54,0%,9.85
north willoughby post code,0,54,0%,9.98
2713 postcode,0,54,0%,10.06
4019 postcode,0,54,0%,10.57
postcode lilydale,0,54,0%,10.67
sarina postcode,0,54,0%,10.8
airlie beach property market,0,54,0%,27.63
first home buyer guide - nsw government schemes,0,54,0%,32.43
fee structure for home staging,0,54,0%,83.33
negative gearing,0,54,0%,93.94
seymour postcode,0,53,0%,6.43
ocean reef postcode,0,53,0%,7.11
young post code,0,53,0%,7.32
marcoola post code,0,53,0%,7.47
gawler east postcode,0,53,0%,7.7
bargo postcode,0,53,0%,7.85
chelsea heights postcode,0,53,0%,8.25
norman park postcode,0,53,0%,8.32
cowra post code,0,53,0%,8.62
indooroopilly postcode,0,53,0%,8.74
rochester victoria postcode,0,53,0%,9.19
south townsville postcode,0,53,0%,9.21
noosaville post code,0,53,0%,9.38
preston postcode,0,53,0%,10.47
2567 postcode,0,53,0%,10.49
willoughby post code,0,53,0%,10.7
renovation calculator australia,0,53,0%,80.11
property purchase process,0,53,0%,85.98
2834 postcode,0,52,0%,7.1
pascoe vale south postcode,0,52,0%,7.67
2106 postcode,0,52,0%,7.77
postcode for taigum,0,52,0%,7.96
maddington postcode,0,52,0%,8.13
newtown postcode,0,52,0%,8.27
hay postcode,0,52,0%,8.37
cable beach post code,0,52,0%,8.44
tottenham postcode,0,52,0%,8.46
hamilton postcode qld,0,52,0%,8.9
castlecrag postcode,0,52,0%,9.13
oran park postcode,0,52,0%,9.6
3139 postcode,0,52,0%,9.73
burleigh waters postcode,0,52,0%,9.73
st ives postcode,0,52,0%,9.75
thirroul post code,0,52,0%,9.79
douglas townsville postcode,0,52,0%,9.98
6168 postcode,0,52,0%,10.17
browns plain postcode,0,52,0%,10.38
postcode 2137,0,52,0%,10.58
dapto rental market,0,52,0%,24.08
30000 renovation budget,0,52,0%,68.12
real estate definitions,0,52,0%,76.56
steps to buying property,0,52,0%,79.25
what is the process of buying a house in australia,0,52,0%,80.77
renovation estimator australia,0,52,0%,88.46
leonay postcode,0,51,0%,5.84
ashfield postcode,0,51,0%,7.02
east geelong postcode,0,51,0%,7.16
milton postcode,0,51,0%,7.41
mernda postcode,0,51,0%,7.53
williams postcode,0,51,0%,7.75
euroa post code,0,51,0%,8.27
postcode albury nsw,0,51,0%,8.39
2227 postcode,0,51,0%,8.45
charters towers postcode,0,51,0%,9
mooroolbark postcode,0,51,0%,9.1
2156 postcode,0,51,0%,9.41
4218 postcode,0,51,0%,10.29
dorrigo postcode,0,51,0%,10.35
mildura postcode,0,51,0%,10.82
ironside primary school catchment area,0,51,0%,23.94
hawthorn median house price,0,51,0%,25.49
property management murdoch,0,51,0%,37.59
"rental yields in mount gambier, sa",0,51,0%,50.69
conveyancer,0,51,0%,63.84
steps to buying a property,0,51,0%,90.73
investment property return calculator,0,51,0%,93.96
landsdale postcode,0,50,0%,6.6
warilla postcode,0,50,0%,6.6
charlestown postcode nsw,0,50,0%,7.3
lara postcode,0,50,0%,7.7
mundaring post code,0,50,0%,8.18
catherine hill bay post code,0,50,0%,8.78
highett postcode,0,50,0%,9.06
stafford postcode,0,50,0%,9.12
2095 postcode,0,50,0%,9.46
4005,0,50,0%,9.48
3723 postcode,0,50,0%,9.54
morayfeild postcode,0,50,0%,9.6
renmark post code,0,50,0%,9.6
witchcliffe post code,0,50,0%,9.72
woodvale post code,0,50,0%,9.9
diamond creek postcode,0,50,0%,9.96
gulgong postcode,0,50,0%,10.3
robina post code,0,50,0%,10.8
morayfield capital growth,0,50,0%,20.68
innaloo rental investment,0,50,0%,32.68
how to buy a house in australia,0,50,0%,65.68
watergardens post code,0,49,0%,7
gymea bay postcode,0,49,0%,7.08
queanbeyan west postcode,0,49,0%,8.12
6008 postcode,0,49,0%,8.29
tungamah postcode,0,49,0%,8.61
4067 postcode,0,49,0%,8.71
northgate qld postcode,0,49,0%,8.76
roxburgh park postcode,0,49,0%,9.1
"hamilton, qld postcode",0,49,0%,9.31
berrigan postcode,0,49,0%,9.35
penrith postcode nsw,0,49,0%,9.39
postcode 3140,0,49,0%,9.71
flinders view postcode,0,49,0%,10.61
postcode karratha,0,49,0%,10.82
buying a house in australia,0,49,0%,66.39
terms to know when buying a house,0,49,0%,92.61
deanside postcode,0,48,0%,7.12
postcode arundel qld,0,48,0%,7.96
port melbourne post code,0,48,0%,8.23
postcode for arundel,0,48,0%,8.4
taree post code,0,48,0%,8.46
dunolly postcode,0,48,0%,8.77
junction village postcode,0,48,0%,9.02
kuranda postcode,0,48,0%,9.48
forestville postcode,0,48,0%,9.6
6285 postcode,0,48,0%,9.69
tingalpa post code,0,48,0%,9.77
2370 postcode,0,48,0%,9.9
merrigum postcode,0,48,0%,10.12
south lake suburb profile,0,48,0%,29.65
how much can i borrow personal loan,0,48,0%,31.56
mortgage brokers atitjere,0,48,0%,59.96
purchasing property,0,48,0%,79.92
mitchell qld postcode,0,47,0%,6.51
wilcannia postcode,0,47,0%,7.6
plumpton postcode,0,47,0%,7.62
postcode cronulla,0,47,0%,7.83
urangan postcode,0,47,0%,7.89
hay nsw postcode,0,47,0%,8.17
post code toorak,0,47,0%,8.32
taree postcode nsw,0,47,0%,8.38
eagleby postcode,0,47,0%,8.43
georgetown postcode,0,47,0%,8.51
wynnum west post code,0,47,0%,8.72
smithfield cairns postcode,0,47,0%,9.06
kelmscott postcode,0,47,0%,9.26
2502 postcode,0,47,0%,9.47
2446 postcode,0,47,0%,9.49
gulgong post code,0,47,0%,9.64
hughes post code,0,47,0%,9.64
cairns postcode,0,47,0%,9.79
4000 postcode,0,47,0%,9.98
lutana postcode,0,47,0%,10.21
rockdale postcode,0,47,0%,11.45
hilbert suburb profile,0,47,0%,41.64
rental appraisal act,0,47,0%,45.87
property buying process in victoria,0,47,0%,77.06
coldstream postcode,0,46,0%,7.17
cumbalum postcode,0,46,0%,7.7
coral bay postcode,0,46,0%,7.8
st kilda east postcode,0,46,0%,8.07
postcode 2539,0,46,0%,8.78
bli bli post code,0,46,0%,8.98
yagoona postcode,0,46,0%,9.09
eaglehawk post code,0,46,0%,9.11
merrimac post code,0,46,0%,9.24
east albury postcode,0,46,0%,9.33
newcastle postcode,0,46,0%,9.72
2017 postcode,0,46,0%,9.78
6148 postcode,0,46,0%,9.96
4173 postcode,0,46,0%,9.98
2077 postcode,0,46,0%,10.04
tumby bay post code,0,46,0%,10.39