keyword,ai_search_volume,ai_monthly
real estate agents,10942,2026-8:10942;2026-7:10095;2026-6:10221;2026-5:12269;2026-4:12159;2026-3:12278
real estate agent,10942,2026-8:10942;2026-7:10095;2026-6:10221;2026-5:12269;2026-4:12159;2026-3:12278
how much is a mortgage,8229,2026-8:8229;2026-7:8870;2026-6:10878;2026-5:15793;2026-4:16145;2026-3:15646
selling a house,7741,2026-8:7741;2026-7:8312;2026-6:9111;2026-5:9843;2026-4:8508;2026-3:8189
to sell a house,7741,2026-8:7741;2026-7:8312;2026-6:9111;2026-5:9843;2026-4:8508;2026-3:8189
how to buy a house,6487,2026-8:6487;2026-7:7501;2026-6:7704;2026-5:11182;2026-4:10551;2026-3:9817
conveyancer,5640,2026-8:5640;2026-7:6041;2026-6:6783;2026-5:8620;2026-4:8474;2026-3:8472
how to buy a house in australia,5245,2026-8:5245;2026-7:6347;2026-6:6499;2026-5:9699;2026-4:9049;2026-3:8175
how to buy a house australia,5245,2026-8:5245;2026-7:6347;2026-6:6499;2026-5:9699;2026-4:9049;2026-3:8175
how to buy house in australia,5245,2026-8:5245;2026-7:6347;2026-6:6499;2026-5:9699;2026-4:9049;2026-3:8175
how do you buy a house in australia,5114,2026-8:5114;2026-7:6188;2026-6:6328;2026-5:9456;2026-4:8781;2026-3:7787
selling a home,2665,2026-8:2665;2026-7:3554;2026-6:3894;2026-5:4011;2026-4:2581;2026-3:2279
selling home,2665,2026-8:2665;2026-7:3554;2026-6:3894;2026-5:4011;2026-4:2581;2026-3:2279
selling a house in australia,2579,2026-8:2579;2026-7:3216;2026-6:3327;2026-5:3284;2026-4:2392;2026-3:2493
sell house in australia,2579,2026-8:2579;2026-7:3216;2026-6:3327;2026-5:3284;2026-4:2392;2026-3:2493
selling house australia,2579,2026-8:2579;2026-7:3216;2026-6:3327;2026-5:3284;2026-4:2392;2026-3:2493
sell house australia,2579,2026-8:2579;2026-7:3216;2026-6:3327;2026-5:3284;2026-4:2392;2026-3:2493
selling houses in australia,2579,2026-8:2579;2026-7:3216;2026-6:3327;2026-5:3284;2026-4:2392;2026-3:2493
renovation costs,2008,2026-8:2008;2026-7:1959;2026-6:2104;2026-5:2679;2026-4:3100;2026-3:3818
cost of renovating,2008,2026-8:2008;2026-7:1959;2026-6:2104;2026-5:2679;2026-4:3100;2026-3:3818
renovation cost,2008,2026-8:2008;2026-7:1959;2026-6:2104;2026-5:2679;2026-4:3100;2026-3:3818
cost of renovation,2008,2026-8:2008;2026-7:1959;2026-6:2104;2026-5:2679;2026-4:3100;2026-3:3818
how to sell a house,1842,2026-8:1842;2026-7:2886;2026-6:3079;2026-5:2957;2026-4:1761;2026-3:1686
how to sell house,1842,2026-8:1842;2026-7:2886;2026-6:3079;2026-5:2957;2026-4:1761;2026-3:1686
how much can i afford,1546,2026-8:1546;2026-7:1044;2026-6:242;2026-5:799;2026-4:2194;2026-3:2918
how much borrow,1312,2026-8:1312;2026-7:1351;2026-6:1349;2026-5:1621;2026-4:1622;2026-3:1952
top suburbs,1193,2026-8:1193;2026-7:775;2026-6:687;2026-5:737;2026-4:597;2026-3:448
appraisal,1173,2026-8:1173;2026-7:1397;2026-6:1505;2026-5:1940;2026-4:1974;2026-3:2055
how much can borrow,1074,2026-8:1074;2026-7:1118;2026-6:1141;2026-5:1426;2026-4:1434;2026-3:1714
stamp duty qld,1025,2026-8:1025;2026-7:1137;2026-6:1178;2026-5:1524;2026-4:1410;2026-3:1422
stamp duty in qld,1025,2026-8:1025;2026-7:1137;2026-6:1178;2026-5:1524;2026-4:1410;2026-3:1422
qld stamp duty,1025,2026-8:1025;2026-7:1137;2026-6:1178;2026-5:1524;2026-4:1410;2026-3:1422
how much does a renovation cost,989,2026-8:989;2026-7:1117;2026-6:1202;2026-5:1692;2026-4:2031;2026-3:2577
how much does it cost to renovate,989,2026-8:989;2026-7:1117;2026-6:1202;2026-5:1692;2026-4:2031;2026-3:2577
buy property in australia,919,2026-8:919;2026-7:858;2026-6:904;2026-5:1423;2026-4:1760;2026-3:2389
how much can i borrow,806,2026-8:806;2026-7:814;2026-6:806;2026-5:987;2026-4:1001;2026-3:1240
how much i can borrow,806,2026-8:806;2026-7:814;2026-6:806;2026-5:987;2026-4:1001;2026-3:1240
selling my house,784,2026-8:784;2026-7:721;2026-6:595;2026-5:711;2026-4:677;2026-3:856
renovation cost australia,742,2026-8:742;2026-7:716;2026-6:763;2026-5:986;2026-4:1270;2026-3:1546
average renovation cost,641,2026-8:641;2026-7:609;2026-6:657;2026-5:737;2026-4:772;2026-3:854
bridging loan,620,2026-8:620;2026-7:588;2026-6:728;2026-5:910;2026-4:905;2026-3:948
bridging loans,620,2026-8:620;2026-7:588;2026-6:728;2026-5:910;2026-4:905;2026-3:948
stamp duty australia,526,2026-8:526;2026-7:676;2026-6:803;2026-5:960;2026-4:878;2026-3:854
sell my house australia,515,2026-8:515;2026-7:456;2026-6:301;2026-5:344;2026-4:348;2026-3:499
how to buy property,503,2026-8:503;2026-7:620;2026-6:569;2026-5:665;2026-4:508;2026-3:507
how to buy a property,503,2026-8:503;2026-7:620;2026-6:569;2026-5:665;2026-4:508;2026-3:507
selling your house,471,2026-8:471;2026-7:647;2026-6:672;2026-5:724;2026-4:480;2026-3:423
agent fees,441,2026-8:441;2026-7:433;2026-6:510;2026-5:590;2026-4:602;2026-3:577
how much is stamp duty in qld,407,2026-8:407;2026-7:434;2026-6:433;2026-5:568;2026-4:505;2026-3:503
how much to sell a house,397,2026-8:397;2026-7:493;2026-6:521;2026-5:534;2026-4:464;2026-3:451
perth house prices,391,2026-8:391;2026-7:446;2026-6:645;2026-5:925;2026-4:992;2026-3:1036
how much loan will i get,389,2026-8:389;2026-7:397;2026-6:643;2026-5:1348;2026-4:1308;2026-3:1090
best suburbs in perth,363,2026-8:363;2026-7:269;2026-6:274;2026-5:386;2026-4:420;2026-3:441
real estate commission,343,2026-8:343;2026-7:334;2026-6:273;2026-5:294;2026-4:265;2026-3:266
commission real estate,343,2026-8:343;2026-7:334;2026-6:273;2026-5:294;2026-4:265;2026-3:266
no commission real estate,343,2026-8:343;2026-7:334;2026-6:273;2026-5:294;2026-4:265;2026-3:266
mortgage calculator,336,2026-8:336;2026-7:334;2026-6:283;2026-5:320;2026-4:321;2026-3:331
fees for selling a house,323,2026-8:323;2026-7:229;2026-6:203;2026-5:205;2026-4:191;2026-3:167
fees of selling a house,323,2026-8:323;2026-7:229;2026-6:203;2026-5:205;2026-4:191;2026-3:167
property management fees,295,2026-8:295;2026-7:385;2026-6:417;2026-5:507;2026-4:481;2026-3:486
cost of renovating house,285,2026-8:285;2026-7:241;2026-6:267;2026-5:366;2026-4:500;2026-3:698
cost of renovating a house,285,2026-8:285;2026-7:241;2026-6:267;2026-5:366;2026-4:500;2026-3:698
house renovation cost,285,2026-8:285;2026-7:241;2026-6:267;2026-5:366;2026-4:500;2026-3:698
house renovation costs,285,2026-8:285;2026-7:241;2026-6:267;2026-5:366;2026-4:500;2026-3:698
how to buy property in australia,282,2026-8:282;2026-7:393;2026-6:337;2026-5:364;2026-4:203;2026-3:183
selling a house in qld,282,2026-8:282;2026-7:265;2026-6:270;2026-5:328;2026-4:320;2026-3:346
yield calculator,250,2026-8:250;2026-7:297;2026-6:251;2026-5:295;2026-4:321;2026-3:359
how much does it cost to renovate a house,228,2026-8:228;2026-7:239;2026-6:262;2026-5:360;2026-4:488;2026-3:680
how much will it cost to renovate a house,228,2026-8:228;2026-7:241;2026-6:265;2026-5:364;2026-4:492;2026-3:683
how to calculate mortgage,221,2026-8:221;2026-7:203;2026-6:177;2026-5:206;2026-4:212;2026-3:215
real estate agent commission,215,2026-8:215;2026-7:226;2026-6:180;2026-5:182;2026-4:150;2026-3:165
real estate agent commissions,215,2026-8:215;2026-7:226;2026-6:180;2026-5:182;2026-4:150;2026-3:165
real estate agents commission,215,2026-8:215;2026-7:226;2026-6:180;2026-5:182;2026-4:150;2026-3:165
how to find a real estate agent,209,2026-8:209;2026-7:210;2026-6:172;2026-5:188;2026-4:159;2026-3:156
how to sell a property,206,2026-8:206;2026-7:273;2026-6:279;2026-5:406;2026-4:444;2026-3:525
how to sell my house,205,2026-8:205;2026-7:189;2026-6:142;2026-5:174;2026-4:182;2026-3:202
building and pest inspection cost,203,2026-8:203;2026-7:150;2026-6:190;2026-5:260;2026-4:310;2026-3:365
capital gain on investment property,186,2026-8:186;2026-7:206;2026-6:209;2026-5:305;2026-4:309;2026-3:320
how do i sell my house,183,2026-8:183;2026-7:183;2026-6:130;2026-5:163;2026-4:171;2026-3:193
selling property in australia,176,2026-8:176;2026-7:185;2026-6:202;2026-5:244;2026-4:248;2026-3:287
selling your home,175,2026-8:175;2026-7:136;2026-6:209;2026-5:283;2026-4:279;2026-3:277
how much deposit do i need to buy a house,174,2026-8:174;2026-7:165;2026-6:161;2026-5:216;2026-4:236;2026-3:219
median house price by suburb,171,2026-8:171;2026-7:150;2026-6:174;2026-5:160;2026-4:173;2026-3:142
median house prices by suburb,171,2026-8:171;2026-7:150;2026-6:174;2026-5:160;2026-4:173;2026-3:142
capital gains tax on investment property,160,2026-8:160;2026-7:182;2026-6:187;2026-5:282;2026-4:286;2026-3:301
renovation cost melbourne,158,2026-8:158;2026-7:123;2026-6:124;2026-5:158;2026-4:158;2026-3:167
remodeling cost,156,2026-8:156;2026-7:171;2026-6:210;2026-5:260;2026-4:240;2026-3:242
what is a real estate agents commission,148,2026-8:148;2026-7:180;2026-6:152;2026-5:156;2026-4:127;2026-3:123
queensland stamp duty,146,2026-8:146;2026-7:118;2026-6:163;2026-5:213;2026-4:226;2026-3:259
estate agent fees,142,2026-8:142;2026-7:179;2026-6:234;2026-5:227;2026-4:172;2026-3:104
perth property prices,135,2026-8:135;2026-7:88;2026-6:149;2026-5:192;2026-4:181;2026-3:158
capital gains tax calculator property,117,2026-8:117;2026-7:151;2026-6:176;2026-5:220;2026-4:160;2026-3:92
bridging loan cost,117,2026-8:117;2026-7:81;2026-6:62;2026-5:41;2026-4:33;2026-3:19
commission calculator,116,2026-8:116;2026-7:111;2026-6:106;2026-5:120;2026-4:104;2026-3:115
how to sell your house,115,2026-8:115;2026-7:264;2026-6:309;2026-5:299;2026-4:178;2026-3:92
capital gains on selling property,108,2026-8:108;2026-7:146;2026-6:154;2026-5:236;2026-4:291;2026-3:316
real estate fees,105,2026-8:105;2026-7:70;2026-6:41;2026-5:24;2026-4:23;2026-3:23
real estate fee,105,2026-8:105;2026-7:70;2026-6:41;2026-5:24;2026-4:23;2026-3:23
capital gains tax selling property,104,2026-8:104;2026-7:138;2026-6:138;2026-5:194;2026-4:221;2026-3:251
capital gains tax on selling property,104,2026-8:104;2026-7:138;2026-6:138;2026-5:194;2026-4:221;2026-3:251
selling property and capital gains tax,104,2026-8:104;2026-7:138;2026-6:138;2026-5:194;2026-4:221;2026-3:251
best suburbs in australia,100,2026-8:100;2026-7:146;2026-6:201;2026-5:288;2026-4:278;2026-3:262
australia best suburbs,100,2026-8:100;2026-7:146;2026-6:201;2026-5:288;2026-4:278;2026-3:262
best suburbs australia,100,2026-8:100;2026-7:146;2026-6:201;2026-5:288;2026-4:278;2026-3:262
best suburb in australia,100,2026-8:100;2026-7:146;2026-6:201;2026-5:288;2026-4:278;2026-3:262
fees when selling a house,99,2026-8:99;2026-7:78;2026-6:67;2026-5:88;2026-4:108;2026-3:112
home loan calculator,98,2026-8:98;2026-7:86;2026-6:74;2026-5:88;2026-4:91;2026-3:108
property appraisal,97,2026-8:97;2026-7:128;2026-6:153;2026-5:198;2026-4:218;2026-3:234
nsw median house price,88,2026-8:88;2026-7:16;2026-6:14;2026-5:13;2026-4:9;2026-3:8
median house price nsw,88,2026-8:88;2026-7:16;2026-6:14;2026-5:13;2026-4:9;2026-3:8
how much is stamp duty wa,83,2026-8:83;2026-7:108;2026-6:114;2026-5:211;2026-4:248;2026-3:279
top suburbs in australia,81,2026-8:81;2026-7:47;2026-6:17;2026-5:19;2026-4:19;2026-3:13
property yield,76,2026-8:76;2026-7:86;2026-6:89;2026-5:117;2026-4:114;2026-3:133
real estate agent cost,76,2026-8:76;2026-7:55;2026-6:59;2026-5:68;2026-4:62;2026-3:67
estate agent costs,76,2026-8:76;2026-7:55;2026-6:59;2026-5:68;2026-4:62;2026-3:67
yield on a property,76,2026-8:76;2026-7:86;2026-6:89;2026-5:117;2026-4:114;2026-3:133
commission on selling a house,75,2026-8:75;2026-7:73;2026-6:59;2026-5:41;2026-4:32;2026-3:14
commission for selling a house,75,2026-8:75;2026-7:73;2026-6:59;2026-5:41;2026-4:32;2026-3:14
commission for selling house,75,2026-8:75;2026-7:73;2026-6:59;2026-5:41;2026-4:32;2026-3:14
first home buyer grant nsw,74,2026-8:74;2026-7:67;2026-6:84;2026-5:111;2026-4:106;2026-3:92
how much can i borrow australia,74,2026-8:74;2026-7:78;2026-6:83;2026-5:92;2026-4:104;2026-3:176
real estate agent fees,73,2026-8:73;2026-7:49;2026-6:17;2026-5:6;2026-4:6;2026-3:9
best real estate agents sydney,73,2026-8:73;2026-7:45;2026-6:11;2026-5:0;2026-4:0;2026-3:0
real estate agents fees,73,2026-8:73;2026-7:49;2026-6:17;2026-5:6;2026-4:6;2026-3:9
real estate agent fee,73,2026-8:73;2026-7:49;2026-6:17;2026-5:6;2026-4:6;2026-3:9
real estate commission australia,73,2026-8:73;2026-7:40;2026-6:20;2026-5:22;2026-4:11;2026-3:8
sell your house privately,70,2026-8:70;2026-7:37;2026-6:26;2026-5:29;2026-4:27;2026-3:43
how to sell a house privately,70,2026-8:70;2026-7:54;2026-6:55;2026-5:82;2026-4:94;2026-3:117
average house price nsw,68,2026-8:68;2026-7:56;2026-6:37;2026-5:59;2026-4:61;2026-3:58
selling a house in queensland,67,2026-8:67;2026-7:49;2026-6:44;2026-5:42;2026-4:13;2026-3:8
stamp duty calculator nsw,65,2026-8:65;2026-7:52;2026-6:45;2026-5:54;2026-4:54;2026-3:50
free property valuation,65,2026-8:65;2026-7:7;2026-6:4;2026-5:16;2026-4:28;2026-3:29
how much is my house worth,60,2026-8:60;2026-7:56;2026-6:37;2026-5:34;2026-4:21;2026-3:38
real estate charges,60,2026-8:60;2026-7:131;2026-6:215;2026-5:262;2026-4:249;2026-3:257
lenders mortgage insurance,57,2026-8:57;2026-7:65;2026-6:71;2026-5:84;2026-4:89;2026-3:111
how much is realtor commission,56,2026-8:56;2026-7:46;2026-6:37;2026-5:25;2026-4:17;2026-3:1
home staging cost,55,2026-8:55;2026-7:82;2026-6:123;2026-5:132;2026-4:85;2026-3:53
borrowing calculator,55,2026-8:55;2026-7:45;2026-6:28;2026-5:32;2026-4:38;2026-3:64
how much home loan can i get,55,2026-8:55;2026-7:80;2026-6:75;2026-5:71;2026-4:40;2026-3:29
borrow calculator,55,2026-8:55;2026-7:45;2026-6:28;2026-5:32;2026-4:38;2026-3:64
real estate agent percentage,55,2026-8:55;2026-7:122;2026-6:195;2026-5:244;2026-4:215;2026-3:235
stamp duty calculator wa,54,2026-8:54;2026-7:46;2026-6:46;2026-5:45;2026-4:86;2026-3:110
how much is real estate commission,54,2026-8:54;2026-7:35;2026-6:18;2026-5:9;2026-4:4;2026-3:8
how much is a real estate commission,54,2026-8:54;2026-7:35;2026-6:18;2026-5:9;2026-4:4;2026-3:8
how much real estate commission,54,2026-8:54;2026-7:35;2026-6:18;2026-5:9;2026-4:4;2026-3:8
rental property calculator,53,2026-8:53;2026-7:52;2026-6:56;2026-5:60;2026-4:54;2026-3:62
how much is real estate agent commission,53,2026-8:53;2026-7:35;2026-6:18;2026-5:9;2026-4:4;2026-3:8
how to choose a real estate agent,51,2026-8:51;2026-7:27;2026-6:32;2026-5:38;2026-4:30;2026-3:26
steps to selling a house,51,2026-8:51;2026-7:53;2026-6:68;2026-5:73;2026-4:58;2026-3:40
400000 mortgage repayments,51,2026-8:51;2026-7:60;2026-6:45;2026-5:75;2026-4:73;2026-3:39
best suburbs to live in australia,49,2026-8:49;2026-7:69;2026-6:87;2026-5:98;2026-4:81;2026-3:78
average real estate commission,49,2026-8:49;2026-7:23;2026-6:8;2026-5:6;2026-4:1;2026-3:0
cost of selling a house,48,2026-8:48;2026-7:57;2026-6:60;2026-5:50;2026-4:32;2026-3:20
cost of selling house,48,2026-8:48;2026-7:57;2026-6:60;2026-5:50;2026-4:32;2026-3:20
house selling costs,48,2026-8:48;2026-7:57;2026-6:60;2026-5:50;2026-4:32;2026-3:20
cost to sell a house,48,2026-8:48;2026-7:57;2026-6:60;2026-5:50;2026-4:32;2026-3:20
selling a house costs,48,2026-8:48;2026-7:57;2026-6:60;2026-5:50;2026-4:32;2026-3:20
selling house costs,48,2026-8:48;2026-7:57;2026-6:60;2026-5:50;2026-4:32;2026-3:20
costs to sell house,48,2026-8:48;2026-7:57;2026-6:60;2026-5:50;2026-4:32;2026-3:20
selling costs for a house,48,2026-8:48;2026-7:57;2026-6:60;2026-5:50;2026-4:32;2026-3:20
reno cost,46,2026-8:46;2026-7:49;2026-6:58;2026-5:74;2026-4:88;2026-3:99
how much can i borrow mortgage,45,2026-8:45;2026-7:55;2026-6:59;2026-5:64;2026-4:50;2026-3:70
real estate commission fees,45,2026-8:45;2026-7:45;2026-6:11;2026-5:0;2026-4:1;2026-3:1
how much i can borrow for mortgage,45,2026-8:45;2026-7:55;2026-6:59;2026-5:64;2026-4:50;2026-3:70
mortgage how much can i borrow,45,2026-8:45;2026-7:55;2026-6:59;2026-5:64;2026-4:50;2026-3:70
capital gains tax changes 2026,44,2026-8:44;2026-7:225;2026-6:279;2026-5:274;2026-4:74;2026-3:3
real estate leads,44,2026-8:44;2026-7:49;2026-6:63;2026-5:86;2026-4:89;2026-3:104
leads for real estate,44,2026-8:44;2026-7:49;2026-6:63;2026-5:86;2026-4:89;2026-3:104
what percentage do real estate agents take,44,2026-8:44;2026-7:45;2026-6:50;2026-5:61;2026-4:57;2026-3:49
first time buyer mortgage,44,2026-8:44;2026-7:48;2026-6:42;2026-5:68;2026-4:80;2026-3:96
how much can i borrow for a home,44,2026-8:44;2026-7:45;2026-6:41;2026-5:59;2026-4:60;2026-3:67
bridging loan interest rate,44,2026-8:44;2026-7:47;2026-6:73;2026-5:94;2026-4:105;2026-3:106
bridging loan interest rates,44,2026-8:44;2026-7:47;2026-6:73;2026-5:94;2026-4:105;2026-3:106
bridging loans australia,43,2026-8:43;2026-7:37;2026-6:42;2026-5:45;2026-4:36;2026-3:48
bridging loan australia,43,2026-8:43;2026-7:37;2026-6:42;2026-5:45;2026-4:36;2026-3:48
stamp duty calculator qld,43,2026-8:43;2026-7:38;2026-6:37;2026-5:38;2026-4:24;2026-3:18
stamp duty qld calculator,43,2026-8:43;2026-7:38;2026-6:37;2026-5:38;2026-4:24;2026-3:18
qld stamp duty calculator,43,2026-8:43;2026-7:38;2026-6:37;2026-5:38;2026-4:24;2026-3:18
cgt on investment property,42,2026-8:42;2026-7:30;2026-6:27;2026-5:36;2026-4:35;2026-3:32
full house renovation cost,42,2026-8:42;2026-7:90;2026-6:109;2026-5:153;2026-4:148;2026-3:166
cgt investment property,42,2026-8:42;2026-7:30;2026-6:27;2026-5:36;2026-4:35;2026-3:32
real estate commission qld,40,2026-8:40;2026-7:42;2026-6:39;2026-5:50;2026-4:52;2026-3:48
qld real estate commission,40,2026-8:40;2026-7:42;2026-6:39;2026-5:50;2026-4:52;2026-3:48
home renovation cost,39,2026-8:39;2026-7:4;2026-6:1;2026-5:3;2026-4:6;2026-3:13
home renovation costs,39,2026-8:39;2026-7:4;2026-6:1;2026-5:3;2026-4:6;2026-3:13
mortgage interest calculator,39,2026-8:39;2026-7:66;2026-6:74;2026-5:78;2026-4:72;2026-3:70
borrowing power,38,2026-8:38;2026-7:41;2026-6:53;2026-5:73;2026-4:84;2026-3:123
lmi calculator,37,2026-8:37;2026-7:39;2026-6:35;2026-5:41;2026-4:50;2026-3:59
how to purchase property,37,2026-8:37;2026-7:54;2026-6:65;2026-5:78;2026-4:53;2026-3:40
calculate investment property,37,2026-8:37;2026-7:50;2026-6:56;2026-5:67;2026-4:49;2026-3:50
investment property calculations,37,2026-8:37;2026-7:50;2026-6:56;2026-5:67;2026-4:49;2026-3:50
calculator for investment property,37,2026-8:37;2026-7:50;2026-6:56;2026-5:67;2026-4:49;2026-3:50
how do you buy property,35,2026-8:35;2026-7:33;2026-6:38;2026-5:48;2026-4:46;2026-3:35
sydney median house price by suburb,33,2026-8:33;2026-7:26;2026-6:32;2026-5:29;2026-4:30;2026-3:31
home staging cost australia,31,2026-8:31;2026-7:36;2026-6:48;2026-5:49;2026-4:30;2026-3:36
real estate commission calculator,30,2026-8:30;2026-7:25;2026-6:22;2026-5:30;2026-4:26;2026-3:36
house and land packages brisbane,30,2026-8:30;2026-7:18;2026-6:8;2026-5:0;2026-4:3;2026-3:12
affordability calculator,28,2026-8:28;2026-7:17;2026-6:14;2026-5:12;2026-4:17;2026-3:19
how much money can i borrow,28,2026-8:28;2026-7:39;2026-6:46;2026-5:67;2026-4:100;2026-3:122
queensland real estate commission,28,2026-8:28;2026-7:2;2026-6:0;2026-5:0;2026-4:0;2026-3:0
how do i buy a house in australia,28,2026-8:28;2026-7:22;2026-6:22;2026-5:34;2026-4:42;2026-3:54
cgt selling property,27,2026-8:27;2026-7:25;2026-6:25;2026-5:28;2026-4:32;2026-3:31
how much can i borrow personal loan,26,2026-8:26;2026-7:31;2026-6:40;2026-5:56;2026-4:54;2026-3:67
personal loan how much can i borrow,26,2026-8:26;2026-7:31;2026-6:40;2026-5:56;2026-4:54;2026-3:67
personal loans how much can i borrow,26,2026-8:26;2026-7:31;2026-6:40;2026-5:56;2026-4:54;2026-3:67
how much can i borrow loan personal,26,2026-8:26;2026-7:31;2026-6:40;2026-5:56;2026-4:54;2026-3:67
how much i can borrow personal loan,26,2026-8:26;2026-7:31;2026-6:40;2026-5:56;2026-4:54;2026-3:67
how much can i borrow for a personal loan,26,2026-8:26;2026-7:31;2026-6:40;2026-5:56;2026-4:54;2026-3:67
suburb profile,25,2026-8:25;2026-7:21;2026-6:22;2026-5:38;2026-4:56;2026-3:56
borrowing capacity,24,2026-8:24;2026-7:31;2026-6:33;2026-5:42;2026-4:36;2026-3:49
queensland property stamp duty,24,2026-8:24;2026-7:22;2026-6:27;2026-5:27;2026-4:21;2026-3:17
queensland stamp duty on property,24,2026-8:24;2026-7:22;2026-6:27;2026-5:27;2026-4:21;2026-3:17
buyers agent fees sydney,23,2026-8:23;2026-7:1;2026-6:0;2026-5:0;2026-4:0;2026-3:0
conveyancing fees nsw,23,2026-8:23;2026-7:50;2026-6:73;2026-5:64;2026-4:32;2026-3:1
how much can i borrow calculator,23,2026-8:23;2026-7:19;2026-6:8;2026-5:7;2026-4:11;2026-3:14
rental income calculator,23,2026-8:23;2026-7:21;2026-6:21;2026-5:44;2026-4:49;2026-3:46
calculate rental income,23,2026-8:23;2026-7:21;2026-6:21;2026-5:44;2026-4:49;2026-3:46
how much commission do real estate agents make,23,2026-8:23;2026-7:12;2026-6:5;2026-5:9;2026-4:4;2026-3:8
how much i can borrow calculator,23,2026-8:23;2026-7:19;2026-6:8;2026-5:7;2026-4:11;2026-3:14
how much commission do real estate agents get,22,2026-8:22;2026-7:22;2026-6:13;2026-5:0;2026-4:0;2026-3:0
property leads,22,2026-8:22;2026-7:19;2026-6:22;2026-5:25;2026-4:25;2026-3:27
how much do real estate agents charge,20,2026-8:20;2026-7:23;2026-6:32;2026-5:36;2026-4:39;2026-3:26
how much can i borrow home loan,20,2026-8:20;2026-7:14;2026-6:7;2026-5:12;2026-4:13;2026-3:13
how much can i borrow for a home loan,20,2026-8:20;2026-7:14;2026-6:7;2026-5:12;2026-4:13;2026-3:13
how much can i borrow for home loan,20,2026-8:20;2026-7:14;2026-6:7;2026-5:12;2026-4:13;2026-3:13
fees for realtors,20,2026-8:20;2026-7:4;2026-6:8;2026-5:18;2026-4:25;2026-3:21
home loan how much can i borrow,20,2026-8:20;2026-7:14;2026-6:7;2026-5:12;2026-4:13;2026-3:13
how to buy a home in australia,19,2026-8:19;2026-7:27;2026-6:38;2026-5:68;2026-4:71;2026-3:71
how much mortgage can i get,19,2026-8:19;2026-7:18;2026-6:30;2026-5:39;2026-4:63;2026-3:77
rental yield melbourne,19,2026-8:19;2026-7:32;2026-6:36;2026-5:32;2026-4:18;2026-3:25
melbourne rental yield,19,2026-8:19;2026-7:32;2026-6:36;2026-5:32;2026-4:18;2026-3:25
rental return calculator,18,2026-8:18;2026-7:12;2026-6:10;2026-5:11;2026-4:12;2026-3:12
calculate rental return,18,2026-8:18;2026-7:12;2026-6:10;2026-5:11;2026-4:12;2026-3:12
sell my home australia,18,2026-8:18;2026-7:37;2026-6:37;2026-5:41;2026-4:21;2026-3:21
principal and interest loan,17,2026-8:17;2026-7:11;2026-6:16;2026-5:32;2026-4:30;2026-3:31
renovation costs gold coast,17,2026-8:17;2026-7:9;2026-6:13;2026-5:25;2026-4:34;2026-3:47
stamp duty by state,16,2026-8:16;2026-7:13;2026-6:10;2026-5:8;2026-4:13;2026-3:19
gross rental yield,16,2026-8:16;2026-7:17;2026-6:15;2026-5:15;2026-4:18;2026-3:15
average real estate agent commission,16,2026-8:16;2026-7:2;2026-6:1;2026-5:0;2026-4:0;2026-3:0
how to buy land in australia,16,2026-8:16;2026-7:23;2026-6:30;2026-5:49;2026-4:56;2026-3:78
qld stamp duty concession,16,2026-8:16;2026-7:21;2026-6:16;2026-5:23;2026-4:21;2026-3:24
your mortgage calculator,16,2026-8:16;2026-7:15;2026-6:9;2026-5:10;2026-4:9;2026-3:8
average commission for real estate agent,16,2026-8:16;2026-7:2;2026-6:1;2026-5:0;2026-4:0;2026-3:0
rental income calculator australia,15,2026-8:15;2026-7:14;2026-6:11;2026-5:7;2026-4:9;2026-3:7
pricing a renovation,15,2026-8:15;2026-7:30;2026-6:45;2026-5:102;2026-4:146;2026-3:161
best suburbs to invest in brisbane,14,2026-8:14;2026-7:7;2026-6:12;2026-5:19;2026-4:22;2026-3:25
how much does a real estate agent charge,14,2026-8:14;2026-7:12;2026-6:5;2026-5:4;2026-4:5;2026-3:5
real estate commission qld calculator,14,2026-8:14;2026-7:21;2026-6:22;2026-5:30;2026-4:25;2026-3:28
how much does real estate agent charge,14,2026-8:14;2026-7:12;2026-6:5;2026-5:4;2026-4:5;2026-3:5
rate estate agents,14,2026-8:14;2026-7:22;2026-6:25;2026-5:17;2026-4:10;2026-3:11
real estate commission calculator qld,14,2026-8:14;2026-7:21;2026-6:22;2026-5:30;2026-4:25;2026-3:28
rental yield calculator,13,2026-8:13;2026-7:16;2026-6:21;2026-5:24;2026-4:28;2026-3:34
rental yield calculation,13,2026-8:13;2026-7:16;2026-6:21;2026-5:24;2026-4:28;2026-3:34
calculate rental yield,13,2026-8:13;2026-7:16;2026-6:21;2026-5:24;2026-4:28;2026-3:34
how much do renovations cost,13,2026-8:13;2026-7:31;2026-6:32;2026-5:37;2026-4:25;2026-3:32
calculating rental yield,13,2026-8:13;2026-7:16;2026-6:21;2026-5:24;2026-4:28;2026-3:34
stamp duty calculator australia,13,2026-8:13;2026-7:7;2026-6:6;2026-5:11;2026-4:19;2026-3:44
tax on rental income calculator australia,13,2026-8:13;2026-7:11;2026-6:10;2026-5:5;2026-4:8;2026-3:5
real estate commission rates,13,2026-8:13;2026-7:1;2026-6:0;2026-5:0;2026-4:0;2026-3:0
agent selling fees,13,2026-8:13;2026-7:69;2026-6:133;2026-5:139;2026-4:98;2026-3:26
agents selling fees,13,2026-8:13;2026-7:69;2026-6:133;2026-5:139;2026-4:98;2026-3:26
commission rate real estate,13,2026-8:13;2026-7:1;2026-6:0;2026-5:0;2026-4:0;2026-3:0
how much can i borrow with 200k income australia,13,2026-8:13;2026-7:10;2026-6:9;2026-5:0;2026-4:0;2026-3:0
selling agent fees,13,2026-8:13;2026-7:69;2026-6:133;2026-5:139;2026-4:98;2026-3:26
stamp duty australia calculator,13,2026-8:13;2026-7:7;2026-6:6;2026-5:11;2026-4:19;2026-3:44
agent fees for selling,13,2026-8:13;2026-7:69;2026-6:133;2026-5:139;2026-4:98;2026-3:26
agents selling fee,13,2026-8:13;2026-7:69;2026-6:133;2026-5:139;2026-4:98;2026-3:26
real estate commission nsw,12,2026-8:12;2026-7:21;2026-6:17;2026-5:17;2026-4:15;2026-3:17
borrowing power calculator,12,2026-8:12;2026-7:5;2026-6:5;2026-5:7;2026-4:9;2026-3:25
house and land packages qld,12,2026-8:12;2026-7:9;2026-6:7;2026-5:10;2026-4:13;2026-3:26
real estate fees calculator queensland,12,2026-8:12;2026-7:0;2026-6:0;2026-5:0;2026-4:0;2026-3:0
borrow power calculator,12,2026-8:12;2026-7:5;2026-6:5;2026-5:7;2026-4:9;2026-3:25
calculate borrowing power,12,2026-8:12;2026-7:5;2026-6:5;2026-5:7;2026-4:9;2026-3:25
nsw real estate commission,12,2026-8:12;2026-7:21;2026-6:17;2026-5:17;2026-4:15;2026-3:17
commission real estate nsw,12,2026-8:12;2026-7:21;2026-6:17;2026-5:17;2026-4:15;2026-3:17
real estate agent fees calculator,12,2026-8:12;2026-7:0;2026-6:0;2026-5:0;2026-4:0;2026-3:0
how much can i borrow self employed,12,2026-8:12;2026-7:26;2026-6:25;2026-5:21;2026-4:4;2026-3:7
real estate agents fees calculator,12,2026-8:12;2026-7:0;2026-6:0;2026-5:0;2026-4:0;2026-3:0
calculator borrowing power,12,2026-8:12;2026-7:5;2026-6:5;2026-5:7;2026-4:9;2026-3:25
commission house sale,12,2026-8:12;2026-7:2;2026-6:0;2026-5:0;2026-4:0;2026-3:0
commission on house sale,12,2026-8:12;2026-7:2;2026-6:0;2026-5:0;2026-4:0;2026-3:0
mount gambier investment property,12,2026-8:12;2026-7:10;2026-6:7;2026-5:5;2026-4:3;2026-3:4
mount gambier property investment,12,2026-8:12;2026-7:10;2026-6:7;2026-5:5;2026-4:3;2026-3:4
negative gearing calculator,11,2026-8:11;2026-7:9;2026-6:8;2026-5:9;2026-4:8;2026-3:10
vaucluse average house price,11,2026-8:11;2026-7:4;2026-6:0;2026-5:0;2026-4:0;2026-3:1
frankston house prices,11,2026-8:11;2026-7:22;2026-6:28;2026-5:34;2026-4:26;2026-3:29
standard real estate commission,11,2026-8:11;2026-7:10;2026-6:8;2026-5:10;2026-4:20;2026-3:20
average real estate fees,11,2026-8:11;2026-7:11;2026-6:8;2026-5:3;2026-4:1;2026-3:1
nab how much can i borrow,11,2026-8:11;2026-7:14;2026-6:15;2026-5:16;2026-4:12;2026-3:8
find an agent to sell my house,11,2026-8:11;2026-7:8;2026-6:1;2026-5:3;2026-4:8;2026-3:7
toorak house prices,11,2026-8:11;2026-7:13;2026-6:8;2026-5:12;2026-4:7;2026-3:8
devonport median house prices,10,2026-8:10;2026-7:14;2026-6:9;2026-5:4;2026-4:0;2026-3:0
estate agent selling fees,10,2026-8:10;2026-7:69;2026-6:133;2026-5:138;2026-4:96;2026-3:24
rental investment calculator,9,2026-8:9;2026-7:7;2026-6:10;2026-5:9;2026-4:10;2026-3:9
borrowing capacity calculator,9,2026-8:9;2026-7:10;2026-6:9;2026-5:11;2026-4:7;2026-3:12
toorak average house price,9,2026-8:9;2026-7:6;2026-6:1;2026-5:5;2026-4:5;2026-3:5
selling a house process,9,2026-8:9;2026-7:15;2026-6:24;2026-5:26;2026-4:19;2026-3:11
average house price toorak,9,2026-8:9;2026-7:6;2026-6:1;2026-5:5;2026-4:5;2026-3:5
investment property tax calculator,9,2026-8:9;2026-7:16;2026-6:17;2026-5:18;2026-4:7;2026-3:2
loan borrowing calculator,9,2026-8:9;2026-7:3;2026-6:3;2026-5:4;2026-4:5;2026-3:2
process of selling a house,9,2026-8:9;2026-7:15;2026-6:24;2026-5:26;2026-4:19;2026-3:11
average house price in toorak,9,2026-8:9;2026-7:6;2026-6:1;2026-5:5;2026-4:5;2026-3:5
house selling process,9,2026-8:9;2026-7:15;2026-6:24;2026-5:26;2026-4:19;2026-3:11
how much can i borrow car loan,9,2026-8:9;2026-7:13;2026-6:13;2026-5:20;2026-4:17;2026-3:19
how much can i loan for a house,9,2026-8:9;2026-7:10;2026-6:7;2026-5:6;2026-4:5;2026-3:6
what can i borrow mortgage,9,2026-8:9;2026-7:9;2026-6:17;2026-5:20;2026-4:19;2026-3:9
best suburbs in brisbane for families,8,2026-8:8;2026-7:5;2026-6:6;2026-5:15;2026-4:17;2026-3:16
how much commission does a real estate agent make,8,2026-8:8;2026-7:1;2026-6:0;2026-5:0;2026-4:0;2026-3:0
how much mortgage can i afford,8,2026-8:8;2026-7:9;2026-6:10;2026-5:9;2026-4:7;2026-3:4
best suburb in brisbane for families,8,2026-8:8;2026-7:5;2026-6:6;2026-5:15;2026-4:17;2026-3:16
best suburbs for families brisbane,8,2026-8:8;2026-7:5;2026-6:6;2026-5:15;2026-4:17;2026-3:16
calculate my borrowing power,8,2026-8:8;2026-7:3;2026-6:3;2026-5:3;2026-4:2;2026-3:7
how much can mortgage can i afford,8,2026-8:8;2026-7:9;2026-6:10;2026-5:9;2026-4:7;2026-3:4
how much can i borrow for a house,8,2026-8:8;2026-7:5;2026-6:6;2026-5:8;2026-4:12;2026-3:20
best family suburbs in brisbane,8,2026-8:8;2026-7:5;2026-6:6;2026-5:15;2026-4:17;2026-3:16
how much of a mortgage can i afford,8,2026-8:8;2026-7:9;2026-6:10;2026-5:9;2026-4:7;2026-3:4
rental property calculator australia,8,2026-8:8;2026-7:5;2026-6:7;2026-5:6;2026-4:5;2026-3:1
best family suburbs brisbane,8,2026-8:8;2026-7:5;2026-6:6;2026-5:15;2026-4:17;2026-3:16
best suburbs for families in brisbane,8,2026-8:8;2026-7:5;2026-6:6;2026-5:15;2026-4:17;2026-3:16
brisbane best suburbs for families,8,2026-8:8;2026-7:5;2026-6:6;2026-5:15;2026-4:17;2026-3:16
hawthorn median house price,7,2026-8:7;2026-7:3;2026-6:1;2026-5:0;2026-4:0;2026-3:0
median house price hawthorn,7,2026-8:7;2026-7:3;2026-6:1;2026-5:0;2026-4:0;2026-3:0
how much can i borrow cba,7,2026-8:7;2026-7:9;2026-6:11;2026-5:18;2026-4:14;2026-3:14
mortgage affordability calculator,7,2026-8:7;2026-7:3;2026-6:1;2026-5:2;2026-4:2;2026-3:1
typical real estate agent fees,7,2026-8:7;2026-7:0;2026-6:0;2026-5:0;2026-4:0;2026-3:0
cba how much can i borrow,7,2026-8:7;2026-7:9;2026-6:11;2026-5:18;2026-4:14;2026-3:14
real estate agent commission nsw,7,2026-8:7;2026-7:17;2026-6:17;2026-5:16;2026-4:13;2026-3:15
median house price hervey bay,7,2026-8:7;2026-7:4;2026-6:2;2026-5:2;2026-4:3;2026-3:4
real estate agents commission nsw,7,2026-8:7;2026-7:17;2026-6:17;2026-5:16;2026-4:13;2026-3:15
agent commission nsw,7,2026-8:7;2026-7:17;2026-6:17;2026-5:16;2026-4:13;2026-3:15
agents commission nsw,7,2026-8:7;2026-7:17;2026-6:17;2026-5:16;2026-4:13;2026-3:15
property yield calculator,6,2026-8:6;2026-7:12;2026-6:13;2026-5:19;2026-4:17;2026-3:32
yield property calculator,6,2026-8:6;2026-7:12;2026-6:13;2026-5:19;2026-4:17;2026-3:32
yield calculation property,6,2026-8:6;2026-7:12;2026-6:13;2026-5:19;2026-4:17;2026-3:32
investment property return calculator,6,2026-8:6;2026-7:10;2026-6:10;2026-5:18;2026-4:16;2026-3:17
rental return on investment calculator,6,2026-8:6;2026-7:4;2026-6:4;2026-5:3;2026-4:3;2026-3:4
rental calculator investment property,6,2026-8:6;2026-7:5;2026-6:6;2026-5:5;2026-4:5;2026-3:4
property investment return calculator,6,2026-8:6;2026-7:10;2026-6:10;2026-5:18;2026-4:16;2026-3:17
loan eligibility calculator,6,2026-8:6;2026-7:4;2026-6:6;2026-5:13;2026-4:13;2026-3:11
average house price sydney by suburb,6,2026-8:6;2026-7:2;2026-6:0;2026-5:2;2026-4:2;2026-3:2
rental property investment calculator,6,2026-8:6;2026-7:5;2026-6:6;2026-5:5;2026-4:5;2026-3:4
how to sell your home,6,2026-8:6;2026-7:9;2026-6:10;2026-5:20;2026-4:22;2026-3:22
how much to spend on renovation,6,2026-8:6;2026-7:7;2026-6:6;2026-5:14;2026-4:27;2026-3:39
gross yield calculator,6,2026-8:6;2026-7:7;2026-6:8;2026-5:5;2026-4:6;2026-3:5
calculate yield on property,6,2026-8:6;2026-7:12;2026-6:13;2026-5:19;2026-4:17;2026-3:32
how much can i borrow on 150k salary,6,2026-8:6;2026-7:8;2026-6:3;2026-5:2;2026-4:6;2026-3:31
real estate agent commission calculator,6,2026-8:6;2026-7:4;2026-6:0;2026-5:0;2026-4:1;2026-3:8
average house price by suburb sydney,6,2026-8:6;2026-7:2;2026-6:0;2026-5:2;2026-4:2;2026-3:2
median house price frankston,5,2026-8:5;2026-7:6;2026-6:5;2026-5:6;2026-4:8;2026-3:18
frankston median house price,5,2026-8:5;2026-7:6;2026-6:5;2026-5:6;2026-4:8;2026-3:18
real estate commission calculator nsw,5,2026-8:5;2026-7:4;2026-6:0;2026-5:0;2026-4:0;2026-3:0
listing leads,5,2026-8:5;2026-7:12;2026-6:13;2026-5:16;2026-4:16;2026-3:17
loan affordability calculation,5,2026-8:5;2026-7:2;2026-6:2;2026-5:1;2026-4:1;2026-3:0
how much can i borrow on 150k salary in australia,5,2026-8:5;2026-7:6;2026-6:2;2026-5:1;2026-4:6;2026-3:31
how much can j,5,2026-8:5;2026-7:4;2026-6:3;2026-5:3;2026-4:3;2026-3:3
bridging mortgage,5,2026-8:5;2026-7:4;2026-6:5;2026-5:3;2026-4:5;2026-3:7
nsw real estate commission calculator,5,2026-8:5;2026-7:4;2026-6:0;2026-5:0;2026-4:0;2026-3:0
agents commission calculator nsw,5,2026-8:5;2026-7:4;2026-6:0;2026-5:0;2026-4:0;2026-3:0
loan affordability calculator,5,2026-8:5;2026-7:2;2026-6:2;2026-5:1;2026-4:1;2026-3:0
first home buyer stamp duty exemption nsw,4,2026-8:4;2026-7:8;2026-6:11;2026-5:12;2026-4:17;2026-3:21
rental property yield calculator,4,2026-8:4;2026-7:7;2026-6:7;2026-5:8;2026-4:8;2026-3:12
mortgage borrowing calculator,4,2026-8:4;2026-7:3;2026-6:0;2026-5:0;2026-4:4;2026-3:5
yield on rental property calculator,4,2026-8:4;2026-7:7;2026-6:7;2026-5:8;2026-4:8;2026-3:12
real estate fees nsw,4,2026-8:4;2026-7:1;2026-6:1;2026-5:1;2026-4:2;2026-3:2
what is a principal and interest loan,4,2026-8:4;2026-7:1;2026-6:5;2026-5:9;2026-4:9;2026-3:8
borrowing mortgage calculator,4,2026-8:4;2026-7:3;2026-6:0;2026-5:0;2026-4:4;2026-3:5
vaucluse median house price,4,2026-8:4;2026-7:4;2026-6:4;2026-5:3;2026-4:5;2026-3:6
loan borrowing power,4,2026-8:4;2026-7:6;2026-6:9;2026-5:10;2026-4:11;2026-3:15
rental yield calculation for property,4,2026-8:4;2026-7:7;2026-6:7;2026-5:8;2026-4:8;2026-3:12
home sale commission,4,2026-8:4;2026-7:0;2026-6:0;2026-5:1;2026-4:1;2026-3:1
how much can i borrow from centrelink,4,2026-8:4;2026-7:8;2026-6:11;2026-5:9;2026-4:7;2026-3:11
seller agent fee,4,2026-8:4;2026-7:4;2026-6:2;2026-5:2;2026-4:1;2026-3:8
buyers agent cost,3,2026-8:3;2026-7:5;2026-6:5;2026-5:18;2026-4:15;2026-3:15
property purchase process,3,2026-8:3;2026-7:2;2026-6:2;2026-5:0;2026-4:0;2026-3:0
home loan eligibility calculator,3,2026-8:3;2026-7:2;2026-6:2;2026-5:1;2026-4:1;2026-3:1
home loan borrowing power,3,2026-8:3;2026-7:4;2026-6:6;2026-5:7;2026-4:8;2026-3:10
real estate agent fees nsw,3,2026-8:3;2026-7:0;2026-6:0;2026-5:0;2026-4:0;2026-3:0
affordability calculator for rent,3,2026-8:3;2026-7:1;2026-6:1;2026-5:0;2026-4:0;2026-3:0
mortgage calculator how much can i borrow,3,2026-8:3;2026-7:3;2026-6:0;2026-5:0;2026-4:3;2026-3:4
loan serviceability calculator,3,2026-8:3;2026-7:2;2026-6:5;2026-5:4;2026-4:4;2026-3:2
nab borrowing power,3,2026-8:3;2026-7:2;2026-6:2;2026-5:3;2026-4:5;2026-3:11
kew median house price,3,2026-8:3;2026-7:0;2026-6:0;2026-5:0;2026-4:0;2026-3:0
median house price kew,3,2026-8:3;2026-7:0;2026-6:0;2026-5:0;2026-4:0;2026-3:0
orange real estate agents,3,2026-8:3;2026-7:4;2026-6:2;2026-5:1;2026-4:0;2026-3:0
rent estimate,3,2026-8:3;2026-7:2;2026-6:1;2026-5:1;2026-4:1;2026-3:1
are bridging loans expensive,3,2026-8:3;2026-7:0;2026-6:1;2026-5:3;2026-4:3;2026-3:2
repayments on 600k mortgage,3,2026-8:3;2026-7:3;2026-6:5;2026-5:6;2026-4:7;2026-3:4
apartment renovation cost,3,2026-8:3;2026-7:9;2026-6:14;2026-5:18;2026-4:21;2026-3:18
baulkham hills median house price,3,2026-8:3;2026-7:3;2026-6:2;2026-5:0;2026-4:0;2026-3:0
how much can i borrow mortgage calculator,3,2026-8:3;2026-7:3;2026-6:0;2026-5:0;2026-4:3;2026-3:4
real estate fees victoria,3,2026-8:3;2026-7:0;2026-6:0;2026-5:0;2026-4:0;2026-3:0
agent fees nsw,3,2026-8:3;2026-7:0;2026-6:0;2026-5:0;2026-4:0;2026-3:0
real estate agent leads,3,2026-8:3;2026-7:4;2026-6:9;2026-5:15;2026-4:18;2026-3:26
cost of selling a house nsw,2,2026-8:2;2026-7:2;2026-6:1;2026-5:0;2026-4:0;2026-3:0
bankstown property appraisal,2,2026-8:2;2026-7:2;2026-6:3;2026-5:3;2026-4:3;2026-3:2
rental yield calculator australia,2,2026-8:2;2026-7:2;2026-6:2;2026-5:2;2026-4:2;2026-3:3
calculate rental yield australia,2,2026-8:2;2026-7:2;2026-6:2;2026-5:2;2026-4:2;2026-3:3
what is the average real estate agent commission in nsw,2,2026-8:2;2026-7:1;2026-6:1;2026-5:0;2026-4:0;2026-3:0
how much rent can i afford australia calculator,2,2026-8:2;2026-7:0;2026-6:0;2026-5:0;2026-4:0;2026-3:0
what are the most affordable suburbs to buy in perth,2,2026-8:2;2026-7:0;2026-6:0;2026-5:0;2026-4:0;2026-3:0
toorak median house price,2,2026-8:2;2026-7:7;2026-6:7;2026-5:7;2026-4:2;2026-3:3
gross rental yield calculator,2,2026-8:2;2026-7:2;2026-6:3;2026-5:2;2026-4:4;2026-3:3
median house price toorak,2,2026-8:2;2026-7:7;2026-6:7;2026-5:7;2026-4:2;2026-3:3
how to work out yield on property,2,2026-8:2;2026-7:2;2026-6:1;2026-5:0;2026-4:0;2026-3:0
cba borrowing calculator,2,2026-8:2;2026-7:2;2026-6:0;2026-5:0;2026-4:0;2026-3:0
mortgage repayments on 400k,2,2026-8:2;2026-7:2;2026-6:3;2026-5:7;2026-4:6;2026-3:6
how much to remodel a home,2,2026-8:2;2026-7:0;2026-6:0;2026-5:0;2026-4:0;2026-3:9
repayments on 400k mortgage,2,2026-8:2;2026-7:2;2026-6:3;2026-5:7;2026-4:6;2026-3:6
what commission do real estate agents make in australia,2,2026-8:2;2026-7:2;2026-6:0;2026-5:0;2026-4:0;2026-3:0
buying power calculator,2,2026-8:2;2026-7:1;2026-6:1;2026-5:0;2026-4:0;2026-3:1
how to sell a house in queensland,2,2026-8:2;2026-7:0;2026-6:0;2026-5:1;2026-4:1;2026-3:1
what are the repayments on a 400k mortgage,2,2026-8:2;2026-7:1;2026-6:2;2026-5:5;2026-4:5;2026-3:4
home loan borrowing capacity,2,2026-8:2;2026-7:1;2026-6:1;2026-5:0;2026-4:0;2026-3:2
how to calculate rental yield australia,2,2026-8:2;2026-7:2;2026-6:2;2026-5:2;2026-4:2;2026-3:3
personal loan borrowing calculator,2,2026-8:2;2026-7:0;2026-6:0;2026-5:0;2026-4:0;2026-3:0
pre approval calculator,2,2026-8:2;2026-7:3;2026-6:5;2026-5:5;2026-4:6;2026-3:6
what are the repayments on a 600k mortgage,2,2026-8:2;2026-7:2;2026-6:1;2026-5:0;2026-4:1;2026-3:1
average real estate commission nsw,2,2026-8:2;2026-7:1;2026-6:1;2026-5:0;2026-4:0;2026-3:0
home affordability calculator,2,2026-8:2;2026-7:0;2026-6:1;2026-5:1;2026-4:1;2026-3:0
is cessnock a good place to invest,2,2026-8:2;2026-7:2;2026-6:0;2026-5:0;2026-4:0;2026-3:1
rent yield,2,2026-8:2;2026-7:3;2026-6:2;2026-5:1;2026-4:1;2026-3:5
repayments on 600k mortgage australia,2,2026-8:2;2026-7:2;2026-6:3;2026-5:2;2026-4:3;2026-3:2
what mortgage can i afford,2,2026-8:2;2026-7:2;2026-6:3;2026-5:6;2026-4:7;2026-3:23
borrowing calculator cba,2,2026-8:2;2026-7:2;2026-6:0;2026-5:0;2026-4:0;2026-3:0
borrowing power calculator nab,2,2026-8:2;2026-7:1;2026-6:1;2026-5:2;2026-4:3;2026-3:7
nab borrowing calculator,2,2026-8:2;2026-7:1;2026-6:1;2026-5:2;2026-4:3;2026-3:7
mortgage calculator australia,1,2026-8:1;2026-7:0;2026-6:0;2026-5:0;2026-4:0;2026-3:2
best rental yield suburbs australia,1,2026-8:1;2026-7:1;2026-6:1;2026-5:0;2026-4:0;2026-3:0
canberra house prices by suburb,1,2026-8:1;2026-7:0;2026-6:0;2026-5:0;2026-4:0;2026-3:0
home price guide,1,2026-8:1;2026-7:0;2026-6:0;2026-5:0;2026-4:0;2026-3:0
home loan borrowing calculator,1,2026-8:1;2026-7:0;2026-6:2;2026-5:2;2026-4:3;2026-3:1
real estate yield calculator,1,2026-8:1;2026-7:0;2026-6:0;2026-5:0;2026-4:0;2026-3:1
investment yield calculator,1,2026-8:1;2026-7:4;2026-6:5;2026-5:6;2026-4:4;2026-3:12
morayfield property investment,1,2026-8:1;2026-7:4;2026-6:6;2026-5:5;2026-4:2;2026-3:2
what do real estate agents charge,1,2026-8:1;2026-7:70;2026-6:139;2026-5:176;2026-4:150;2026-3:176
how much do renovations cost australia,1,2026-8:1;2026-7:1;2026-6:1;2026-5:1;2026-4:2;2026-3:2
methods of selling a property,1,2026-8:1;2026-7:1;2026-6:1;2026-5:0;2026-4:0;2026-3:1
personal loan borrowing power calculator,1,2026-8:1;2026-7:0;2026-6:0;2026-5:0;2026-4:0;2026-3:0
seller leads,1,2026-8:1;2026-7:1;2026-6:1;2026-5:0;2026-4:1;2026-3:1
personal loan borrowing power,1,2026-8:1;2026-7:0;2026-6:0;2026-5:0;2026-4:0;2026-3:0
cronulla median house price,1,2026-8:1;2026-7:0;2026-6:0;2026-5:0;2026-4:0;2026-3:0
free property appraisal wollert,1,2026-8:1;2026-7:0;2026-6:0;2026-5:0;2026-4:1;2026-3:1
mortgage borrowing power,1,2026-8:1;2026-7:0;2026-6:1;2026-5:1;2026-4:1;2026-3:0
property growth calculator,1,2026-8:1;2026-7:3;2026-6:2;2026-5:3;2026-4:4;2026-3:6
mortgage power calculator,1,2026-8:1;2026-7:0;2026-6:0;2026-5:0;2026-4:0;2026-3:0
home loan affordability calculator,1,2026-8:1;2026-7:0;2026-6:1;2026-5:1;2026-4:1;2026-3:0
home loan borrowing capacity calculator,1,2026-8:1;2026-7:0;2026-6:0;2026-5:0;2026-4:0;2026-3:0
borrowing calculator home loan,1,2026-8:1;2026-7:0;2026-6:2;2026-5:2;2026-4:3;2026-3:1
how much can i borrow personal loan calculator,1,2026-8:1;2026-7:0;2026-6:0;2026-5:0;2026-4:0;2026-3:0
450k mortgage repayments,1,2026-8:1;2026-7:3;2026-6:3;2026-5:2;2026-4:2;2026-3:6
blacktown median house price,1,2026-8:1;2026-7:1;2026-6:0;2026-5:0;2026-4:0;2026-3:0
commbank borrowing calculator,1,2026-8:1;2026-7:1;2026-6:1;2026-5:0;2026-4:0;2026-3:0
mortgage borrowing power calculator,1,2026-8:1;2026-7:0;2026-6:0;2026-5:0;2026-4:0;2026-3:0
preston median house price,1,2026-8:1;2026-7:1;2026-6:0;2026-5:0;2026-4:0;2026-3:0
median house price blacktown,1,2026-8:1;2026-7:1;2026-6:0;2026-5:0;2026-4:0;2026-3:0
median house price preston,1,2026-8:1;2026-7:1;2026-6:0;2026-5:0;2026-4:0;2026-3:0
bridging loan costs australia,1,2026-8:1;2026-7:2;2026-6:2;2026-5:2;2026-4:1;2026-3:8
home loan borrow calculator,1,2026-8:1;2026-7:0;2026-6:2;2026-5:2;2026-4:3;2026-3:1
median house price parramatta,1,2026-8:1;2026-7:0;2026-6:0;2026-5:0;2026-4:0;2026-3:1
agent fee for selling property,1,2026-8:1;2026-7:0;2026-6:0;2026-5:1;2026-4:2;2026-3:2
best suburb to live in brisbane for families,1,2026-8:1;2026-7:1;2026-6:1;2026-5:1;2026-4:1;2026-3:2
brisbane stamp duty,1,2026-8:1;2026-7:1;2026-6:3;2026-5:3;2026-4:3;2026-3:1
how much are repayments on a 600k mortgage,1,2026-8:1;2026-7:1;2026-6:4;2026-5:6;2026-4:6;2026-3:3
monthly repayments on 600k mortgage,1,2026-8:1;2026-7:1;2026-6:0;2026-5:0;2026-4:0;2026-3:0
stamp duty in qld for investment property,1,2026-8:1;2026-7:4;2026-6:3;2026-5:7;2026-4:7;2026-3:9
stamp duty on investment property qld,1,2026-8:1;2026-7:4;2026-6:3;2026-5:7;2026-4:7;2026-3:9
agent fees for selling property,1,2026-8:1;2026-7:0;2026-6:0;2026-5:1;2026-4:2;2026-3:2
agents fees for selling property,1,2026-8:1;2026-7:0;2026-6:0;2026-5:1;2026-4:2;2026-3:2
coomera median house price,1,2026-8:1;2026-7:1;2026-6:0;2026-5:0;2026-4:0;2026-3:0
how much will the bank loan me,1,2026-8:1;2026-7:0;2026-6:0;2026-5:0;2026-4:0;2026-3:0
liverpool median house price,1,2026-8:1;2026-7:1;2026-6:1;2026-5:0;2026-4:2;2026-3:2
median house price australia by state,1,2026-8:1;2026-7:0;2026-6:0;2026-5:0;2026-4:0;2026-3:0
mortgage calculator borrowing power,1,2026-8:1;2026-7:0;2026-6:0;2026-5:0;2026-4:0;2026-3:0
net yield,1,2026-8:1;2026-7:3;2026-6:3;2026-5:5;2026-4:11;2026-3:13
real estate agents moree,1,2026-8:1;2026-7:1;2026-6:1;2026-5:2;2026-4:1;2026-3:2
600 000 mortgage repayments,1,2026-8:1;2026-7:2;2026-6:2;2026-5:1;2026-4:0;2026-3:0
real estate agent fees sydney,0,2026-8:0;2026-7:0;2026-6:0;2026-5:0;2026-4:0;2026-3:0
free property appraisal online,0,2026-8:0;2026-7:0;2026-6:0;2026-5:0;2026-4:0;2026-3:0
compare real estate agents,0,2026-8:0;2026-7:0;2026-6:0;2026-5:0;2026-4:0;2026-3:0
real estate agents morayfield,0,2026-8:0;2026-7:0;2026-6:0;2026-5:0;2026-4:0;2026-3:0
bondi median house price,0,2026-8:0;2026-7:0;2026-6:0;2026-5:0;2026-4:0;2026-3:0
morayfield house prices,0,2026-8:0;2026-7:0;2026-6:0;2026-5:0;2026-4:0;2026-3:0
nedlands rental yield,0,2026-8:0;2026-7:0;2026-6:0;2026-5:0;2026-4:0;2026-3:0
rental appraisal port hedland,0,2026-8:0;2026-7:0;2026-6:0;2026-5:0;2026-4:0;2026-3:0
best suburbs in moreton bay region,0,2026-8:0;2026-7:1;2026-6:1;2026-5:1;2026-4:0;2026-3:0
real estate selling fees,0,2026-8:0;2026-7:0;2026-6:0;2026-5:0;2026-4:0;2026-3:0
nedlands rental investment,0,2026-8:0;2026-7:0;2026-6:0;2026-5:0;2026-4:0;2026-3:0
brighton sa rental yield,0,2026-8:0;2026-7:0;2026-6:0;2026-5:0;2026-4:0;2026-3:0
real estate agent goodna dc,0,2026-8:0;2026-7:0;2026-6:0;2026-5:0;2026-4:0;2026-3:0
darch rental investment,0,2026-8:0;2026-7:0;2026-6:0;2026-5:0;2026-4:0;2026-3:0
how much house can i afford?,0,2026-8:0;2026-7:2;2026-6:4;2026-5:8;2026-4:9;2026-3:12
canberra suburbs median property prices latest,0,2026-8:0;2026-7:0;2026-6:0;2026-5:0;2026-4:0;2026-3:0
rental income yield calculator,0,2026-8:0;2026-7:0;2026-6:0;2026-5:0;2026-4:0;2026-3:0
canberra property market value report,0,2026-8:0;2026-7:0;2026-6:0;2026-5:0;2026-4:0;2026-3:0
how to work out property yield calculator,0,2026-8:0;2026-7:0;2026-6:0;2026-5:0;2026-4:0;2026-3:0
floreat rental investment,0,2026-8:0;2026-7:0;2026-6:0;2026-5:0;2026-4:0;2026-3:0
joondalup rental investment,0,2026-8:0;2026-7:0;2026-6:0;2026-5:0;2026-4:0;2026-3:0
landsdale rental investment,0,2026-8:0;2026-7:0;2026-6:0;2026-5:0;2026-4:0;2026-3:0
net rental yield calculator,0,2026-8:0;2026-7:0;2026-6:0;2026-5:0;2026-4:1;2026-3:1
rental profit calculator,0,2026-8:0;2026-7:0;2026-6:0;2026-5:0;2026-4:0;2026-3:0
rental estimate canberra,0,2026-8:0;2026-7:0;2026-6:0;2026-5:0;2026-4:0;2026-3:0
churchlands rental investment,0,2026-8:0;2026-7:0;2026-6:0;2026-5:0;2026-4:0;2026-3:0
property investment yield calculator,0,2026-8:0;2026-7:2;2026-6:3;2026-5:4;2026-4:2;2026-3:6
canberra property value estimate,0,2026-8:0;2026-7:0;2026-6:0;2026-5:0;2026-4:0;2026-3:0
fee structure for home staging,0,2026-8:0;2026-7:0;2026-6:0;2026-5:0;2026-4:0;2026-3:0
mortgage brokers baldersleigh,0,2026-8:0;2026-7:0;2026-6:0;2026-5:0;2026-4:0;2026-3:0
work out rental yield calculator,0,2026-8:0;2026-7:0;2026-6:0;2026-5:0;2026-4:0;2026-3:0
innaloo rental investment,0,2026-8:0;2026-7:0;2026-6:0;2026-5:0;2026-4:0;2026-3:0
real estate charges to sell a house,0,2026-8:0;2026-7:0;2026-6:0;2026-5:0;2026-4:0;2026-3:0
calculate rental yield perth,0,2026-8:0;2026-7:0;2026-6:0;2026-5:0;2026-4:0;2026-3:0
property management fees goodna,0,2026-8:0;2026-7:0;2026-6:0;2026-5:0;2026-4:0;2026-3:0
ocean reef rental investment,0,2026-8:0;2026-7:0;2026-6:0;2026-5:0;2026-4:0;2026-3:0
investment secondary dwellings qld,0,2026-8:0;2026-7:0;2026-6:0;2026-5:0;2026-4:0;2026-3:0
qld stamp duty calculator first home buyer,0,2026-8:0;2026-7:0;2026-6:0;2026-5:0;2026-4:0;2026-3:0
investment property yield calculator,0,2026-8:0;2026-7:2;2026-6:3;2026-5:4;2026-4:2;2026-3:6
rent reviews picton,0,2026-8:0;2026-7:0;2026-6:0;2026-5:0;2026-4:0;2026-3:0
rent reviews davidson,0,2026-8:0;2026-7:0;2026-6:0;2026-5:0;2026-4:0;2026-3:0
rental appraisal act,0,2026-8:0;2026-7:0;2026-6:0;2026-5:0;2026-4:0;2026-3:0
karrinyup rental investment,0,2026-8:0;2026-7:0;2026-6:0;2026-5:0;2026-4:0;2026-3:0
rental house investment calculator,0,2026-8:0;2026-7:0;2026-6:0;2026-5:0;2026-4:0;2026-3:0
morayfield median house price,0,2026-8:0;2026-7:0;2026-6:0;2026-5:0;2026-4:0;2026-3:0
renovation calculator australia,0,2026-8:0;2026-7:0;2026-6:0;2026-5:0;2026-4:0;2026-3:0
rent reviews tahmoor,0,2026-8:0;2026-7:0;2026-6:0;2026-5:0;2026-4:0;2026-3:0
how to find a real estate agent buyer,0,2026-8:0;2026-7:0;2026-6:0;2026-5:0;2026-4:1;2026-3:1
renovation estimator australia,0,2026-8:0;2026-7:0;2026-6:0;2026-5:0;2026-4:0;2026-3:0
rent yield calculator,0,2026-8:0;2026-7:0;2026-6:0;2026-5:0;2026-4:1;2026-3:1
how to find an agent for buying a house,0,2026-8:0;2026-7:0;2026-6:0;2026-5:0;2026-4:0;2026-3:0
appraisal for rent canberra,0,2026-8:0;2026-7:0;2026-6:0;2026-5:0;2026-4:0;2026-3:0
sinagra rental investment,0,2026-8:0;2026-7:0;2026-6:0;2026-5:0;2026-4:0;2026-3:0
mortgage brokers atitjere,0,2026-8:0;2026-7:0;2026-6:0;2026-5:0;2026-4:0;2026-3:0
rental property costs calculator,0,2026-8:0;2026-7:0;2026-6:0;2026-5:0;2026-4:0;2026-3:0
melbourne vs australia house price growth,0,2026-8:0;2026-7:0;2026-6:0;2026-5:0;2026-4:0;2026-3:0
rental property profit calculator,0,2026-8:0;2026-7:0;2026-6:0;2026-5:0;2026-4:0;2026-3:0
small house renovation cost,0,2026-8:0;2026-7:0;2026-6:0;2026-5:0;2026-4:0;2026-3:0
rental appraisal scarborough 4020,0,2026-8:0;2026-7:0;2026-6:0;2026-5:0;2026-4:0;2026-3:0
mount waverley median house price,0,2026-8:0;2026-7:0;2026-6:0;2026-5:0;2026-4:0;2026-3:0
first home buyer house and land nsw,0,2026-8:0;2026-7:0;2026-6:0;2026-5:0;2026-4:0;2026-3:0
mortgage brokers crooked brook,0,2026-8:0;2026-7:0;2026-6:0;2026-5:0;2026-4:0;2026-3:0
realestate fees,0,2026-8:0;2026-7:0;2026-6:0;2026-5:1;2026-4:1;2026-3:1
investment property affordability calculator,0,2026-8:0;2026-7:0;2026-6:0;2026-5:0;2026-4:0;2026-3:0
vendor leads,0,2026-8:0;2026-7:0;2026-6:0;2026-5:1;2026-4:1;2026-3:2
what is the average real estate agent commission in victoria,0,2026-8:0;2026-7:0;2026-6:0;2026-5:0;2026-4:0;2026-3:0
wanneroo rental investment,0,2026-8:0;2026-7:0;2026-6:0;2026-5:0;2026-4:0;2026-3:0
how much commission does a realtor make in australia,0,2026-8:0;2026-7:0;2026-6:0;2026-5:0;2026-4:0;2026-3:0
guide to selling your property,0,2026-8:0;2026-7:0;2026-6:0;2026-5:0;2026-4:0;2026-3:0
chatswood median house price,0,2026-8:0;2026-7:0;2026-6:0;2026-5:0;2026-4:0;2026-3:0
appraisal leads,0,2026-8:0;2026-7:0;2026-6:0;2026-5:0;2026-4:0;2026-3:0
boondall average property price,0,2026-8:0;2026-7:0;2026-6:0;2026-5:0;2026-4:0;2026-3:0
borrowing power calculator australia,0,2026-8:0;2026-7:0;2026-6:0;2026-5:0;2026-4:0;2026-3:0
investment property income calculator,0,2026-8:0;2026-7:0;2026-6:0;2026-5:0;2026-4:0;2026-3:0
chermside west rental yield,0,2026-8:0;2026-7:0;2026-6:0;2026-5:0;2026-4:0;2026-3:0
doubleview rental investment,0,2026-8:0;2026-7:0;2026-6:0;2026-5:0;2026-4:0;2026-3:0
real estate rental calculator,0,2026-8:0;2026-7:0;2026-6:0;2026-5:0;2026-4:0;2026-3:0
how much commission does a realtor make nsw,0,2026-8:0;2026-7:0;2026-6:0;2026-5:0;2026-4:0;2026-3:0
kellyville median house price,0,2026-8:0;2026-7:0;2026-6:0;2026-5:0;2026-4:0;2026-3:0
rentvesting strategy property purchase,0,2026-8:0;2026-7:0;2026-6:0;2026-5:0;2026-4:0;2026-3:0
real estate fees for selling a house,0,2026-8:0;2026-7:0;2026-6:0;2026-5:0;2026-4:0;2026-3:0
median house price chatswood,0,2026-8:0;2026-7:0;2026-6:0;2026-5:0;2026-4:0;2026-3:0
real estate income calculator,0,2026-8:0;2026-7:0;2026-6:0;2026-5:0;2026-4:0;2026-3:0
rent or buy property north shore,0,2026-8:0;2026-7:0;2026-6:0;2026-5:0;2026-4:0;2026-3:0
how much commission does a realtor make,0,2026-8:0;2026-7:0;2026-6:0;2026-5:0;2026-4:0;2026-3:0
how much do real estate agents charge to sell a house,0,2026-8:0;2026-7:0;2026-6:0;2026-5:0;2026-4:0;2026-3:0
investment property deductions calculator,0,2026-8:0;2026-7:0;2026-6:0;2026-5:0;2026-4:0;2026-3:0
renovation cost calculator australia,0,2026-8:0;2026-7:0;2026-6:0;2026-5:0;2026-4:0;2026-3:0
reservoir median house price,0,2026-8:0;2026-7:0;2026-6:0;2026-5:0;2026-4:0;2026-3:0
flat fee commissions,0,2026-8:0;2026-7:0;2026-6:0;2026-5:0;2026-4:1;2026-3:1
hurstville median house price,0,2026-8:0;2026-7:0;2026-6:0;2026-5:0;2026-4:0;2026-3:0
rental appraisal karratha,0,2026-8:0;2026-7:0;2026-6:0;2026-5:0;2026-4:0;2026-3:0
rental appraisal newport 4020,0,2026-8:0;2026-7:0;2026-6:0;2026-5:0;2026-4:0;2026-3:0
agent fees for selling house,0,2026-8:0;2026-7:0;2026-6:0;2026-5:0;2026-4:0;2026-3:0
median house price kellyville,0,2026-8:0;2026-7:0;2026-6:0;2026-5:0;2026-4:0;2026-3:0
property value ipswich qld,0,2026-8:0;2026-7:0;2026-6:0;2026-5:0;2026-4:0;2026-3:0
real estate fees for seller,0,2026-8:0;2026-7:0;2026-6:0;2026-5:1;2026-4:1;2026-3:1
which clyde estate has the best schools,0,2026-8:0;2026-7:0;2026-6:0;2026-5:0;2026-4:0;2026-3:0
how much can i borrow home loan calculator,0,2026-8:0;2026-7:0;2026-6:2;2026-5:2;2026-4:3;2026-3:1
real estate brokerage fee,0,2026-8:0;2026-7:0;2026-6:0;2026-5:0;2026-4:0;2026-3:2
rental appraisal dandenong,0,2026-8:0;2026-7:0;2026-6:0;2026-5:0;2026-4:0;2026-3:0
buying rental property calculator,0,2026-8:0;2026-7:0;2026-6:0;2026-5:0;2026-4:0;2026-3:0
owners title insurance cost,0,2026-8:0;2026-7:0;2026-6:0;2026-5:0;2026-4:0;2026-3:0
townsville rental appraisal,0,2026-8:0;2026-7:0;2026-6:0;2026-5:0;2026-4:0;2026-3:0
which perth suburbs have high rental yield,0,2026-8:0;2026-7:0;2026-6:0;2026-5:0;2026-4:0;2026-3:0
qld real estate commission table,0,2026-8:0;2026-7:0;2026-6:0;2026-5:0;2026-4:0;2026-3:0
rental appraisal dampier,0,2026-8:0;2026-7:0;2026-6:0;2026-5:0;2026-4:0;2026-3:0
st kilda median house price,0,2026-8:0;2026-7:0;2026-6:0;2026-5:0;2026-4:0;2026-3:0
camberwell median house price,0,2026-8:0;2026-7:0;2026-6:0;2026-5:0;2026-4:0;2026-3:0
compare real estate agent commissions,0,2026-8:0;2026-7:0;2026-6:0;2026-5:0;2026-4:0;2026-3:0
home loan borrowing power calculator,0,2026-8:0;2026-7:0;2026-6:0;2026-5:0;2026-4:0;2026-3:0
how much house can i afford,0,2026-8:0;2026-7:2;2026-6:4;2026-5:8;2026-4:9;2026-3:12
median house price williamstown,0,2026-8:0;2026-7:0;2026-6:0;2026-5:0;2026-4:0;2026-3:0
bankstown property prices,0,2026-8:0;2026-7:0;2026-6:0;2026-5:0;2026-4:0;2026-3:0
renovation costs 2025,0,2026-8:0;2026-7:0;2026-6:0;2026-5:1;2026-4:11;2026-3:29
rental appraisal medowie,0,2026-8:0;2026-7:0;2026-6:0;2026-5:0;2026-4:0;2026-3:0
bank australia borrowing power,0,2026-8:0;2026-7:0;2026-6:0;2026-5:0;2026-4:0;2026-3:0
can i afford to buy a house,0,2026-8:0;2026-7:0;2026-6:1;2026-5:1;2026-4:1;2026-3:0
commission on selling a house brighton,0,2026-8:0;2026-7:0;2026-6:0;2026-5:0;2026-4:0;2026-3:0
fitzroy real estate agents,0,2026-8:0;2026-7:0;2026-6:0;2026-5:0;2026-4:0;2026-3:0
granny flat investment qld,0,2026-8:0;2026-7:0;2026-6:0;2026-5:0;2026-4:0;2026-3:0
how much can i borrow mortgage australia,0,2026-8:0;2026-7:1;2026-6:1;2026-5:1;2026-4:0;2026-3:0
how much commission real estate nsw,0,2026-8:0;2026-7:0;2026-6:0;2026-5:0;2026-4:0;2026-3:0
low commission real estate,0,2026-8:0;2026-7:0;2026-6:0;2026-5:0;2026-4:0;2026-3:0
mortgage affordability calculator australia,0,2026-8:0;2026-7:0;2026-6:0;2026-5:0;2026-4:0;2026-3:0
real estate commission new south wales,0,2026-8:0;2026-7:0;2026-6:0;2026-5:0;2026-4:0;2026-3:0
remodel costs 2022,0,2026-8:0;2026-7:0;2026-6:0;2026-5:0;2026-4:0;2026-3:0
rental appraisal tom price,0,2026-8:0;2026-7:0;2026-6:0;2026-5:0;2026-4:0;2026-3:0
first time home buyer mortgage interest rates,0,2026-8:0;2026-7:0;2026-6:0;2026-5:0;2026-4:0;2026-3:0
how much can i afford to borrow,0,2026-8:0;2026-7:0;2026-6:0;2026-5:0;2026-4:0;2026-3:0
real estate agent fees for selling,0,2026-8:0;2026-7:0;2026-6:0;2026-5:0;2026-4:0;2026-3:0
rent reviews wollongong,0,2026-8:0;2026-7:0;2026-6:0;2026-5:0;2026-4:0;2026-3:0
rental property review hobart,0,2026-8:0;2026-7:0;2026-6:0;2026-5:0;2026-4:0;2026-3:0
bankstown house prices,0,2026-8:0;2026-7:0;2026-6:0;2026-5:0;2026-4:0;2026-3:0
borrowing power calculator brisbane,0,2026-8:0;2026-7:0;2026-6:0;2026-5:0;2026-4:0;2026-3:0
bridging loans guide,0,2026-8:0;2026-7:0;2026-6:0;2026-5:0;2026-4:0;2026-3:0
dee why median house price,0,2026-8:0;2026-7:0;2026-6:0;2026-5:0;2026-4:0;2026-3:0
granny flat investment property queensland,0,2026-8:0;2026-7:0;2026-6:0;2026-5:0;2026-4:0;2026-3:0
home loan borrowing calculator cba,0,2026-8:0;2026-7:0;2026-6:0;2026-5:0;2026-4:0;2026-3:0
lane cove real estate agents,0,2026-8:0;2026-7:0;2026-6:0;2026-5:0;2026-4:0;2026-3:0
median house price bayswater,0,2026-8:0;2026-7:0;2026-6:0;2026-5:0;2026-4:0;2026-3:0
agent fees for selling a house,0,2026-8:0;2026-7:0;2026-6:0;2026-5:0;2026-4:0;2026-3:0
average cost to remodel kitchen and bathroom,0,2026-8:0;2026-7:0;2026-6:0;2026-5:0;2026-4:0;2026-3:0
cba borrowing power,0,2026-8:0;2026-7:0;2026-6:0;2026-5:0;2026-4:0;2026-3:0
home loan calculator how much can i borrow,0,2026-8:0;2026-7:0;2026-6:2;2026-5:2;2026-4:3;2026-3:1
home loan eligibility calculator australia,0,2026-8:0;2026-7:0;2026-6:0;2026-5:0;2026-4:0;2026-3:0
median house price dandenong,0,2026-8:0;2026-7:0;2026-6:0;2026-5:0;2026-4:0;2026-3:0
median house price essendon,0,2026-8:0;2026-7:0;2026-6:0;2026-5:0;2026-4:0;2026-3:0
real estate agent carindale,0,2026-8:0;2026-7:0;2026-6:0;2026-5:0;2026-4:0;2026-3:0
rental appraisal drouin,0,2026-8:0;2026-7:0;2026-6:0;2026-5:0;2026-4:0;2026-3:0
south melbourne rental yield,0,2026-8:0;2026-7:0;2026-6:0;2026-5:0;2026-4:0;2026-3:0
werribee median house price,0,2026-8:0;2026-7:0;2026-6:0;2026-5:0;2026-4:2;2026-3:2
borrowing calculator commonwealth,0,2026-8:0;2026-7:0;2026-6:0;2026-5:0;2026-4:0;2026-3:0
borrowing power calculator home loan,0,2026-8:0;2026-7:0;2026-6:0;2026-5:0;2026-4:0;2026-3:0
house appraisal cost,0,2026-8:0;2026-7:0;2026-6:0;2026-5:0;2026-4:0;2026-3:0
investment property calculator australia,0,2026-8:0;2026-7:0;2026-6:0;2026-5:0;2026-4:0;2026-3:0
nab home loan calculator how much can i borrow,0,2026-8:0;2026-7:0;2026-6:0;2026-5:0;2026-4:0;2026-3:0
port melbourne rental yield,0,2026-8:0;2026-7:4;2026-6:4;2026-5:7;2026-4:3;2026-3:3
real estate agents carindale,0,2026-8:0;2026-7:0;2026-6:0;2026-5:0;2026-4:0;2026-3:0
real estate fees qld,0,2026-8:0;2026-7:0;2026-6:0;2026-5:0;2026-4:0;2026-3:0
real estate sales commission,0,2026-8:0;2026-7:0;2026-6:0;2026-5:0;2026-4:0;2026-3:1
renovation cost per m2 melbourne,0,2026-8:0;2026-7:0;2026-6:0;2026-5:0;2026-4:0;2026-3:0
suburb pricing tool,0,2026-8:0;2026-7:0;2026-6:0;2026-5:0;2026-4:0;2026-3:0
when is stamp duty payable qld,0,2026-8:0;2026-7:0;2026-6:0;2026-5:0;2026-4:0;2026-3:0
average real estate agent fees,0,2026-8:0;2026-7:0;2026-6:0;2026-5:0;2026-4:0;2026-3:0
free stamp duty calculator online in brighton,0,2026-8:0;2026-7:0;2026-6:0;2026-5:0;2026-4:0;2026-3:0
high-yield rental suburbs adelaide,0,2026-8:0;2026-7:0;2026-6:0;2026-5:0;2026-4:0;2026-3:0
home loan approval calculator,0,2026-8:0;2026-7:0;2026-6:0;2026-5:0;2026-4:0;2026-3:0
kiama real estate agents,0,2026-8:0;2026-7:0;2026-6:0;2026-5:0;2026-4:0;2026-3:0
lending power calculator,0,2026-8:0;2026-7:1;2026-6:1;2026-5:1;2026-4:1;2026-3:1
median house price camberwell,0,2026-8:0;2026-7:0;2026-6:0;2026-5:0;2026-4:0;2026-3:0
median house price fitzroy,0,2026-8:0;2026-7:0;2026-6:0;2026-5:0;2026-4:0;2026-3:0
property management fees petrie,0,2026-8:0;2026-7:0;2026-6:0;2026-5:0;2026-4:0;2026-3:0
property valuation castle hill,0,2026-8:0;2026-7:0;2026-6:0;2026-5:0;2026-4:0;2026-3:0
real estate agents malvern,0,2026-8:0;2026-7:0;2026-6:0;2026-5:0;2026-4:0;2026-3:0
real estate leads australia,0,2026-8:0;2026-7:0;2026-6:0;2026-5:0;2026-4:0;2026-3:0
vacancy rate property manager petrie,0,2026-8:0;2026-7:0;2026-6:0;2026-5:0;2026-4:0;2026-3:0
what are the typical costs for full property staging in sydney?,0,2026-8:0;2026-7:0;2026-6:0;2026-5:0;2026-4:0;2026-3:0
williamstown real estate agents,0,2026-8:0;2026-7:0;2026-6:0;2026-5:0;2026-4:0;2026-3:0
500k mortgage repayments,0,2026-8:0;2026-7:2;2026-6:4;2026-5:6;2026-4:10;2026-3:12
aussie home loans borrowing power,0,2026-8:0;2026-7:0;2026-6:0;2026-5:0;2026-4:0;2026-3:0
balwyn north median house price,0,2026-8:0;2026-7:0;2026-6:0;2026-5:0;2026-4:0;2026-3:0
commission on selling a house bracken ridge,0,2026-8:0;2026-7:0;2026-6:0;2026-5:0;2026-4:0;2026-3:0
compare borrowing power,0,2026-8:0;2026-7:0;2026-6:0;2026-5:0;2026-4:0;2026-3:0
conveyancer kronkup,0,2026-8:0;2026-7:0;2026-6:0;2026-5:0;2026-4:0;2026-3:0
goulburn real estate agents,0,2026-8:0;2026-7:0;2026-6:0;2026-5:0;2026-4:0;2026-3:0
house valuation flinders view,0,2026-8:0;2026-7:0;2026-6:0;2026-5:0;2026-4:0;2026-3:0
how much can i borrow brisbane,0,2026-8:0;2026-7:0;2026-6:0;2026-5:0;2026-4:0;2026-3:0
how much house can i afford australia,0,2026-8:0;2026-7:0;2026-6:0;2026-5:0;2026-4:0;2026-3:0
how much is commission for selling a house,0,2026-8:0;2026-7:0;2026-6:0;2026-5:0;2026-4:0;2026-3:0
median house price south yarra,0,2026-8:0;2026-7:0;2026-6:0;2026-5:0;2026-4:0;2026-3:0
median house price werribee,0,2026-8:0;2026-7:0;2026-6:0;2026-5:0;2026-4:2;2026-3:2
mortgage estimator australia,0,2026-8:0;2026-7:0;2026-6:0;2026-5:0;2026-4:0;2026-3:0
property valuation glenmore park,0,2026-8:0;2026-7:0;2026-6:0;2026-5:0;2026-4:0;2026-3:0
real estate agent commission percentage nsw,0,2026-8:0;2026-7:0;2026-6:0;2026-5:0;2026-4:0;2026-3:0
real estate agent fees melbourne,0,2026-8:0;2026-7:0;2026-6:0;2026-5:0;2026-4:0;2026-3:0
real estate agent fees victoria,0,2026-8:0;2026-7:0;2026-6:0;2026-5:0;2026-4:0;2026-3:0
real estate agents fitzroy,0,2026-8:0;2026-7:0;2026-6:0;2026-5:0;2026-4:0;2026-3:0
real estate agents kiama,0,2026-8:0;2026-7:0;2026-6:0;2026-5:0;2026-4:0;2026-3:0
real estate agents north melbourne,0,2026-8:0;2026-7:0;2026-6:0;2026-5:0;2026-4:0;2026-3:0
real estate agents south melbourne,0,2026-8:0;2026-7:0;2026-6:0;2026-5:0;2026-4:0;2026-3:0
rent reviews bankstown,0,2026-8:0;2026-7:0;2026-6:0;2026-5:0;2026-4:0;2026-3:0
rental appraisal bentley,0,2026-8:0;2026-7:0;2026-6:0;2026-5:0;2026-4:0;2026-3:0
rental appraisal cooktown,0,2026-8:0;2026-7:0;2026-6:0;2026-5:0;2026-4:0;2026-3:0
suburb comparison australia,0,2026-8:0;2026-7:0;2026-6:0;2026-5:0;2026-4:0;2026-3:0
tom price property management,0,2026-8:0;2026-7:0;2026-6:0;2026-5:0;2026-4:0;2026-3:0
what mortgage could i afford,0,2026-8:0;2026-7:0;2026-6:0;2026-5:0;2026-4:0;2026-3:0
aussie borrowing power,0,2026-8:0;2026-7:0;2026-6:0;2026-5:0;2026-4:0;2026-3:0
australian property investment losses,0,2026-8:0;2026-7:0;2026-6:0;2026-5:0;2026-4:0;2026-3:0
bankwest how much can i borrow,0,2026-8:0;2026-7:0;2026-6:0;2026-5:0;2026-4:0;2026-3:0
borrowing power calculator first home buyer,0,2026-8:0;2026-7:0;2026-6:0;2026-5:0;2026-4:0;2026-3:0
commission on real estate sales,0,2026-8:0;2026-7:0;2026-6:0;2026-5:0;2026-4:0;2026-3:1
general renovation costs,0,2026-8:0;2026-7:0;2026-6:0;2026-5:0;2026-4:0;2026-3:0
house valuation wingecarribee shire,0,2026-8:0;2026-7:0;2026-6:0;2026-5:0;2026-4:0;2026-3:0
how much can i borrow with deposit calculator,0,2026-8:0;2026-7:0;2026-6:0;2026-5:0;2026-4:0;2026-3:0
how much could i lend,0,2026-8:0;2026-7:0;2026-6:0;2026-5:0;2026-4:0;2026-3:0
how much is my house worth bankstown,0,2026-8:0;2026-7:0;2026-6:0;2026-5:0;2026-4:0;2026-3:0
how much should you borrow for a mortgage,0,2026-8:0;2026-7:0;2026-6:0;2026-5:0;2026-4:0;2026-3:0
how to check out a builder in australia,0,2026-8:0;2026-7:0;2026-6:0;2026-5:0;2026-4:0;2026-3:0
median house price st kilda,0,2026-8:0;2026-7:0;2026-6:0;2026-5:0;2026-4:0;2026-3:0
mortgage eligibility calculator australia,0,2026-8:0;2026-7:0;2026-6:0;2026-5:0;2026-4:0;2026-3:0
mount victoria median house prices,0,2026-8:0;2026-7:0;2026-6:0;2026-5:0;2026-4:0;2026-3:0
nab calculator how much can i borrow,0,2026-8:0;2026-7:0;2026-6:0;2026-5:0;2026-4:0;2026-3:0
property sales leads,0,2026-8:0;2026-7:0;2026-6:0;2026-5:0;2026-4:0;2026-3:0
real estate listing fees,0,2026-8:0;2026-7:0;2026-6:0;2026-5:0;2026-4:0;2026-3:0
stamp duty in queensland on investment property,0,2026-8:0;2026-7:0;2026-6:0;2026-5:0;2026-4:0;2026-3:0
stirling rent estimate,0,2026-8:0;2026-7:0;2026-6:0;2026-5:0;2026-4:0;2026-3:0
what's my house worth flinders view,0,2026-8:0;2026-7:0;2026-6:0;2026-5:0;2026-4:0;2026-3:0
williamstown median house price,0,2026-8:0;2026-7:0;2026-6:0;2026-5:0;2026-4:0;2026-3:0
zillmere rental yield,0,2026-8:0;2026-7:0;2026-6:0;2026-5:0;2026-4:0;2026-3:0
brisbane home value,0,2026-8:0;2026-7:0;2026-6:0;2026-5:0;2026-4:0;2026-3:3
buyers agency lilyfield,0,2026-8:0;2026-7:0;2026-6:0;2026-5:0;2026-4:0;2026-3:0
buyers agent cost brisbane,0,2026-8:0;2026-7:0;2026-6:0;2026-5:0;2026-4:0;2026-3:0
buyers agent roseville,0,2026-8:0;2026-7:0;2026-6:0;2026-5:0;2026-4:0;2026-3:0
calculate home loan borrowing power,0,2026-8:0;2026-7:0;2026-6:0;2026-5:0;2026-4:0;2026-3:0
commercial real estate investment calculator,0,2026-8:0;2026-7:0;2026-6:0;2026-5:0;2026-4:0;2026-3:0
compare current rental prices for properties in melbourne.,0,2026-8:0;2026-7:0;2026-6:0;2026-5:0;2026-4:0;2026-3:0
cost of selling a house in nsw calculator,0,2026-8:0;2026-7:0;2026-6:0;2026-5:0;2026-4:0;2026-3:0
donnybrook and mickleham price trends,0,2026-8:0;2026-7:0;2026-6:0;2026-5:0;2026-4:0;2026-3:0
how much is my house worth ipswich,0,2026-8:0;2026-7:0;2026-6:0;2026-5:0;2026-4:0;2026-3:0
kew real estate agents,0,2026-8:0;2026-7:0;2026-6:0;2026-5:0;2026-4:0;2026-3:0
kyogle real estate agents,0,2026-8:0;2026-7:0;2026-6:0;2026-5:0;2026-4:0;2026-3:0
lane cove median house price,0,2026-8:0;2026-7:0;2026-6:0;2026-5:0;2026-4:0;2026-3:0
lorne median house price,0,2026-8:0;2026-7:0;2026-6:0;2026-5:0;2026-4:0;2026-3:0
mortgage brokers beemunnel,0,2026-8:0;2026-7:0;2026-6:0;2026-5:0;2026-4:0;2026-3:0
north melbourne median house price,0,2026-8:0;2026-7:0;2026-6:0;2026-5:0;2026-4:0;2026-3:0
property for sale cassowary coast,0,2026-8:0;2026-7:0;2026-6:0;2026-5:0;2026-4:0;2026-3:0
real estate agent flat fee,0,2026-8:0;2026-7:0;2026-6:0;2026-5:0;2026-4:0;2026-3:0
real estate agents lane cove,0,2026-8:0;2026-7:0;2026-6:0;2026-5:0;2026-4:0;2026-3:0
real estate agents lindfield,0,2026-8:0;2026-7:0;2026-6:0;2026-5:0;2026-4:0;2026-3:0
real estate fees ipswich,0,2026-8:0;2026-7:0;2026-6:0;2026-5:0;2026-4:0;2026-3:0
rental appraisal carrum downs,0,2026-8:0;2026-7:0;2026-6:0;2026-5:0;2026-4:0;2026-3:0
rental appraisal endeavour hills,0,2026-8:0;2026-7:0;2026-6:0;2026-5:0;2026-4:0;2026-3:0
rental appraisal point cook,0,2026-8:0;2026-7:0;2026-6:0;2026-5:0;2026-4:0;2026-3:0
rental appraisal south hedland,0,2026-8:0;2026-7:0;2026-6:0;2026-5:0;2026-4:0;2026-3:0
rental valuation maida vale,0,2026-8:0;2026-7:0;2026-6:0;2026-5:0;2026-4:0;2026-3:0
rental valuation stirling,0,2026-8:0;2026-7:0;2026-6:0;2026-5:0;2026-4:0;2026-3:0
scarborough real estate agents,0,2026-8:0;2026-7:0;2026-6:0;2026-5:0;2026-4:0;2026-3:0
steps to selling your house,0,2026-8:0;2026-7:0;2026-6:0;2026-5:0;2026-4:0;2026-3:0
surry hills real estate agents,0,2026-8:0;2026-7:0;2026-6:0;2026-5:0;2026-4:0;2026-3:0
understanding capital gains tax on an investment property,0,2026-8:0;2026-7:0;2026-6:0;2026-5:0;2026-4:0;2026-3:0
whole home renovation cost,0,2026-8:0;2026-7:0;2026-6:0;2026-5:0;2026-4:0;2026-3:0
7 yield on property,0,2026-8:0;2026-7:0;2026-6:0;2026-5:0;2026-4:0;2026-3:0
agent commission victoria,0,2026-8:0;2026-7:0;2026-6:0;2026-5:0;2026-4:3;2026-3:5
agent fees canberra,0,2026-8:0;2026-7:0;2026-6:0;2026-5:0;2026-4:0;2026-3:0
agents fees selling house melbourne,0,2026-8:0;2026-7:0;2026-6:0;2026-5:0;2026-4:0;2026-3:0
aussie borrowing calculator,0,2026-8:0;2026-7:0;2026-6:0;2026-5:0;2026-4:0;2026-3:0
aussie home loans how much can i borrow,0,2026-8:0;2026-7:0;2026-6:0;2026-5:0;2026-4:0;2026-3:0
average cost of apartments in rhodes,0,2026-8:0;2026-7:0;2026-6:0;2026-5:0;2026-4:0;2026-3:0
average cost to remodel a kitchen in 2022,0,2026-8:0;2026-7:0;2026-6:0;2026-5:0;2026-4:0;2026-3:0
balwyn median house price,0,2026-8:0;2026-7:0;2026-6:0;2026-5:0;2026-4:0;2026-3:0
bathroom and kitchen remodel cost,0,2026-8:0;2026-7:0;2026-6:0;2026-5:0;2026-4:0;2026-3:0
borrowing calculator aussie,0,2026-8:0;2026-7:0;2026-6:0;2026-5:0;2026-4:0;2026-3:0
cba borrowing capacity calculator,0,2026-8:0;2026-7:0;2026-6:0;2026-5:0;2026-4:0;2026-3:0
commbank borrowing power,0,2026-8:0;2026-7:0;2026-6:0;2026-5:0;2026-4:0;2026-3:0
commission estimator,0,2026-8:0;2026-7:0;2026-6:0;2026-5:0;2026-4:0;2026-3:0
cost to remodel house,0,2026-8:0;2026-7:0;2026-6:0;2026-5:0;2026-4:1;2026-3:1
dandenong median house price,0,2026-8:0;2026-7:0;2026-6:0;2026-5:0;2026-4:0;2026-3:0
eden hill rent estimate,0,2026-8:0;2026-7:0;2026-6:0;2026-5:0;2026-4:0;2026-3:0
elwood real estate agents,0,2026-8:0;2026-7:0;2026-6:0;2026-5:0;2026-4:0;2026-3:0
grafton real estate agents,0,2026-8:0;2026-7:0;2026-6:0;2026-5:0;2026-4:0;2026-3:0
griffith real estate agents,0,2026-8:0;2026-7:0;2026-6:0;2026-5:0;2026-4:0;2026-3:0
hawthorn east median house price,0,2026-8:0;2026-7:0;2026-6:0;2026-5:0;2026-4:0;2026-3:0
how much are repayments on a 500k mortgage,0,2026-8:0;2026-7:0;2026-6:0;2026-5:0;2026-4:4;2026-3:8
how much can we borrow,0,2026-8:0;2026-7:0;2026-6:0;2026-5:0;2026-4:0;2026-3:0
how much commission to sell a house,0,2026-8:0;2026-7:0;2026-6:0;2026-5:0;2026-4:0;2026-3:0
how much commission to sell house,0,2026-8:0;2026-7:0;2026-6:0;2026-5:0;2026-4:0;2026-3:0
how much money can i borrow for a mortgage,0,2026-8:0;2026-7:2;2026-6:3;2026-5:4;2026-4:3;2026-3:10
listing agent commission,0,2026-8:0;2026-7:0;2026-6:0;2026-5:0;2026-4:0;2026-3:0
median house price berwick,0,2026-8:0;2026-7:0;2026-6:0;2026-5:0;2026-4:0;2026-3:0
median house price blackburn,0,2026-8:0;2026-7:0;2026-6:0;2026-5:0;2026-4:0;2026-3:0
median house price buderim,0,2026-8:0;2026-7:0;2026-6:0;2026-5:0;2026-4:0;2026-3:0
mortgage brokers blanche harbor,0,2026-8:0;2026-7:0;2026-6:0;2026-5:0;2026-4:0;2026-3:0
property valuation marrickville,0,2026-8:0;2026-7:0;2026-6:0;2026-5:0;2026-4:0;2026-3:0
property valuation oran park,0,2026-8:0;2026-7:0;2026-6:0;2026-5:0;2026-4:0;2026-3:0
rate of return calculator real estate,0,2026-8:0;2026-7:0;2026-6:0;2026-5:0;2026-4:0;2026-3:0
real estate agencies ingleburn,0,2026-8:0;2026-7:0;2026-6:0;2026-5:0;2026-4:0;2026-3:0
real estate agent cost to sell home,0,2026-8:0;2026-7:0;2026-6:0;2026-5:0;2026-4:0;2026-3:0
real estate agent selling fees,0,2026-8:0;2026-7:0;2026-6:0;2026-5:0;2026-4:0;2026-3:0
real estate agents goulburn,0,2026-8:0;2026-7:0;2026-6:0;2026-5:0;2026-4:0;2026-3:0
real estate agents yangebup,0,2026-8:0;2026-7:0;2026-6:0;2026-5:0;2026-4:0;2026-3:0
real estate commission rates australia,0,2026-8:0;2026-7:0;2026-6:0;2026-5:0;2026-4:0;2026-3:0
realestate agent fees,0,2026-8:0;2026-7:0;2026-6:0;2026-5:0;2026-4:0;2026-3:0
rental appraisal booragoon,0,2026-8:0;2026-7:0;2026-6:0;2026-5:0;2026-4:0;2026-3:0
rental valuation booragoon,0,2026-8:0;2026-7:0;2026-6:0;2026-5:0;2026-4:0;2026-3:0
rental valuation shelley,0,2026-8:0;2026-7:0;2026-6:0;2026-5:0;2026-4:0;2026-3:0
repayments on 500k mortgage australia,0,2026-8:0;2026-7:1;2026-6:3;2026-5:3;2026-4:7;2026-3:10
search new home builder,0,2026-8:0;2026-7:0;2026-6:0;2026-5:0;2026-4:0;2026-3:0
sellers title insurance cost,0,2026-8:0;2026-7:0;2026-6:0;2026-5:0;2026-4:0;2026-3:0
what mortgage can i afford calculator,0,2026-8:0;2026-7:0;2026-6:0;2026-5:0;2026-4:0;2026-3:0
will home renovation costs go down in 2023,0,2026-8:0;2026-7:0;2026-6:0;2026-5:0;2026-4:0;2026-3:0
500 000 mortgage repayments,0,2026-8:0;2026-7:0;2026-6:0;2026-5:2;2026-4:2;2026-3:2
agency property guides,0,2026-8:0;2026-7:0;2026-6:0;2026-5:0;2026-4:0;2026-3:0
agent fees hobart,0,2026-8:0;2026-7:0;2026-6:0;2026-5:0;2026-4:0;2026-3:0
berwick median house price,0,2026-8:0;2026-7:0;2026-6:0;2026-5:0;2026-4:0;2026-3:0
boondall rental yield,0,2026-8:0;2026-7:0;2026-6:0;2026-5:0;2026-4:0;2026-3:0
brighton sa median house price,0,2026-8:0;2026-7:0;2026-6:0;2026-5:0;2026-4:0;2026-3:0
buyers agent brisbane fee,0,2026-8:0;2026-7:0;2026-6:0;2026-5:0;2026-4:0;2026-3:0
buyers agent fees melbourne,0,2026-8:0;2026-7:0;2026-6:0;2026-5:0;2026-4:0;2026-3:0
cannington rent estimate,0,2026-8:0;2026-7:0;2026-6:0;2026-5:0;2026-4:0;2026-3:0
canterbury median house price,0,2026-8:0;2026-7:0;2026-6:0;2026-5:0;2026-4:0;2026-3:1
cost of selling a house in victoria calculator,0,2026-8:0;2026-7:0;2026-6:0;2026-5:0;2026-4:0;2026-3:0
echuca real estate agents,0,2026-8:0;2026-7:0;2026-6:0;2026-5:0;2026-4:0;2026-3:0
elwood real estate agencies,0,2026-8:0;2026-7:0;2026-6:0;2026-5:0;2026-4:0;2026-3:0
fixed fee real estate,0,2026-8:0;2026-7:0;2026-6:0;2026-5:0;2026-4:0;2026-3:0
forestville median house price,0,2026-8:0;2026-7:0;2026-6:0;2026-5:0;2026-4:0;2026-3:0
full house remodel cost,0,2026-8:0;2026-7:0;2026-6:0;2026-5:0;2026-4:0;2026-3:0
home sale appraisal,0,2026-8:0;2026-7:0;2026-6:0;2026-5:0;2026-4:0;2026-3:0
house for sale north lakes,0,2026-8:0;2026-7:0;2026-6:0;2026-5:0;2026-4:0;2026-3:0
housing loan affordability calculator,0,2026-8:0;2026-7:0;2026-6:0;2026-5:0;2026-4:0;2026-3:0
how much am i able to borrow for a mortgage,0,2026-8:0;2026-7:0;2026-6:0;2026-5:0;2026-4:0;2026-3:0
how much can i borrow for a mortgage in australia,0,2026-8:0;2026-7:1;2026-6:1;2026-5:1;2026-4:0;2026-3:0
how much could i borrow calculator,0,2026-8:0;2026-7:0;2026-6:0;2026-5:0;2026-4:0;2026-3:0
how much home can we afford,0,2026-8:0;2026-7:0;2026-6:0;2026-5:0;2026-4:0;2026-3:0
how much house could i afford,0,2026-8:0;2026-7:0;2026-6:0;2026-5:0;2026-4:0;2026-3:0
how much money can i borrow for a home loan,0,2026-8:0;2026-7:0;2026-6:0;2026-5:0;2026-4:0;2026-3:0
how to figure out yield,0,2026-8:0;2026-7:0;2026-6:2;2026-5:2;2026-4:2;2026-3:0
how to sell property brisbane,0,2026-8:0;2026-7:0;2026-6:0;2026-5:0;2026-4:0;2026-3:0
kensington median house price,0,2026-8:0;2026-7:0;2026-6:0;2026-5:0;2026-4:0;2026-3:0
kings langley nsw median house price 2026,0,2026-8:0;2026-7:0;2026-6:0;2026-5:0;2026-4:0;2026-3:0
lending calculator,0,2026-8:0;2026-7:2;2026-6:2;2026-5:2;2026-4:1;2026-3:1
main beach southport property prices rise 15% southport main beach southport property prices rise main beach median house,0,2026-8:0;2026-7:0;2026-6:0;2026-5:0;2026-4:0;2026-3:0
median house price lane cove,0,2026-8:0;2026-7:0;2026-6:0;2026-5:0;2026-4:0;2026-3:0
median house price narre warren,0,2026-8:0;2026-7:0;2026-6:0;2026-5:0;2026-4:0;2026-3:0
mortgage brokers beebo,0,2026-8:0;2026-7:0;2026-6:0;2026-5:0;2026-4:0;2026-3:0
mortgage loan affordability,0,2026-8:0;2026-7:0;2026-6:0;2026-5:0;2026-4:0;2026-3:0
mortgage loan approval calculator,0,2026-8:0;2026-7:0;2026-6:0;2026-5:0;2026-4:0;2026-3:0
mortgage repayments on 500k,0,2026-8:0;2026-7:2;2026-6:4;2026-5:6;2026-4:10;2026-3:12
mortgage serviceability calculator,0,2026-8:0;2026-7:0;2026-6:0;2026-5:0;2026-4:1;2026-3:1
nab borrowing capacity,0,2026-8:0;2026-7:0;2026-6:0;2026-5:0;2026-4:0;2026-3:0
pascoe vale south median house price,0,2026-8:0;2026-7:0;2026-6:0;2026-5:0;2026-4:0;2026-3:0
port melbourne property investment,0,2026-8:0;2026-7:0;2026-6:0;2026-5:0;2026-4:0;2026-3:0
prahran real estate agents,0,2026-8:0;2026-7:0;2026-6:0;2026-5:0;2026-4:0;2026-3:0
property appraisal hawkesbury,0,2026-8:0;2026-7:0;2026-6:0;2026-5:0;2026-4:0;2026-3:0
property price guide,0,2026-8:0;2026-7:0;2026-6:0;2026-5:0;2026-4:0;2026-3:0
property valuation campsie,0,2026-8:0;2026-7:0;2026-6:0;2026-5:0;2026-4:0;2026-3:0
property value vic,0,2026-8:0;2026-7:0;2026-6:0;2026-5:0;2026-4:0;2026-3:0
pymble median house price,0,2026-8:0;2026-7:0;2026-6:0;2026-5:0;2026-4:0;2026-3:0
real estate agent lane cove,0,2026-8:0;2026-7:0;2026-6:0;2026-5:0;2026-4:0;2026-3:0
real estate agents ambarvale,0,2026-8:0;2026-7:0;2026-6:0;2026-5:0;2026-4:0;2026-3:0
real estate agents kensington,0,2026-8:0;2026-7:0;2026-6:0;2026-5:0;2026-4:0;2026-3:0
real estate agents kyogle,0,2026-8:0;2026-7:0;2026-6:0;2026-5:0;2026-4:0;2026-3:0
real estate agents rhodes,0,2026-8:0;2026-7:0;2026-6:0;2026-5:0;2026-4:0;2026-3:0
real estate fees for selling,0,2026-8:0;2026-7:0;2026-6:0;2026-5:0;2026-4:0;2026-3:0
real estate rates for selling,0,2026-8:0;2026-7:0;2026-6:0;2026-5:0;2026-4:0;2026-3:0
real estate selling costs calculator,0,2026-8:0;2026-7:0;2026-6:0;2026-5:0;2026-4:0;2026-3:0
rental appraisal maida vale,0,2026-8:0;2026-7:0;2026-6:0;2026-5:0;2026-4:0;2026-3:0
rental appraisal port melbourne,0,2026-8:0;2026-7:0;2026-6:0;2026-5:0;2026-4:0;2026-3:0
rental appraisal stirling,0,2026-8:0;2026-7:0;2026-6:0;2026-5:0;2026-4:0;2026-3:0
rental management tom price,0,2026-8:0;2026-7:0;2026-6:0;2026-5:0;2026-4:0;2026-3:0
richmond median house price,0,2026-8:0;2026-7:1;2026-6:1;2026-5:1;2026-4:0;2026-3:0
sell my house goodna,0,2026-8:0;2026-7:0;2026-6:0;2026-5:0;2026-4:0;2026-3:0
selling a house real estate fees,0,2026-8:0;2026-7:0;2026-6:0;2026-5:0;2026-4:0;2026-3:0
terrigal real estate agents,0,2026-8:0;2026-7:0;2026-6:0;2026-5:0;2026-4:0;2026-3:0
wahroonga median house price,0,2026-8:0;2026-7:0;2026-6:0;2026-5:0;2026-4:0;2026-3:0
agency fee real estate,0,2026-8:0;2026-7:0;2026-6:0;2026-5:0;2026-4:0;2026-3:0
agents fee for selling house,0,2026-8:0;2026-7:0;2026-6:0;2026-5:0;2026-4:0;2026-3:0
agents fees for selling a house,0,2026-8:0;2026-7:0;2026-6:0;2026-5:0;2026-4:0;2026-3:0
australian mortgage calculator,0,2026-8:0;2026-7:0;2026-6:0;2026-5:0;2026-4:0;2026-3:0
average listing agent commission,0,2026-8:0;2026-7:0;2026-6:0;2026-5:0;2026-4:0;2026-3:0
average repayments on 500k mortgage,0,2026-8:0;2026-7:0;2026-6:0;2026-5:0;2026-4:0;2026-3:0
blackburn median house price,0,2026-8:0;2026-7:0;2026-6:0;2026-5:0;2026-4:0;2026-3:0
borrowing capacity anz,0,2026-8:0;2026-7:0;2026-6:0;2026-5:0;2026-4:0;2026-3:1
borrowing capacity calculator cba,0,2026-8:0;2026-7:0;2026-6:0;2026-5:0;2026-4:0;2026-3:0
brighton median house price,0,2026-8:0;2026-7:0;2026-6:0;2026-5:0;2026-4:1;2026-3:3
carlton median house price,0,2026-8:0;2026-7:0;2026-6:0;2026-5:0;2026-4:0;2026-3:0
commission charged by real estate agents,0,2026-8:0;2026-7:0;2026-6:0;2026-5:0;2026-4:0;2026-3:0
complete house renovation cost,0,2026-8:0;2026-7:0;2026-6:0;2026-5:0;2026-4:0;2026-3:0
cost of selling a house calculator,0,2026-8:0;2026-7:0;2026-6:0;2026-5:0;2026-4:0;2026-3:0
dubbo real estate agents,0,2026-8:0;2026-7:0;2026-6:0;2026-5:0;2026-4:0;2026-3:0
estimate borrowing power,0,2026-8:0;2026-7:0;2026-6:0;2026-5:0;2026-4:0;2026-3:1
estimate realtor fees,0,2026-8:0;2026-7:0;2026-6:0;2026-5:0;2026-4:0;2026-3:0
finding a real estate agent to buy a house,0,2026-8:0;2026-7:0;2026-6:0;2026-5:0;2026-4:0;2026-3:0
fixed commission real estate,0,2026-8:0;2026-7:0;2026-6:0;2026-5:0;2026-4:0;2026-3:0
fixed fee real estate agents,0,2026-8:0;2026-7:0;2026-6:0;2026-5:0;2026-4:0;2026-3:0
flat fee real estate agent,0,2026-8:0;2026-7:0;2026-6:0;2026-5:0;2026-4:0;2026-3:0
frenchs forest median house price,0,2026-8:0;2026-7:0;2026-6:0;2026-5:0;2026-4:0;2026-3:0
house affordability calculator,0,2026-8:0;2026-7:0;2026-6:0;2026-5:0;2026-4:0;2026-3:0
house growth calculator,0,2026-8:0;2026-7:0;2026-6:0;2026-5:0;2026-4:0;2026-3:0
house loan affordability,0,2026-8:0;2026-7:0;2026-6:0;2026-5:0;2026-4:0;2026-3:0
house loan borrowing calculator,0,2026-8:0;2026-7:0;2026-6:0;2026-5:0;2026-4:0;2026-3:0
how expensive of a home can i afford,0,2026-8:0;2026-7:0;2026-6:0;2026-5:0;2026-4:0;2026-3:0
how expensive of a house can i afford,0,2026-8:0;2026-7:0;2026-6:0;2026-5:0;2026-4:0;2026-3:0
how much agent charge for selling house,0,2026-8:0;2026-7:0;2026-6:0;2026-5:0;2026-4:0;2026-3:0
how much could i borrow home loan,0,2026-8:0;2026-7:0;2026-6:0;2026-5:0;2026-4:0;2026-3:0
how much could i borrow personal loan,0,2026-8:0;2026-7:0;2026-6:0;2026-5:0;2026-4:0;2026-3:0
how much do buyers agents charge,0,2026-8:0;2026-7:0;2026-6:0;2026-5:0;2026-4:0;2026-3:0
how much would a bank lend me,0,2026-8:0;2026-7:0;2026-6:0;2026-5:0;2026-4:0;2026-3:0
listing agent commission rate,0,2026-8:0;2026-7:0;2026-6:0;2026-5:0;2026-4:0;2026-3:0
marangaroo rent estimate,0,2026-8:0;2026-7:0;2026-6:0;2026-5:0;2026-4:0;2026-3:0
market rent valuation,0,2026-8:0;2026-7:0;2026-6:0;2026-5:0;2026-4:0;2026-3:0
melbourne real estate agent fees,0,2026-8:0;2026-7:0;2026-6:0;2026-5:0;2026-4:0;2026-3:0
mortgage affordability formula,0,2026-8:0;2026-7:0;2026-6:0;2026-5:0;2026-4:0;2026-3:0
mortgage brokers barjarg,0,2026-8:0;2026-7:0;2026-6:0;2026-5:0;2026-4:0;2026-3:0
mortgage brokers carrajung south,0,2026-8:0;2026-7:0;2026-6:0;2026-5:0;2026-4:0;2026-3:0
mortgage calculator aussie,0,2026-8:0;2026-7:0;2026-6:0;2026-5:0;2026-4:0;2026-3:0
mortgage loan borrowing calculator,0,2026-8:0;2026-7:0;2026-6:0;2026-5:0;2026-4:0;2026-3:0
mosman park rent estimate,0,2026-8:0;2026-7:0;2026-6:0;2026-5:0;2026-4:0;2026-3:0
osr stamp duty calculator qld,0,2026-8:0;2026-7:0;2026-6:0;2026-5:0;2026-4:0;2026-3:0
price guide property,0,2026-8:0;2026-7:0;2026-6:0;2026-5:0;2026-4:0;2026-3:0
property value guide,0,2026-8:0;2026-7:0;2026-6:0;2026-5:0;2026-4:0;2026-3:0
pymble real estate agents,0,2026-8:0;2026-7:0;2026-6:0;2026-5:0;2026-4:0;2026-3:0
qld stamp duty calculator osr,0,2026-8:0;2026-7:0;2026-6:0;2026-5:0;2026-4:0;2026-3:0
queensland stamp duty investment property,0,2026-8:0;2026-7:0;2026-6:0;2026-5:0;2026-4:0;2026-3:0
real estate agent bandiana,0,2026-8:0;2026-7:0;2026-6:0;2026-5:0;2026-4:0;2026-3:0
real estate agent commission percentage,0,2026-8:0;2026-7:0;2026-6:0;2026-5:0;2026-4:0;2026-3:0
real estate agent commission victoria,0,2026-8:0;2026-7:0;2026-6:0;2026-5:0;2026-4:3;2026-3:5
real estate agent fees sa,0,2026-8:0;2026-7:0;2026-6:0;2026-5:0;2026-4:0;2026-3:0
real estate agents bandiana,0,2026-8:0;2026-7:0;2026-6:0;2026-5:0;2026-4:0;2026-3:0
real estate agents echuca,0,2026-8:0;2026-7:0;2026-6:0;2026-5:0;2026-4:0;2026-3:0
real estate agents griffith,0,2026-8:0;2026-7:0;2026-6:0;2026-5:0;2026-4:0;2026-3:0
real estate agents in yangebup,0,2026-8:0;2026-7:0;2026-6:0;2026-5:0;2026-4:0;2026-3:0
real estate agents prahran,0,2026-8:0;2026-7:0;2026-6:0;2026-5:0;2026-4:0;2026-3:0
real estate agents pymble,0,2026-8:0;2026-7:0;2026-6:0;2026-5:0;2026-4:0;2026-3:0
real estate fees melbourne,0,2026-8:0;2026-7:0;2026-6:0;2026-5:0;2026-4:0;2026-3:0
real estate fees selling house calculator,0,2026-8:0;2026-7:0;2026-6:0;2026-5:0;2026-4:0;2026-3:0
real estate fees when selling,0,2026-8:0;2026-7:0;2026-6:0;2026-5:0;2026-4:0;2026-3:0
real estate leads for new agents australia,0,2026-8:0;2026-7:0;2026-6:0;2026-5:0;2026-4:0;2026-3:0
real estate selling fees nsw,0,2026-8:0;2026-7:0;2026-6:0;2026-5:0;2026-4:0;2026-3:0
remodeling entire house cost,0,2026-8:0;2026-7:0;2026-6:0;2026-5:0;2026-4:0;2026-3:0
rental appraisal eden hill,0,2026-8:0;2026-7:0;2026-6:0;2026-5:0;2026-4:0;2026-3:0
rental appraisal shelley,0,2026-8:0;2026-7:0;2026-6:0;2026-5:0;2026-4:0;2026-3:0
rental valuation bentley,0,2026-8:0;2026-7:0;2026-6:0;2026-5:0;2026-4:0;2026-3:0
sell house agent fee,0,2026-8:0;2026-7:0;2026-6:0;2026-5:0;2026-4:0;2026-3:0
shelley rent estimate,0,2026-8:0;2026-7:0;2026-6:0;2026-5:0;2026-4:0;2026-3:0
should i fix my home loan or stay variable in 2026?,0,2026-8:0;2026-7:0;2026-6:0;2026-5:0;2026-4:0;2026-3:0
south melbourne median house price,0,2026-8:0;2026-7:0;2026-6:0;2026-5:0;2026-4:0;2026-3:0
toorak property prices,0,2026-8:0;2026-7:0;2026-6:0;2026-5:0;2026-4:0;2026-3:0
treeby conveyancing,0,2026-8:0;2026-7:0;2026-6:0;2026-5:0;2026-4:0;2026-3:0
under offer vs under contract,0,2026-8:0;2026-7:0;2026-6:0;2026-5:0;2026-4:0;2026-3:0
what home loan can i afford,0,2026-8:0;2026-7:0;2026-6:2;2026-5:2;2026-4:2;2026-3:0
what is my borrowing capacity,0,2026-8:0;2026-7:2;2026-6:2;2026-5:4;2026-4:2;2026-3:3
which suburbs are the cheapest to buy in australia,0,2026-8:0;2026-7:0;2026-6:0;2026-5:0;2026-4:0;2026-3:0
whole house remodel cost,0,2026-8:0;2026-7:0;2026-6:0;2026-5:0;2026-4:0;2026-3:0
500 000 mortgage payment,0,2026-8:0;2026-7:0;2026-6:6;2026-5:15;2026-4:22;2026-3:34
agents fees to sell a house,0,2026-8:0;2026-7:0;2026-6:0;2026-5:0;2026-4:0;2026-3:0
anz calculator how much can i borrow,0,2026-8:0;2026-7:0;2026-6:0;2026-5:0;2026-4:0;2026-3:0
aussie home loans borrowing calculator,0,2026-8:0;2026-7:0;2026-6:0;2026-5:0;2026-4:0;2026-3:0
australia borrowing power calculator,0,2026-8:0;2026-7:0;2026-6:0;2026-5:0;2026-4:0;2026-3:0
average house price frenchs forest,0,2026-8:0;2026-7:0;2026-6:0;2026-5:0;2026-4:0;2026-3:0
