date,clicks,impressions,ctr,position
2026-06-30,11,9113,0.0012,10.1
2026-07-01,18,8380,0.0021,9.8
2026-07-02,13,6701,0.0019,10.3
2026-07-03,10,4496,0.0022,11.9
2026-07-04,15,4876,0.0031,17.5
2026-07-05,15,6950,0.0022,16.8
2026-07-06,10,5811,0.0017,16.4
2026-07-07,8,4432,0.0018,12.9
2026-07-08,10,4927,0.002,12.2
2026-07-09,7,5044,0.0014,12.5
2026-07-10,8,3309,0.0024,17.2
2026-07-11,6,2976,0.002,14.5
2026-07-12,7,4780,0.0015,11.6
2026-07-13,13,5311,0.0024,16.5
2026-07-14,10,6247,0.0016,22.1
2026-07-15,17,5128,0.0033,17.1
2026-07-16,5,4168,0.0012,14.5
2026-07-17,11,2989,0.0037,17.3
2026-07-18,13,2653,0.0049,17.4
2026-07-19,14,4078,0.0034,13.7
2026-07-20,15,4484,0.0033,13.4
2026-07-21,7,4352,0.0016,13.0
2026-07-22,7,4137,0.0017,13.1
2026-07-23,8,3423,0.0023,14.0
2026-07-24,9,2198,0.0041,16.6
2026-07-25,9,1943,0.0046,15.4
2026-07-26,13,2983,0.0044,13.1
2026-07-27,11,3275,0.0034,14.9
2026-07-28,5,3248,0.0015,15.2
2026-07-29,8,3611,0.0022,14.2
2026-07-30,5,3710,0.0013,14.9
2026-07-31,11,2609,0.0042,15.4
2026-08-01,11,2376,0.0046,16.3
2026-08-02,13,3922,0.0033,14.0
2026-08-03,5,3951,0.0013,13.4
2026-08-04,11,3861,0.0028,12.8
2026-08-05,11,3613,0.003,13.4
2026-08-06,10,3387,0.003,13.0
2026-08-07,13,2383,0.0055,14.8
2026-08-08,8,2375,0.0034,12.7
2026-08-09,13,3708,0.0035,12.3
2026-08-10,7,5245,0.0013,15.3
2026-08-11,6,7015,0.0009,11.8
2026-08-12,4,5019,0.0008,13.5
2026-08-13,14,6009,0.0023,14.7
2026-08-14,11,4097,0.0027,13.6
2026-08-15,11,3899,0.0028,16.0
2026-08-16,15,6311,0.0024,13.0
2026-08-17,7,6722,0.001,13.5
2026-08-18,16,6810,0.0023,13.1
2026-08-19,12,6960,0.0017,12.8
2026-08-20,10,6300,0.0016,13.5
2026-08-21,9,4096,0.0022,16.3
2026-08-22,6,3581,0.0017,15.4
2026-08-23,9,6253,0.0014,12.2
2026-08-24,11,6509,0.0017,12.8
2026-08-25,6,6486,0.0009,13.0
2026-08-26,15,6322,0.0024,12.9
2026-08-27,11,5797,0.0019,14.2
2026-08-28,9,4002,0.0022,15.6
2026-08-29,7,3737,0.0019,17.7
2026-08-30,11,6780,0.0016,14.2
2026-08-31,12,7243,0.0017,14.5
2026-09-01,11,6962,0.0016,11.8
2026-09-02,11,6666,0.0017,11.5
2026-09-03,7,6286,0.0011,12.2
2026-09-04,7,4722,0.0015,15.1
2026-09-05,9,3908,0.0023,14.1
2026-09-06,9,7172,0.0013,12.0
2026-09-07,9,7927,0.0011,15.4
2026-09-08,11,8440,0.0013,19.6
2026-09-09,5,6963,0.0007,15.6
2026-09-10,7,6242,0.0011,13.0
2026-09-11,3,3886,0.0008,14.3
2026-09-12,7,3531,0.002,13.7
2026-09-13,11,6031,0.0018,11.8
2026-09-14,10,6336,0.0016,13.1
2026-09-15,14,5890,0.0024,12.5
2026-09-16,24,6050,0.004,12.1
2026-09-17,8,5305,0.0015,10.5
2026-09-18,7,3446,0.002,13.7
2026-09-19,8,3178,0.0025,11.2
2026-09-20,13,6025,0.0022,9.6
2026-09-21,16,6450,0.0025,10.7
2026-09-22,14,6196,0.0023,10.4
2026-09-23,12,6228,0.0019,10.1
2026-09-24,9,5836,0.0015,10.4
2026-09-25,7,4423,0.0016,11.6
2026-09-26,9,4561,0.002,12.6
2026-09-27,10,7436,0.0013,10.9
