query,our_rank,our_url,top10,paa,ai_overview,aio_cited,serp_features,results_count
real estate commission nsw,,,4 https://verify.licence.nsw.gov.au/details/Contractor%20Licence/1-LJY-127 | 5 https://www.facebook.com/FairTradingNSW/videos/nsw-rental-reforms-are-making-a-real-difference-for-renters-changes-including-no/1400351001968016/ | 6 https://www.realestate.com.au/find-agent/upper-orara-nsw-2450 | 7 https://verify.licence.nsw.gov.au/details/Contractor%20Licence/1-4A69EX | 8 https://www.property.com.au/nsw/erskineville-2043/binning-st/41-pid-175401/ | 9 https://www.property.com.au/nsw/cooma-2630/commissioner-st/3-15-pid-396862/ | 10 https://verify.licence.nsw.gov.au/details/Contractor%20Licence/1-LFN-2142,How much does it cost to get a real estate licence in NSW? | How to become a real estate agent in NSW? | How long does it take to get a real estate license in NSW? | How much does a first year real estate agent make in Australia? | What is the biggest mistake a real estate agent can make?,yes,www.openagent.com.au | connectskillsinstitute.edu.au | ncat.nsw.gov.au | www.reddit.com | www.salebyhomeowner.com.au | www.myagency.com.au | www.yourpropertyguide.com.au,"ai_overview,images,organic,people_also_ask",7
real estate commission qld,,,2 https://whichrealestateagent.com.au/agent-fees/real-estate-agent-commission-qld/ | 4 https://www.reiq.com/articles/property-sales/no-standard-commission-queensland | 5 https://www.reddit.com/r/AusFinance/comments/1jaw69d/whats_the_current_going_rate_for_brisbane_real/ | 7 https://eng.quicklaw.com.au/public/convey-comm-calc-qld.aspx?ref=constructor.net.au | 8 https://www.openagent.com.au/blog/commissions-pay-queensland-real-estate-agent | 9 https://connectskillsinstitute.edu.au/real-estate-commission-qld-calculator/ | 10 https://empirelegal.com.au/real-estate-commission-calculator/ | 11 https://www.qld.gov.au/housing/buying-owning-home/selling-a-home/before-you-put-your-home-on-the-market/commissions-and-costs | 12 https://www.realestate.com.au/advice/real-estate-agent-commissions/,How to calculate real estate commission in QLD? | What percentage do most realtors charge? | What are the typical solicitor fees for selling a house in Queensland? | How much do real estate agents earn in QLD? | What is the biggest mistake a real estate agent can make? | What is the highest paid type of real estate agent?,yes,whichrealestateagent.com.au | eng.quicklaw.com.au | www.openagent.com.au | www.reiq.com | empirelegal.com.au | connectskillsinstitute.edu.au | www.unreservedrealestate.com.au | www.localagentfinder.com.au,"ai_overview,organic,people_also_ask,people_also_search,related_searches",107
real estate agent fees,,,2 https://ourtop10.com.au/blog/buyers-agent-fees/ | 5 https://sellingyourproperty.com.au/428-whatll-cost-hire-real-estate-agent/ | 6 https://realestate-david-beshay.com.au/real-estate-agent-fees/ | 7 https://www.reddit.com/r/AusFinance/comments/1d1lekx/any_success_with_knocking_down_real_estate_agent/ | 8 https://www.allenproperty.com.au/what-are-the-costs-of-selling-a-property-in-hervey-bay-agent-fees-marketing-and-more/ | 9 https://smartrealty.com.au/understanding-real-estate-agent-selling-fees-in-perth/ | 10 https://zedrealestate.au/buyers-agent-fees-australia-the-elite-guide-to-investing-in-market-mastery/ | 11 https://www.propertychat.com.au/community/tags/agent-fees/,What percentage do most realtors charge? | What percentage do most estate agents charge? | How much do real estate agents get paid in Australia? | What are the typical rental agent fees in Queensland? | What is the standard real estate commission in QLD? | What is the 30% rent rule in Australia?,yes,www.reddit.com | sellingyourproperty.com.au | smartrealty.com.au | realestate-david-beshay.com.au | www.localsearch.com.au,"ai_overview,discussions_and_forums,organic,people_also_ask,related_searches",152000
real estate commission calculator,,,1 https://keylaw.com.au/commission-calculator/ | 2 https://www.openagent.com.au/tools/commissions-calculator | 4 https://eng.quicklaw.com.au/public/convey-comm-calc-qld.aspx?ref=constructor.net.au | 6 https://connectskillsinstitute.edu.au/real-estate-commission-nsw-calculator/ | 7 https://www.omnicalculator.com/finance/real-estate-commission | 8 https://whichrealestateagent.com.au/calculators/agent-fees-commission/vic-melbourne/ | 9 https://empirelegal.com.au/real-estate-commission-calculator/ | 10 https://www.localagentfinder.com.au/real-estate-tools/agent-commission-calculator | 11 https://direct.geteagle.com.au/resources/commission-calculator/,How to calculate real estate commission in QLD? | What percentage do most real estate agents charge? | How do you calculate commission on sale of property? | How to calculate agent commission? | Is 70/30 a good commission split? | What is the formula for calculating commission?,yes,www.openagent.com.au | eng.quicklaw.com.au | www.omnicalculator.com | zedrealestate.au | www.propertynow.com.au | www.unreservedrealestate.com.au | www.salebyhomeowner.com.au | jenman.com.au,"ai_overview,organic,people_also_ask,related_searches",103
cost of selling a house nsw,,,2 https://www.propertychat.com.au/community/threads/understand-cashflow-after-sales.71994/ | 4 https://www.reddit.com/r/AusPropertyChat/comments/1pcth61/real_estate_suggestions_for_selling_a_house_in/ | 5 https://www.realestate.com.au/news/experts-warn-sellers-against-selling-off-market-as-incredible-buyer-interest-drives-house-prices-up/ | 6 https://www.justanswer.com/australian-law/c7gh5-thinking-selling-property-small-amount-so.html | 7 https://legislation.nsw.gov.au/view/whole/html/1998-03-17/act-1919-006 | 8 https://forums.whirlpool.net.au/archive/2552008 | 9 https://www.realestate.com.au/sold/between-0-250000-in-nsw/list-1 | 10 https://www.ozbargain.com.au/node/312410 | 11 https://oliverandcoconveyancing.com.au/tips-for-first-home-buyers/,"What tax do you pay when you sell a house in NSW? | What is the hardest month to sell a house? | Are house prices expected to drop in 2026? | How much stamp duty would I pay on a $700,000 house in NSW? | How do I avoid paying stamp duty in NSW? | How to avoid stamp duty?",yes,jamesonlaw.com.au | www.ozbargain.com.au | forums.whirlpool.net.au,"ai_overview,organic,people_also_ask,related_searches",139000
cost of selling a house,,,2 https://www.westpac.com.au/home-loans/next-home/cost-selling-house | 4 https://www.reddit.com/r/AusPropertyChat/comments/1btnu8h/how_much_does_it_cost_to_sell_a_house/ | 5 https://www.realestate.com.au/advice/how-much-does-it-cost-to-sell-a-house/ | 6 https://www.banksa.com.au/personal/home-loans/next-home/cost-selling-house | 7 https://www.openagent.com.au/blog/how-much-does-it-cost-to-sell-a-house-in-qld | 8 https://whichrealestateagent.com.au/agent-fees/costs-of-selling-a-property-perth-wa/ | 9 https://www.anz.com.au/personal/home-loans/tips-and-guides/typical-costs/ | 10 https://www.mitchelltorre.com.au/post/understanding-property-selling-costs-in-victoria | 11 https://www.bcu.com.au/calculators/home-buying-and-selling-cost-calculator/,"What tax do you pay when you sell a house in NSW? | What devalues a house the most? | What are the typical solicitor fees for selling a house in New South Wales, Australia? | What is the hardest month to sell a house in Australia? | Who pays for the renovations on selling houses in Australia? | Will 2026 be a good time to sell?",yes,www.westpac.com.au | www.realestate.com.au | www.banksa.com.au | www.openagent.com.au | www.stgeorge.com.au | www.opendoor.com | www.propertynow.com.au,"ai_overview,organic,people_also_ask,related_searches",140
how much do real estate agents charge,,,2 https://propertygo.com.au/buyer-agents/property-home-base/fees | 4 https://www.realestatebusiness.com.au/industry/6381-what-commission-rate-do-you-charge | 6 https://www.propertychat.com.au/community/threads/how-much-do-you-pay-in-property-management-fees.64788/ | 7 https://clintonbarkerproperty.com.au/advice/real-estate-agent-commission-northern-adelaide | 8 https://ipsbuyersagents.com.au/2024/12/31/how-to-get-the-most-out-of-your-brisbane-buyers-agent/ | 9 https://househunters.com.au/buyers-agent-fees/ | 10 https://www.facebook.com/groups/656105789723946/posts/1333899718611213/ | 11 https://agent.inspectrealestate.com.au/how-much-do-property-management-companies-charge-in-australia-startup/,What percentage do most realtors charge? | What percentage do most estate agents charge? | Do real estate agents get paid if the house doesn't sell? | What are the typical rental agent fees in Queensland? | What is the 30% rent rule in Australia? | What is the standard real estate commission in QLD?,yes,whichrealestateagent.com.au | urbanrenters.com.au | www.realestatebusiness.com.au | www.propertychat.com.au | agent.inspectrealestate.com.au | ipsbuyersagents.com.au | propertygo.com.au | clintonbarkerproperty.com.au | listwithclever.com | www.opendoor.com | www.usrealtytraining.com | finance.yahoo.com | www.homelight.com | www.forbes.com | www.housingwire.com | www.zillow.com,"ai_overview,discussions_and_forums,organic,people_also_ask",182000
real estate agent fees sydney,,,2 https://www.reddit.com/r/AusPropertyChat/comments/1l10dxe/what_would_be_the_real_estate_commission_on_a_25m/ | 4 https://www.unicornbuyersagents.com.au/buyers-agent-inner-west/ | 5 https://forums.whirlpool.net.au/archive/3pxjrr26 | 6 https://www.propertynow.com.au/blog/hiring-a-real-estate-agent-will-you-get-more-for-your-home/ | 7 https://henderson.com.au/blog/your-guide-to-navigating-sydneys-competitive-real-estate-with-a-buyers-agent/ | 8 https://www.propertychat.com.au/community/threads/best-commission-rate-in-your-area.19345/ | 9 https://whichrealestateagent.com.au/best-agents/picton-wollondilly-nsw-2571/ | 10 https://www.australiaforum.com/threads/real-estate-agent-commission-for-rent.4780/ | 11 https://forums.whirlpool.net.au/archive/1704921,How much commission do real estate agents make in Sydney? | What are the typical real estate agent rental fees in NSW? | What percentage do most realtors charge? | What is the hardest month to sell a house? | What devalues a house the most? | Which week in 2026 is the best to sell a house?,yes,www.reddit.com | www.openagent.com.au | www.realestate.com.au | www.irec.com.au | whichrealestateagent.com.au | www.localagentfinder.com.au,"ai_overview,organic,people_also_ask,related_searches",141000
stamp duty calculator nsw,,,1 https://www.hatchrealestate.com.au/stamp-duty-calculator | 4 https://play.google.com/store/apps/details?id=au.softwarehouse.stampdutycalculatorau&hl=en | 5 https://mortgagebrg.com.au/stamp-duty-calculator-nsw.html | 6 https://biz.ozsparkhub.com.au/en/tools/stamp-duty-calculator | 7 https://lashkariproperties.com/stamp-duty/nsw | 8 https://yourownterms.com.au/stamp-duty-calculator/nsw/ | 9 https://calcy.com.au/stamp-duty-calculator/nsw | 10 https://lodgey.io/nsw/stamp-duty-calculator | 11 https://ozcalc.com.au/stamp-duty-calculator/,How much is stamp duty on a $800000 house in NSW? | What are the stamp duty rates for NSW in 2026? | How to calculate buyer stamp duty? | How do I avoid paying stamp duty in NSW? | Who is exempt from paying stamp duty in NSW? | Can I sell my property to my son for $1?,yes,www.revenue.nsw.gov.au | www.stampdutycalcs.com.au | www.comparethemarket.com.au,"ai_overview,organic,people_also_ask",10
stamp duty calculator wa,,,1 https://www.devineproperty.com.au/stamp-duty-calculator | 4 https://www.inovayt.com.au/finance-calculators/stamp-duty-calculator/ | 5 https://suburbscan.com.au/stamp-duty-calculator/wa | 6 https://australianmilitarybank.com.au/calculator/Loan%20Calculators/adcu_stamp_duty.htm | 7 https://www.riverhillgroup.com.au/stamp-duty-calculator | 8 https://stamp-duty-calculator-wa.netlify.app/ | 9 https://www.mycalculator.com.au/calculators/home-loans/stamp-duty | 10 https://stampduty.calculatorsaustralia.com.au/stamp-duty-off-the-plan-australia | 11 https://paymaths.com.au/stamp-duty/wa,"How much stamp duty do you pay in WA? | How to avoid paying stamp duty in WA? | How do I calculate the transfer duty on a property I purchased? | How to work out how much stamp duty will be? | How much stamp duty will I pay on $800,000? | How to calculate buyer stamp duty?",yes,www.wa.gov.au | reiwa.com.au | www.money.com.au | www.stampdutycalcs.com.au | www.uhre.com.au | wellmoney.com.au,"ai_overview,organic,people_also_ask,related_searches",91300
stamp duty qld,,,1 https://qro.qld.gov.au/duties/transfer-duty/calculate/transfer-duty-estimator/ | 3 https://stampduty.calculatorsaustralia.com.au/stamp-duty-qld | 5 https://qro.qld.gov.au/duties/transfer-duty/calculate/ | 6 https://www.queenslandcountry.bank/calculator/stamp-duty-calculator/ | 7 https://qro.qld.gov.au/duties/transfer-duty/calculate/concession-rates/ | 8 https://qro.qld.gov.au/duties/transfer-duty/ | 9 https://www.boq.com.au/personal/help-and-support/tools-calculators/stamp-duty-calculator | 10 https://www.qld.gov.au/housing/buying-owning-home/home-buyers-financial-help/transfer-duty | 11 https://www.reckon.com/au/small-business-resources/tax/queensland-stamp-duty/,"How much is stamp duty in Queensland? | How much stamp duty would I pay on a $1,000,000 house in Queensland? | How to avoid paying stamp duty in QLD? | What is the stamp duty on $820,000? | How much stamp duty will I pay on $800,000? | Do seniors get a discount on stamp duty?",yes,qro.qld.gov.au | www.qld.gov.au | stampduty.calculatorsaustralia.com.au | www.stampdutycalcs.com.au | www.conveyancing.com.au | www.reckon.com,"ai_overview,organic,people_also_ask,related_searches",99
how much is stamp duty wa,,,2 https://reiwa.com.au/the-wa-market/resources/calculators/stamp-duty-calculator/ | 4 https://www.wa.gov.au/service/financial-management/taxation-and-duty/calculate-your-transfer-duty | 5 https://www.money.com.au/home-loans/calculators/stamp-duty-calculator/wa | 6 https://www.transport.wa.gov.au/licensing/vehicle/duty-calculator | 7 https://apps.osr.wa.gov.au/revenuewaconnect/0/home?destination=calculators:transferduty | 8 https://www.commbank.com.au/digital/home-buying/calculator/stamp-duty-calculator | 9 https://www.feasly.com.au/guides/stamp-duty-calculator-wa | 10 https://www.iselect.com.au/home-loans/stamp-duty/wa/ | 11 https://perthmortgagespecialist.com.au/perth-related/the-wa-rates-of-stamp-duty/,"How to avoid paying stamp duty in WA? | What is stamp duty on $820,000? | Who is eligible for stamp duty exemption WA? | How do I calculate the transfer duty on a property I purchased? | What are the new transfer fees for 2026? | What is the formula for calculating stamp duty?",yes,www.money.com.au | reiwa.com.au | www.transport.wa.gov.au | www.iselect.com.au | www.stampdutycalcs.com.au | www.feasly.com.au | www.comparethemarket.com.au | stampduty.calculatorsaustralia.com.au | wellmoney.com.au | apps.osr.wa.gov.au | www.wa.gov.au | www.kprperth.com.au,"ai_overview,organic,paid,people_also_ask,related_searches",99
lmi calculator,,,1 https://www.helia.com.au/the-hub/calculators-estimators/lmi-fee-estimator | 2 https://www.westpac.com.au/personal-banking/home-loans/calculator/stamp-duty-calculator/ | 3 https://www.bankofmelbourne.com.au/personal/home-loans/home-loan-calculators/stamp-duty-calculator | 5 https://stanfordfinancial.com.au/calculators/lmi-calculator | 7 https://www.lendi.com.au/calculators/lmi-calculator/ | 8 https://www.homeloanexperts.com.au/lenders-mortgage-insurance/lmi-calculator/ | 9 https://www.canstar.com.au/home-loans/lenders-mortgage-insurance/ | 10 https://www.savings.com.au/calculators/lenders-mortgage-insurance-calculator | 11 https://www.commbank.com.au/home-loans/lenders-mortgage-insurance.html,"How much LMI on a 10% deposit? | How is the LMI rate calculated? | How much will I need to repay monthly on a $1,000,000 mortgage? | How to avoid LMI without 20% deposit? | How to get LMI waived? | How much do you need to earn for a $700000 mortgage?",yes,www.helia.com.au | www.westpac.com.au | www.bankofmelbourne.com.au | www.savings.com.au | www.lendi.com.au | www.canstar.com.au | stanfordfinancial.com.au | www.commbank.com.au | www.lendology.com.au,"ai_overview,organic,people_also_ask,related_searches",99
how much deposit do i need to buy a house,,,2 https://darkhorsefinancial.com.au/deposit-for-home-loan/ | 4 https://www.realestate.com.au/advice/how-much-deposit-do-i-need-to-buy-first-home/?page=rea:buy:project%20profile%20details&element=content_carousel%7Cslot_1 | 6 https://fundd.com.au/buying-a-270000-house-deposit-needed-fees-grants-and-interest/ | 7 https://www.reddit.com/r/AusFinance/comments/iynbmy/is_my_understanding_of_what_i_need_for_a_house/ | 8 https://www.ozlend.com.au/how-to-buy-property-with-little-or-no-deposit-and-avoid-lmi/ | 9 https://northbrisbanehomeloans.com.au/how-much-do-you-need-for-a-house-deposit/ | 10 https://fundd.com.au/buying-a-595000-house-deposit-needed-fees-grants-and-interest/ | 11 https://www.everlend.com.au/how-much-deposit-south-east-melbourne/,"How much deposit do I need for a $700000 house? | How much deposit do I need for a 300k house? | Is $40,000 enough for a house deposit? | Can I buy a house with a $20,000 deposit? | What is the minimum deposit required for a $1,000,000 house? | How much do you need for a down payment on a $300,000 house?",yes,www.nab.com.au | firsthomebuyers.gov.au | www.westpac.com.au | www.hsbc.com.au | www.peoplefirstbank.com.au | www.wowhomes.com.au | www.canstar.com.au | www.youtube.com,"ai_overview,discussions_and_forums,organic,people_also_ask,related_searches",155000
first home buyer grant nsw,,,2 https://nfinityfinancials.com/first-home-owner-grant-nsw-explained/ | 4 https://www.easylinkconveyancing.com.au/resources/first-home-buyers-grant-nsw/ | 5 https://www.reddit.com/r/AusProperty/comments/1dtb48l/firsttime_homebuyer_grants/ | 6 https://www.propertychat.com.au/community/threads/first-home-buyers-grant-nsw.21988/ | 7 https://www.justanswer.com/australian-law/b51jl-purchase-property-name-single.html | 8 https://www.reddit.com/r/AusProperty/comments/10nx9ka/what_are_the_current_first_home_buyer_schemes/ | 9 https://forums.whirlpool.net.au/archive/974pj4xr | 10 https://www.somersoft.com/threads/fhog-for-girlfriend.51552/ | 11 https://money.stackexchange.com/questions/69235/benefits-and-tax-deduction-for-first-home-in-nsw-australia,"How much is the NSW First home grant? | Is stamp duty free for first home buyers in NSW? | Is the $10k first home buyers grant in Australia for a couple or each person? | How much deposit do you need with the first home owners grant? | How much deposit do I need for a $500,000 house? | How much income do you need to buy a $650 000 house in Australia?",yes,www.revenue.nsw.gov.au | www.nsw.gov.au | coralhomes.com.au,"ai_overview,organic,people_also_ask",63100
first home buyer stamp duty exemption nsw,,,2 https://www.revenue.nsw.gov.au/grants-schemes/assistance-scheme | 4 https://www.mortgagechoice.com.au/ryan.pappas/our-services/nsw-first-home-buyers-grant-summary/ | 5 https://www.stampdutycalcs.com.au/nsw/first-home-buyer | 6 https://www.revenue.nsw.gov.au/taxes-duties-levies-royalties/transfer-duty/exemptions-and-concessions | 7 https://www.youi.com.au/home-insurance/articles/how-much-is-stamp-duty-for-first-home-buyers | 8 https://www.inovayt.com.au/blog/stamp-duty-exemption-in-nsw/ | 9 https://jmalegal.com.au/first-home-buyers-choice-nsw/ | 10 https://www.afmsgroup.com.au/how-to-avoid-stamp-duty-in-nsw-a-comprehensive-guide/ | 11 https://www.turnbullhill.com.au/articles/conveyancing-are-you-eligible-for-a-grant/,"How do I avoid paying stamp duty in NSW? | Are first home buyers exempt from stamp duty in South Australia? | How much stamp duty would I pay on a $700,000 house in NSW? | Who is exempted from stamp duty? | Who is exempt from paying stamp duty in NSW? | How to avoid stamp duty?",yes,www.revenue.nsw.gov.au | www.nsw.gov.au | www.mortgagechoice.com.au | www.ljhooker.com.au | imperoconveyancing.com.au,"ai_overview,organic,people_also_ask,related_searches",119
borrowing power calculator,,,1 https://www.umoceania.com.au/calculators/borrowing-power-calculator | 3 https://chillifinance.smartonline.com.au/calculators/borrowing-power-calculator/ | 4 https://lifestylefinancegroup.com.au/calculator-borrowing-capacity/ | 5 https://www.greenhouse.net.au/borrowing-power-calculator/ | 6 https://theloanbroker.com.au/borrowing-power-calculator/ | 7 https://flex.afgonline.com.au/afg/enu/calculators/BorrowingPower.html | 8 https://melbournemortgage.com.au/mortgage-broker-calculators/borrowing-power-calculator/ | 9 https://www.bankvic.com.au/calculators/borrowing-power.html | 10 https://mymoneysorted.com.au/calculator/borrowing-power/,,yes,www.commbank.com.au | www.nab.com.au | www.suncorpbank.com.au | www.westpac.com.au | www.youtube.com,"ai_overview,organic",104000
rental yield calculator,,,1 https://www.ing.com.au/home-loans/calculators/rental-yield-calculator.html | 2 https://www.calculatestuff.com/financial/rental-yield-calculator | 3 https://www.ianritchie.com.au/rental-yield-calculator | 6 https://www.westpac.com.au/home-loans/investing-in-property/rental-yield | 7 https://propertyinvestmentprofessionals.com.au/tools/rental-yield-calculator | 8 https://www.hudsonproperty.com.au/rental-yield-calculator | 9 https://www.rentalyieldcalculator.com.au/ | 10 https://www.realpropertymanager.com.au/rental-yield-calculator | 11 https://www.seachangeproperty.com.au/rental-yield-calculator,How do you calculate rental yield? | Is 4.5% rental yield good? | What is a good rental yield in Australia? | What is a 6% yield? | What is the 30% rent rule in Australia? | Is 3.5% a good rental yield?,yes,www.ing.com.au | propertyinvestmentprofessionals.com.au | www.rentalyieldcalculator.com.au,"ai_overview,organic,people_also_ask,related_searches",111
mortgage calculator australia,,,1 https://moneysmart.gov.au/home-loans/mortgage-calculator | 2 https://www.commbank.com.au/digital/home-buying/calculator/home-loan-repayments | 3 https://www.westpac.com.au/personal-banking/home-loans/calculator/mortgage-repayment/ | 7 https://www.peoplefirstbank.com.au/calculators/home-loan-calculators | 8 https://www.anz.com.au/personal/home-loans/calculators-tools/home-loan-repayment-calculator/ | 9 https://www.ing.com.au/home-loans/calculators/repayments.html | 10 https://www.suncorpbank.com.au/calculators/home-loan-calculators/repayment-calculator.html | 11 https://www.nab.com.au/personal/home-loans/calculators/loan-repayments-calculator | 12 https://www.pnbank.com.au/calculators/home-loan-repayment/,"How much is a $600000 mortgage monthly in Australia? | How much do you need to earn for a $700000 mortgage? | How to pay a $400,000 mortgage in 5 years? | What is the monthly payment on an $800,000 mortgage? | Can a 70 year old get a 20 year mortgage? | How much would a $500,000 mortgage cost per month?",yes,moneysmart.gov.au | www.commbank.com.au | www.westpac.com.au | www.anz.com.au | www.pnbank.com.au,"ai_overview,organic,people_also_ask,people_also_search,related_searches",118
affordability calculator,,,1 https://communitytrust.com/affordability-calculator/ | 3 https://aeenx.com/au/mortgage-affordability-calculator-australia/ | 4 https://wealthwaveone.com/calculators/home-affordability-calculator | 5 https://www.dentalandmedical.com/calculators/mortgageaffordability/ | 6 https://www.calkoo.com/en/house-affordability-calculator | 7 https://www.okay.com/en/mortgagecalculator/affordability | 8 https://www.cat.com/en_ID/support/financing-protection/resources/tools-calculators/affordability-calculator/my-affordability-calculator.html | 10 https://www.ecentralcu.org/about-us/calculators/Home-affordability | 11 https://getgohomeloans.com/bond-affordability-calculator,"How do you calculate affordability? | How much income do you need to buy a $650 000 house in Australia? | How to check your affordability? | What percentage of Australians can afford a house? | At what age do Australians typically pay off their mortgage? | How many Australians have $100,000 in savings?",yes,www.stgeorge.com.au | www.commbank.com.au | www.youtube.com,"ai_overview,organic,people_also_ask",1340000
capital gains tax calculator property,,,1 https://propertycompass.sextantdigital.com.au/app/cgt | 3 https://www.rjsanderson.com.au/blog/calculating-capital-gains-tax | 4 https://aussiecalc.com/cgt-calc | 6 https://australianpropertyexperts.com.au/investment-structure-calculator/ | 7 https://www.taxapp.com.au/a-beginner-s-guide-how-to-calculate-australian-cgt-using-a-free-tax-app | 8 https://www.endurego.com.au/australia-capital-gains-tax-on-property/ | 9 https://diversainsurance.com.au/what-is-capital-gains-tax-and-how-do-i-calculate-it/ | 10 https://ipvaluations.sydney/capital-gains-tax-and-property-valuation-traps/ | 11 https://support.taxtank.com.au/en/articles/7922166-how-the-capital-gains-tax-cgt-report-works,"How do you calculate capital gains tax on property? | How do I calculate capital gains on the sale of a property? | What is the 6 year rule for capital gains tax on property in Australia? | How much capital gains tax will I pay on $100,000? | How much capital gains will I have to pay on $300,000? | What ISA simple trick for avoiding capital gains tax?",yes,www.ato.gov.au | www.money.com.au | www.yourinvestmentpropertymag.com.au | australianpropertyexperts.com.au | nanakaccountants.com.au | www.capitalgainscalculator.com.au,"ai_overview,organic,people_also_ask",102000
negative gearing calculator,,,1 https://www.savings.com.au/calculators/negative-gearing-calculator | 2 https://www.yourinvestmentpropertymag.com.au/calculators/negative-gearing | 3 https://www.tmsfinancial.com.au/negative-gearing-calculator/ | 5 https://propertyinvestmentprofessionals.com.au/tools/negative-gearing-calculator | 7 https://acttaxgroup.com.au/negative-gearing-calculator/ | 8 https://redrock.com.au/calculators/negative-gearing-calculator/ | 9 https://www.homeloanexperts.com.au/mortgage-calculators/negative-gearing-calculator/ | 10 https://stanfordfinancial.com.au/calculators | 11 https://australianpropertyexperts.com.au/negative-gearing-calculator/,"How do I calculate negative gearing? | Is negative gearing actually worth it? | How much capital gains do I pay on $200,000? | Can I still claim negative gearing on my investment property? | Can I sell my house to my son for $1 dollar in Australia? | Is negative gearing a loophole?",yes,www.savings.com.au | acttaxgroup.com.au | www.bottrellaccounting.com.au | koalafinancial.com.au | www.vestly.au,"ai_overview,organic,people_also_ask,related_searches",100
how much is my house worth,,,1 https://www.domain.com.au/property-profile | 3 https://www.property.com.au/ | 4 https://www.commbank.com.au/retail/netbank/home-buying/tools/property-insights | 6 https://www.realestate.com.au/property/ | 7 https://www.cotality.com/au/insights/articles/what-is-my-property-worth-a-definitive-australian-guide-to-discovering-your-homes-value | 8 https://reiwa.com.au/price-estimate/ | 9 https://www.propbuyai.com.au/blog/how-much-is-my-house-worth-australia | 10 https://www.openagent.com.au/openestimates/ | 11 https://www.onthehouse.com.au/,How do I check what my property is worth? | How can I check the value of my house? | What is the best website to check the value of your home? | How do you check the value of your property? | How do I calculate the value of my house? | What devalues a house the most?,yes,www.domain.com.au | www.realestate.com.au | www.commbank.com.au | www.openagent.com.au | www.anz.com.au | www.vendormarketing.com.au | www.onthehouse.com.au | www.aussie.com.au | www.propbuyai.com.au | www.cotality.com | whichrealestateagent.com.au,"ai_overview,organic,people_also_ask,related_searches",134
free property valuation,,,2 https://www.commbank.com.au/retail/netbank/home-buying/tools/property-insights | 3 https://www.property.com.au/ | 5 https://www.reddit.com/r/AusPropertyChat/comments/14jdp5j/best_online_property_valuation_tool/ | 6 https://www.propertyvalue.com.au/ | 7 https://www.pnbank.com.au/home-loans/free-property-report/ | 8 https://www.bcu.com.au/home-loans/free-online-property-report/ | 9 https://raywhiteonegroup.com.au/price-estimate/ | 10 https://www.anz.com.au/personal/home-loans/calculators-tools/property-profile-reports/ | 11 https://valuergeneral.sa.gov.au/valuation/Property-Valuations,Can I get a free property valuation? | What is the most accurate website for property value? | Can I get a free CoreLogic property value report? | How do I find the value of a piece of property? | How do I check what my property is worth? | What devalues a house the most?,yes,www.reddit.com | www.commbank.com.au | www.anz.com.au | www.realestate.com.au | raywhiteonegroup.com.au | harcourts.net | www.finder.com.au | www.domain.com.au | www.westpac.com.au | opteonsolutions.com | www.openagent.com.au | www.nab.com.au | www.facebook.com,"ai_overview,organic,people_also_ask,related_searches",136
property appraisal,,,2 https://www.property.com.au/ | 4 https://www.aussie.com.au/insights/articles/property-appraisals-vs-valuations-difference/ | 5 https://independent.com.au/appraisal | 6 https://www.ljhooker.com.au/sell/understanding-property-appraisals | 10 https://valuergeneral.sa.gov.au/valuation/Property-Valuations | 11 https://valuation.property.nsw.gov.au/ | 12 https://www.landgate.wa.gov.au/valuations/ | 13 https://www.anz.com.au/personal/home-loans/calculators-tools/property-profile-reports/ | 14 https://www.realestate.com.au/property/,What does a property appraisal include? | How much do property valuations charge? | What does it mean to appraise your property? | What should an appraisal cost? | What is a red flag on an appraisal? | What not to say to an appraiser?,yes,www.aussie.com.au | toowoomba.ljhooker.com.au | www.anz.com.au | propertyappraisalperth.au | www.realestate.com.au | www.facebook.com,"ai_overview,local_pack,organic,people_also_ask,related_searches",112
free property appraisal online,,,2 https://www.property.com.au/ | 3 https://www.commbank.com.au/retail/netbank/home-buying/tools/property-insights | 4 https://www.domain.com.au/property-profile | 5 https://www.realestate.com.au/property/ | 7 https://sale-appraisal.professionals.com.au/ | 8 https://raywhiteonegroup.com.au/price-estimate/ | 9 https://www.anz.com.au/personal/home-loans/calculators-tools/property-profile-reports/ | 10 https://www.reddit.com/r/AusPropertyChat/comments/14jdp5j/best_online_property_valuation_tool/ | 11 https://www.bcu.com.au/home-loans/free-online-property-report/,Are property appraisals free? | Where can I get a free property valuation? | Can I get a free CoreLogic property value report? | What is the best website to check my house value? | What devalues a house the most? | How do you check the value of your property?,yes,www.anz.com.au | www.reddit.com | www.commbank.com.au | www.realestate.com.au | www.openagent.com.au | www.localagentfinder.com.au,"ai_overview,organic,people_also_ask,related_searches",127
best real estate agents sydney,,,2 https://www.realestatebusiness.com.au/reb-top-100-agents-2025 | 7 https://lsre.com.au/ | 8 https://www.realestate.com.au/find-agent/sydney-nsw-2000 | 9 https://whichrealestateagent.com.au/real-estate-agents-sydney/ | 10 https://www.levypropertygroup.com.au/bondi-top-real-estate-agents-sydney/ | 11 https://www.top10realestateagent.com.au/ | 12 https://www.thebestrealestateagents.com.au/best-residential-real-estate-agents-in-sydney/ | 13 https://www.realestate.com.au/find-agency/sydney-cbd-nsw/ | 14 https://www.vanguarde.com.au/ | 15 https://www.levypropertygroup.com.au/most-successful-real-estate-agent-in-sydney/,Who is the most successful real estate agent in Sydney? | Who is the best real estate agent in Sydney? | Who is Australia's top real estate agent? | What are the top 10 real estate agencies in Australia? | Who is the most successful real estate agent? | How do I find good real estate agents?,yes,www.realestatebusiness.com.au | whichrealestateagent.com.au | www.top10realestateagent.com.au | www.google.com,"ai_overview,local_pack,organic,people_also_ask,related_searches",130
how to choose a real estate agent,,,2 https://www.reddit.com/r/AusPropertyChat/comments/1kztryy/choosing_between_two_good_real_estate_agents_to/ | 4 https://www.baysideproperties.com.au/how-to-choose-your-real-estate-agent | 5 https://ljhookerpropertypartners.com.au/landlords/how-to-choose-the-best-real-estate-agent/ | 7 https://bowerbirdinteriors.com.au/five-tips-to-help-you-choose-a-real-estate-agent/ | 8 https://fletchers.net.au/post/how-to-choose-a-real-estate-agent | 9 https://www.commercialrealestate.com.au/advice/8-ways-to-choose-the-right-real-estate-agent-for-you-819354/ | 10 https://www.realestate.com.au/news/how-to-choose-a-real-estate-agent-to-sell-your-house/ | 11 https://www.propertychat.com.au/community/threads/any-ways-to-know-more-about-the-real-estate-agent.70256/,What not to say to a real estate agent? | What is the hardest month to sell a house? | Who is the big 4 in real estate? | What is the biggest mistake a real estate agent can make? | What is the biggest problem for real estate agents? | Is it worth it to use a real estate agent?,yes,www.jdhrealestate.com.au | www.realestate.com.au | www.baysideproperties.com.au | bowerbirdinteriors.com.au | ljhookerpropertypartners.com.au | www.thehaus.exchange | www.quora.com | www.seabrookisland.com | www.estproperty.com.au,"ai_overview,discussions_and_forums,organic,people_also_ask",227000
compare real estate agents,,,1 https://www.localagentfinder.com.au/ | 3 https://reiwa.com.au/agent-finder/ | 4 https://www.realestate.com.au/find-agent | 5 https://www.ratemyagent.com.au/ | 7 https://www.openagent.com.au/ | 8 https://www.agentselect.com.au/ | 9 https://findyouragent.com.au/ | 10 https://www.localagentfinder.com.au/real-estate-agents-cities/melbourne | 11 https://whichrealestateagent.com.au/,How to compare estate agents? | Who is the best real estate agent in Australia? | How to pick the best real estate agent? | What is the best property value estimator in Australia? | Are house prices expected to drop in 2026? | Who is the most accurate home value estimator?,yes,www.localagentfinder.com.au | reiwa.com.au | www.realestate.com.au | www.ratemyagent.com.au | www.youtube.com | www.facebook.com,"ai_overview,organic,people_also_ask,related_searches",118
buyers agent cost,,,2 https://www.reddit.com/r/AusPropertyChat/comments/1ea2now/cost_of_buyers_agent/ | 4 https://www.buyersadvocate.com.au/how-much-does-a-buyers-agent-cost/ | 6 https://www.yourpropertyhound.com.au/brisbane-buyers-agents-fees-cost/ | 7 https://www.aussie.com.au/insights/articles/how-much-does-a-buyers-agent-cost/ | 8 https://entryeducation.edu.au/blog/buyers-agent-fees-and-commissions-australia/ | 9 https://www.hastingsba.com/buyers-agent-fees-sydney-cheapest-costly-mistake/ | 10 https://www.edwardsandsmith.com.au/tools/buyers-agent-fee-calculator | 11 https://perthbuyersagents.com.au/price-full/,Is a buyer's agent worth the money? | Do you pay a buyer's agent upfront? | Why are buyers agents so expensive? | Do buyers need to pay agent fees? | Can you claim buyers agent fees? | Is it good to have a buyer agent?,yes,www.reddit.com | www.hastingsba.com | australianpropertyexperts.com.au | buyersadvocates-melbourne.com.au | www.buyersagents.com.au | entryeducation.edu.au | www.youtube.com,"ai_overview,discussions_and_forums,organic,people_also_ask,related_searches",137
buyers agent fees sydney,,,2 https://johnsonpropertyco.com.au/how-much-do-buyers-agents-charge/ | 5 https://whatsthedamage.com.au/agencies/buyers-agent/sydney/ | 6 https://www.reddit.com/r/AusPropertyChat/comments/1p14t1z/getting_a_buyers_agent/ | 7 https://helentarrant.com/buyers-agent-fees-how-much-does-it-cost-to-hire-a-buyers-agent/ | 8 https://zedrealestate.au/buyers-agent-fees-australia-the-elite-guide-to-investing-in-market-mastery/ | 9 https://househunters.com.au/choose-the-right-buyers-agent-superior-research-made-easy/ | 10 https://johnsonpropertyco.com.au/how-much-does-a-buyers-agent-cost-sydney/ | 11 https://henderson.com.au/blog/your-guide-to-navigating-sydneys-competitive-real-estate-with-a-buyers-agent/,"Is it worth paying for a buyer's agent? | Do buyers need to pay agent fees? | Can you claim buyers agent fees? | What are the typical solicitor fees for buying a house in NSW, Australia? | Is it better to use a conveyancer or solicitor? | What are normal conveyancing fees?",yes,www.hastingsba.com | rebaa.com.au | australianpropertyexperts.com.au | gooddeeds.com.au | www.buyersagents.com.au | www.somerstone.com.au | entryeducation.edu.au,"ai_overview,discussions_and_forums,organic,people_also_ask,related_searches",145000
real estate agents morayfield,,,4 https://caboolture.ljhooker.com.au/ | 5 https://www.realestate.com.au/find-agent/morayfield-qld-4506 | 6 https://whichrealestateagent.com.au/best-agents/morayfield-morayfield-qld-4506/ | 7 https://professionalscaboolture.com.au/ | 9 https://pikeproperty.com.au/ | 10 https://www.movementrealty.com.au/ | 11 https://www.realestate.com.au/find-agency/morayfield-qld-4506/ | 12 https://www.ratemyagent.com.au/real-estate-profile/sales/morayfield-qld-4506 | 13 https://www.oneagencycaboolture.com.au/,,no,,"local_pack,organic,people_also_search,related_searches",108
best suburbs to invest in brisbane,,,2 https://www.realestate.com.au/news/queenslands-17-suburbs-to-watch-out-for-in-2026s-property-market/ | 3 https://www.frasersproperty.com.au/inspiration/best-suburbs-in-brisbane | 5 https://satterley.com.au/news/best-suburbs-to-invest-in-brisbane/ | 6 https://www.youtube.com/watch?v=vL8LB_uU2m8 | 7 https://www.huntergalloway.com.au/best-suburbs-in-brisbane/ | 8 https://www.stryve.com.au/blog/best-suburb-to-invest-in-brisbane | 9 https://australianpropertyupdate.com.au/apu/brisbanes-best-and-worst-performing-suburbs | 10 https://www.canstar.com.au/home-loans/best-suburbs-brisbane/ | 11 https://www.penroserealestate.com.au/where-to-buy-investment-property-in-brisbane/,"What suburbs will boom in 2026 in QLD? | What Brisbane suburbs will boom with the Olympics? | What are the best suburbs in Brisbane to invest in for $500,000 or less? | Which Brisbane suburbs are undervalued? | Which suburb is best to invest in Brisbane? | Is Brisbane property going to boom?",yes,www.canstar.com.au | www.realestate.com.au | www.frasersproperty.com.au | www.stryve.com.au | australianpropertyupdate.com.au | www.openagent.com.au | forresterproperties.com.au | www.huntergather.com.au | www.apimagazine.com.au | www.edwardsandsmith.com.au | www.penroserealestate.com.au,"ai_overview,organic,people_also_ask,related_searches",129
best suburbs in perth,,,2 https://www.cbdmovers.com.au/blog/best-perth-suburbs-to-explore-after-you-move/ | 4 https://risepropertybuyers.com.au/perth-best-suburbs-exploring-the-most-livable-areas-of-the-city/ | 5 https://www.reddit.com/r/perth/comments/f86ecy/suburb_recommendations/ | 6 https://www.launchfinance.com.au/fastest-growing-suburbs-perth | 7 https://www.fragileremovals.com.au/moving-tips/best-places-to-live-in-perth/ | 8 https://www.luxcitybnb.com/best-perth-suburbs-to-stay/ | 9 https://www.youtube.com/watch?v=vWdhj0-TT5Q | 11 https://www.facebook.com/groups/irishinperth/posts/24525589843751429/,"What suburbs to stay away from in Perth? | What is the richest suburb in Perth, WA? | What are the top 20 suburbs in Perth by crime rate? | Which suburbs will boom in 2026 in Perth? | Which suburb is best to invest in in Perth? | Is Perth property slowing down?",yes,keystms.com.au | www.stryve.com.au | www.launchfinance.com.au | www.fragileremovals.com.au,"ai_overview,discussions_and_forums,organic,people_also_ask,related_searches",138000
best rental yield suburbs australia,,,2 https://www.smartpropertyinvestment.com.au/best-suburbs/highest-yield-suburbs | 3 https://www.frasersproperty.com.au/inspiration/top-australian-suburbs-showing-the-highest-rental-yields-in-2026 | 5 https://www.reddit.com/r/AusPropertyChat/comments/1s4t95j/highest_rental_yield_suburbs_in_australia_right/ | 6 https://www.realestate.com.au/news/rental-tiches-top-10-aussie-yield-hotspots-revealed/ | 7 https://www.openagent.com.au/blog/suburbs-with-highest-rental-yield-australia | 8 https://www.savings.com.au/property/top-australian-suburbs-for-rental-yield-revealed | 9 https://www.homeloanexperts.com.au/investing-in-property/high-rental-yield-suburbs/ | 10 https://www.readysetbuy.com.au/post/the-top-5-highest-yielding-suburbs-in-australia-for-savvy-property-investors | 11 https://www.loans.com.au/home-loans/buying-investment-property/top-suburbs-for-rental-yield-in-south-australia,"What are the best Queensland suburbs to invest in for $500k or less? | Where in Australia has the best ROI? | Is a 4% rental yield good? | What are the top 10 suburbs to invest in Australia? | Where is property booming in Australia? | Where to invest $1,000,000 in Australia?",yes,www.smartpropertyinvestment.com.au | www.frasersproperty.com.au | www.savings.com.au | www.openagent.com.au | www.realestate.com.au,"ai_overview,organic,people_also_ask,related_searches",132
bondi median house price,,,"1 https://property.carto.au/suburbs/nsw/bondi/unit-prices/chart | 4 https://www.realestate.com.au/buy/in-bondi,+nsw+2026/list-3 | 5 https://www.facebook.com/eliteagentmag/photos/north-bondis-median-house-price-just-hit-4875-million-and-its-one-of-the-busiest/1562579809202843/ | 6 https://www.levypropertygroup.com.au/how-much-does-bondi-beach-real-estate-agents-cost/ | 7 https://www.realestate.com.au/buy/property-house-in-bondi+beach,+nsw+2026/list-7 | 8 https://buyingcost.com.au/suburbs/nsw/bondi-2026/ | 9 https://www.domain.com.au/news/the-median-in-bondi-junction-is-1-2-million-but-this-went-for-400000-1248564/ | 10 https://atlaso.com.au/suburb/bondi-beach-nsw-units | 11 https://realtysydney.com.au/questions/median-unit-price-bondi-beach",Is Bondi a good investment? | What is the median price of a house in Bondi? | Which suburb in Sydney has the highest median house price? | What is the most expensive house in Bondi? | What is the richest house in Sydney? | What are the 20 most expensive suburbs in Australia?,yes,www.realestate.com.au | www.property.com.au | www.yourinvestmentpropertymag.com.au,"ai_overview,organic,people_also_ask,related_searches",79000
morayfield house prices,,,"1 https://www.realestate.com.au/qld/morayfield-4506/ | 3 https://www.property.com.au/qld/morayfield-4506/ | 4 https://www.realestate.com.au/buy/in-morayfield,+qld+4506/list-1 | 5 https://affinityproperty.net.au/morayfield-property-market-report-june-2026/ | 6 https://www.openagent.com.au/suburb-profiles/morayfield-4506 | 7 https://www.domain.com.au/sale/morayfield-qld-4506/ | 8 https://www.yourinvestmentpropertymag.com.au/top-suburbs/qld/4506-morayfield | 9 https://www.allhomes.com.au/sale/morayfield-qld-4506/ | 10 https://www.propertyvalue.com.au/suburb/morayfield-4506-qld | 11 https://www.realestateinvestar.com.au/property/morayfield",Is Morayfield a good investment? | What suburbs will boom in 2026 in QLD? | What is Morayfield like to live in? | Where is the cheapest place in QLD to buy a house? | Which suburb in Queensland is considered the best to live in? | Are QLD house prices dropping?,no,,"google_reviews,knowledge_graph,organic,people_also_ask,related_searches",106
hawthorn median house price,,,1 https://www.realestate.com.au/vic/hawthorn-3122/ | 4 https://www.property.com.au/vic/hawthorn-3122/ | 5 https://www.yourinvestmentpropertymag.com.au/top-suburbs/vic/3122-hawthorn | 6 https://www.domain.com.au/suburb-profile/hawthorn-vic-3122 | 7 https://www.openagent.com.au/suburb-profiles/hawthorn-3122 | 8 https://www.woodards.com.au/suburb/hawthorn/ | 9 https://reiwa.com.au/suburb/mount-hawthorn/ | 10 https://azrea.com.au/hawthorn-east/market-data | 11 https://www.property.com.au/wa/mount-hawthorn-6016/,"Is Hawthorn a good place to invest? | Is Hawthorn an expensive area? | Is Hawthorn, Victoria a good suburb? | Which suburb in Melbourne has the highest median house price? | Which suburbs will boom in Melbourne? | Where do rich people live in Victoria?",yes,www.realestate.com.au | www.property.com.au,"ai_overview,organic,people_also_ask,related_searches",109
suburb profile,,,1 https://www.realestate.com.au/nsw/ | 2 https://www.domain.com.au/suburb-profile/ | 3 https://www.realestate.com.au/vic/ | 5 https://www.comparethemarket.com.au/home-loans/suburb-profile-report/ | 6 https://www.openagent.com.au/suburb-profiles | 7 https://www.cotality.com/au/products/suburb-report | 8 https://www.yourinvestmentpropertymag.com.au/top-suburbs/ | 9 https://reiwa.com.au/suburb/perth/ | 10 https://boomscore.com.au/,,yes,www.realestate.com.au | www.domain.com.au | www.openagent.com.au | landchecker.com.au | www.yourinvestmentpropertymag.com.au | www.cotality.com | www.comparethemarket.com.au | www.microburbs.com.au,"ai_overview,organic,related_searches",138
nedlands rental yield,,,2 https://www.realestate.com.au/wa/nedlands-6009/ | 3 https://www.realestateinvestar.com.au/property/nedlands | 4 https://www.property.com.au/wa/nedlands-6009/ | 6 https://www.blackburnepropertymanagement.com.au/suburb/nedlands/ | 7 https://reiwa.com.au/rental-properties/nedlands/ | 8 https://www.australianpropertyalliance.com.au/nedlands-suburb-profile-2/ | 9 https://www.yourinvestmentpropertymag.com.au/top-suburbs/wa/6009-nedlands | 10 https://www.facebook.com/kreativepropertygroup/posts/new-suburb-rental-avg-nedlands-1300weekdalkeith-1675weekcrawley-895weeknot-sure-/1755117889396229/ | 11 https://www.htag.com.au/wa/wa307-city-of-nedlands/?srsltid=AU7gw4Vstq0AtG2gMOx97oEWNOeehoWfvGCQrUF6DIZKYEiU6OP1jO3w,Is Nedlands affluent? | Which suburb in Perth is the best for property investment in 2026? | Which Brisbane suburbs have the highest rental yields? | Which suburbs in Melbourne have dropped in value? | Which suburbs will boom in Melbourne in 2026? | What devalues a house the most?,yes,www.realestate.com.au | www.realestateinvestar.com.au | www.suburbsfinder.com.au | www.htag.com.au | www.australianpropertyalliance.com.au,"ai_overview,organic,people_also_ask,related_searches",113
rental appraisal port hedland,,,2 https://www.hfn.com.au/ | 3 https://www.avalon-realestate.com.au/pages/real-estate/rental-appraisal | 4 https://www.facebook.com/raywhiteporthedland/ | 5 https://assetvaluations.com.au/property-valuations-port-hedland/ | 7 https://hedland.ljhooker.com.au/property-appraisal | 10 https://www.realestate.com.au/agency/hedland-first-national-port-hedland-HEJPOR | 11 https://www.garmony.com.au/latest-news/wa-regional-property-valuations/ | 12 https://www.avalon-realestate.com.au/pages/real-estate/property-management-port-hedland | 13 https://pilbarafinance.com.au/guides/rental-income-port-hedland-investment/,"Does it cost money to get a rental appraisal? | What is the current rental vacancy rate in Port Hedland, WA? | What is involved in a rental appraisal? | How do I check what my property is worth? | Does it cost money to get your property valued? | How much do property valuations charge?",yes,www.avalon-realestate.com.au | www.hfn.com.au | hedland.ljhooker.com.au | www.facebook.com | raywhiteporthedland.com.au | www.realestate.com.au | pilbarafinance.com.au | www.google.com,"ai_overview,local_pack,organic,people_also_ask,related_searches",111
canberra house prices by suburb,,,2 https://www.facebook.com/realestateAus/posts/find-out-how-much-a-square-metre-of-real-estate-costs-in-your-suburb-read-more-h/1535364091965450/ | 4 https://suburbiarealestate.com.au/suburb-profiles/watson-act-2602/ | 5 https://www.property.com.au/act/campbell-2612/ | 6 https://www.realestate.com.au/act/oaks-estate-2620/ | 7 https://www.allhomes.com.au/news/they-sell-like-hotcakes-the-popular-canberra-suburb-drawing-in-buyers-1386325/ | 8 https://region.com.au/has-your-suburb-slipped-out-of-canberras-million-dollar-club/672759/ | 9 https://www.propertyvalue.com.au/suburb/evatt-2617-act | 10 https://www.abc.net.au/news/2013-10-17/charnwood-canberra-cheapest-suburb/5027876 | 11 https://www.propertyology.com.au/how-well-has-your-apartment-performed/,Which suburb in Canberra is the cheapest to buy a house? | Are house prices going down in Canberra? | What are the top 10 most expensive suburbs in Canberra? | Which suburb is best to live in Canberra? | Which suburb in Canberra has the lowest crime rate? | What are some up and coming suburbs in Canberra?,yes,www.realestate.com.au | broker.loanmarket.com.au | www.abc.net.au | www.openagent.com.au | www.allhomes.com.au | www.domain.com.au | civium.com.au,"ai_overview,organic,people_also_ask",112000
property management fees,,,2 https://www.reddit.com/r/AusPropertyChat/comments/1aor0lk/what_do_property_managers_usually_take/ | 4 https://www.reiq.com/articles/property-management/property-management-fees-an-in-depth-guide-to-understanding-the-costs-and-benefits | 5 https://whichrealestateagent.com.au/property-management/fees/vic-melbourne/ | 6 https://boffo.com.au/the-mailbox/property-management-fees | 7 https://www.localagentfinder.com.au/blog/property-management-commission-fees | 8 https://www.blackburnepropertymanagement.com.au/resources/property-management-fees-perth/ | 9 https://parallelrealty.com.au/blog/property-management-fees-commission-explained | 10 https://www.qld.gov.au/law/housing-and-neighbours/renting-and-owning-property/deciding-how-to-manage-your-investment-property/property-management-fees-and-charges | 11 https://rmaproperty.com.au/content/rental-management-fees-perth,What is the typical management fee? | How much is a reasonable management fee? | What percentage do most property management companies charge? | What is the typical property management fee in Western Australia? | What is the 30% rent rule in Australia? | What is the average property management fee in Australia?,yes,whichrealestateagent.com.au | www.realestate.com.au | www.localagentfinder.com.au | localagencyco.com | australianpropertyexperts.com.au | www.youtube.com,"ai_overview,organic,people_also_ask,related_searches",121
conveyancing fees nsw,,,2 http://eng.quicklaw.com.au/public/nsw-conveyancing-costs.aspx | 4 https://www.reddit.com/r/AusPropertyChat/comments/1alil1r/how_much_should_i_be_paying_for_a_conveyancer/ | 5 https://rslawgroup.au/blog/how-much-does-conveyancing-cost/ | 7 https://jamesonlaw.com.au/conveyancing-law/conveyancing-quotes-nsw-how-to-compare-costs-and-services/ | 8 https://innerwestconveyancers.com.au/conveyancing/conveyancing-costs-nsw/ | 9 https://ncat.nsw.gov.au/case-types/consumers-and-businesses/conveyancing-costs.html | 10 https://thorntonking.com.au/information-centre/conveyancing-costs-in-nsw | 11 https://www.conveyancing.com.au/blogs/conveyancing-costs-explained-in-nsw | 12 https://ourtop10.com.au/blog/conveyancing-fees/,What is the average fee for conveyancing? | Is it better to use a conveyancer or solicitor? | How do you calculate conveyancing fees? | Can a conveyancer negotiate price? | What is the average conveyancing fee in NSW? | What is a polite way to ask for a lower price?,yes,eng.quicklaw.com.au | rslawgroup.au | dsplaw.com.au | bateys.com.au | contractconveyancing.com.au | innerwestconveyancers.com.au | gavelpage.com.au | www.lawdocs.au,"ai_overview,organic,people_also_ask,people_also_search,related_searches",106
building and pest inspection cost,,,2 https://www.commbank.com.au/brighter/property/building-and-pest-inspection.html | 4 https://www.abc.net.au/news/2026-03-12/building-pest-inspection-costs-victorian-government-buyer-seller/106443736 | 5 https://wabuildinginspections.com.au/building-inspections-perth-costs-services/comprehensive-combined-building-and-pest-inspections-perth/ | 6 https://www.buywiseinspections.com.au/building-and-pest-inspection-cost-melbourne/ | 7 https://sydney.ispect.com.au/building-inspection-cost | 9 https://hipages.com.au/article/how_much_does_a_building_inspection_cost | 10 https://apbi.com.au/building-and-pest-inspection | 11 https://besafe.com.au/articles/how-much-do-building-inspections-cost/,How much does a building and pest inspection cost in Victoria? | Who pays for building and pest inspection in QLD? | What should a building and pest inspection cover? | Can you claim building and pest inspection cost? | How clean does my house need to be for an inspection? | What is 100% tax deductible in Australia?,yes,brisbane.ispect.com.au | www.buywiseinspections.com.au | vitalbuildinginspection.com.au | hipages.com.au | jimsbuildinginspections.com.au | inspect365.com.au | www.youtube.com | www.rapidbuildinginspections.com.au | www.sydneyprepurchase.com.au,"ai_overview,discussions_and_forums,organic,people_also_ask,related_searches",132
home staging cost,,,2 https://stagemyhometosell.com.au/central-coast/wendoree-park/home-staging-services-and-pricing.php | 5 https://www.bark.com/en/au/home-staging/victoria/melbourne/ | 6 https://www.reddit.com/r/AusFinance/comments/x2z5eo/staging_a_house_for_sale/ | 7 https://www.virtualstaging.net.au/sydney-virtual-staging-real-estate/ | 8 https://forum.homeone.com.au/viewtopic.php?f=1&t=94756 | 9 https://changingseasons.net.au/staging-companies-brisbane/ | 10 https://deepsstylingstaging.com.au/home-staging-statistics-roi-and-market-benefits-in-2025/,"Is staging a property worth it? | How to increase home value by $50,000 in Australia? | How much to charge for staging a house? | What should you not do when staging a house? | What are common mistakes in home staging? | Does staging a home add value?",yes,sellinstyle.com.au | www.bark.com | www.propertychat.com.au | www.reddit.com | changingseasons.net.au | stagemyhometosell.com.au | www.brisbanemakeover.com | key2sale.com.au,"ai_overview,discussions_and_forums,images,organic,people_also_ask",149000
renovation cost australia,,,2 https://site.co-architecture.com/advice/how-much-does-a-home-renovation-cost-in-australia-2026-calculator/ | 4 https://www.canstar.com.au/home-loans/how-much-does-it-cost-to-renovate/ | 5 https://www.reddit.com/r/AusRenovation/comments/1smtrdj/how_much_would_a_house_renovation_cost/ | 6 https://www.threebirdsrenovations.com/blog/how-much-does-a-bathroom-renovation-cost-2026 | 7 https://caulfieldkrivanek.com/home-renovation-cost-indicator/ | 8 https://qualitybuiltco.com.au/blog/how-much-do-home-renovations-cost-in-canberra/ | 9 https://nerotapware.com.au/design-hub/house-renovation-cost | 10 https://www.abodeconstruction.com.au/blog/how-much-does-it-cost-to-renovate-a-house-in-brisbane-2025-guide | 11 https://www.openagent.com.au/blog/much-bathroom-renovation-cost,"How much does it cost to fully renovate a house in Australia? | Is $100,000 a good budget for renovating my house? | Can I renovate a bathroom for $10,000? | Is it cheaper to renovate or rebuild? | What devalues a house the most? | How to increase home value by $50,000 in Australia?",yes,site.co-architecture.com | www.canstar.com.au | www.threebirdsrenovations.com | caulfieldkrivanek.com,"ai_overview,organic,people_also_ask,related_searches",119
capital gains tax changes 2026,,,2 https://www.ato.gov.au/about-ato/new-legislation/in-detail/individuals/tax-reform-boosting-home-ownership-reforming-negative-gearing-and-capital-gains-tax | 4 https://budget.gov.au/content/factsheets/download/tax-explainers-negative-gearing-capital-gains-tax.pdf | 5 https://www.commbank.com.au/articles/newsroom/2026/02/cgt-capital-gains-tax-explained.html | 6 https://consult.treasury.gov.au/c2026-792170 | 7 https://au.andersen.com/capital-gains-tax-changes-2026/ | 8 https://www.perpetual.com.au/insights/Capital-gains-tax-changes-explained/ | 9 https://www.pbo.gov.au/sites/default/files/2023-03/PER414%20%20ALP%20%20Negative%20gearing%20and%20capital%20gains%20tax%20CGT%20reform.PDF | 10 https://treasury.gov.au/policy-topics/taxation/budget2026-27 | 11 https://budget.gov.au/content/04-tax-reform.htm,"Will capital gains be taxed in 2026? | What are the proposed changes to capital gains tax in Australia? | What is a simple trick for avoiding capital gains tax? | What is the 6 year rule for capital gains tax on property in Australia? | How to avoid capital gains tax when selling property in Australia? | How much capital gains do you have to pay on $300,000?",yes,budget.gov.au | www.ato.gov.au | au.andersen.com | treasury.gov.au | www.perpetual.com.au | www.commbank.com.au | williambuck.com | www.youtube.com,"ai_overview,organic,people_also_ask,related_searches",130
house and land packages qld,,,1 https://www.realestate.com.au/house-and-land-packages/qld/ | 2 https://www.metricon.com.au/house-and-land/packages/queensland | 3 https://www.burbank.com.au/queensland/house-and-land | 7 https://www.gjgardner.com.au/house-land-packages/qld/ | 8 https://www.dixonhomes.com.au/house-land.php | 9 https://qld.creationhomes.com.au/house-land-packages/ | 10 https://www.simonds.com.au/qld/house-and-land | 11 https://www.plantationhomes.com.au/house-and-land-packages | 12 https://www.aristahomes.com.au/house-land-packages/,"Are house and land packages a good idea? | Is it possible to get a house and land package in Queensland under $750k? | What are some affordable house and land packages under $300,000 in Brisbane? | How much money do I need for a house and land package? | How much of a down payment do I need for a $300,000 house? | Is $400,000 enough to build a house?",yes,www.realestate.com.au | www.burbank.com.au | www.gjgardner.com.au | www.metricon.com.au | www.dixonhomes.com.au | www.brightonhomes.net.au | www.bellaqld.com.au | www.google.com,"ai_overview,organic,people_also_ask,people_also_search,related_searches",112
house and land packages brisbane,,,2 https://coralhomes.com.au/house-and-land-packages-brisbane/ | 3 https://www.realestate.com.au/house-and-land-packages/brisbane-southern-region-qld/ | 5 https://www.brightonhomes.net.au/house-and-land-packages | 6 https://www.simonds.com.au/qld/house-and-land | 7 https://www.dixonhomes.com.au/house-land.php | 8 https://qld.creationhomes.com.au/house-land-packages/north-brisbane/ | 9 https://www.metricon.com.au/house-and-land/packages/queensland | 10 https://www.openlot.com.au/brisbane-city-council/house-land | 11 https://www.leonardhomes.com.au/house-and-land-packages-in-brisbane-whats-actually-included-and-whats-a-hidden-extra/,"Is it worth buying a house and land package? | What are some affordable house and land packages under $300,000 in Brisbane? | Is it possible to get a house and land package under $750k in Brisbane? | Where can I find affordable house and land packages in Brisbane? | Is $400,000 enough to build a house? | What suburbs will boom in 2026 in QLD?",yes,coralhomes.com.au | www.realestate.com.au | www.brightonhomes.net.au | www.simonds.com.au | qld.creationhomes.com.au | www.metricon.com.au | www.leonardhomes.com.au,"ai_overview,organic,people_also_ask,related_searches",113
how to sell a house,,,3 https://www.nsw.gov.au/housing-and-construction/buying-and-selling-property/selling-a-property/steps-to-selling-a-property | 5 https://www.reiq.com/articles/property-investment/eight-steps-for-selling-property | 6 https://www.qld.gov.au/housing/buying-owning-home/selling-a-home | 7 https://www.realestate.com.au/advice/selling/ | 8 https://www.amp.com.au/resources/insights-hub/key-steps-to-selling-property-in-australia | 9 https://reiwa.com.au/the-wa-market/resources/guides/wa-first-time-seller-guide/ | 10 https://www.canstar.com.au/home-loans/how-to-sell-your-own-home/ | 11 https://www.consumer.vic.gov.au/housing/buying-and-selling-property/selling-property | 12 https://www.ljhooker.com.au/blog/step-by-step-guide-to-selling-your-property,"What devalues a house the most? | What do you need to do to sell a house in QLD? | What is the hardest month to sell a house in Australia? | What are the typical fees involved in selling a house in Victoria, Australia? | How much tax do I pay if I sell my house in Australia? | What is the hardest month to sell a house?",yes,www.nsw.gov.au | www.qld.gov.au | www.reiq.com | www.ljhooker.com.au | www.amp.com.au | www.youtube.com | www.canstar.com.au,"ai_overview,organic,people_also_ask,people_also_search,related_searches",119
cgt on investment property,,,2 https://www.ato.gov.au/individuals-and-families/investments-and-assets/capital-gains-tax/property-and-capital-gains-tax/cgt-when-selling-your-rental-property | 4 https://www.bentleys.com.au/insights/understanding-the-6-year-rule-for-property-investments-and-the-cgt-exemption/ | 5 https://www.nab.com.au/personal/life-moments/manage-money/money-basics/capital-gains-tax | 6 https://iorder.com.au/publication/Download.aspx?ProdID=75443-04.2025 | 7 https://www.wilsonassoc.co/how-to-reduce-capital-gain-tax-on-your-investment-property/ | 8 https://www.ato.gov.au/individuals-and-families/investments-and-assets/capital-gains-tax/calculating-your-cgt/how-to-calculate-your-cgt | 9 https://duotax.com.au/insights/capital-gains-tax-property-6-year-rule/ | 10 https://nanakaccountants.com.au/blog/rental-property-capital-gains-tax/ | 11 https://www.amp.com.au/resources/insights-hub/what-is-capital-gains-tax,"How do I avoid paying CGT on investment property? | How is CGT calculated on an investment property? | How much capital gains tax will I pay on $300,000? | What is the 6-year rule for capital gains tax on property in Australia? | What is a simple trick for avoiding capital gains tax? | Can I move back into my investment property to avoid CGT?",yes,www.ato.gov.au | www.bentleys.com.au | iorder.com.au | www.wilsonassoc.co | www.amp.com.au,"ai_overview,organic,people_also_ask,related_searches",136
