page,clicks,impressions,position
https://www.yourpropertyguide.com.au/guides/cgt-changes-2026-budget,95,2292,5.2
https://www.yourpropertyguide.com.au/guides/real-estate-agent-fees-australia,94,2371,3.9
https://www.yourpropertyguide.com.au/guides/real-estate-commission-nsw,71,1391,2.9
https://www.yourpropertyguide.com.au/guides/cost-of-selling-a-house-australia,37,589,3.0
https://www.yourpropertyguide.com.au/guides/real-estate-commission-qld,29,629,2.6
https://www.yourpropertyguide.com.au/guides/property-management-fees-australia,27,992,4.5
https://www.yourpropertyguide.com.au/guides/real-estate-commission-vic,26,614,2.7
https://www.yourpropertyguide.com.au/guides/renters-rights-sa,19,781,6.9
https://www.yourpropertyguide.com.au/property-market/sydney,14,460,5.8
https://www.yourpropertyguide.com.au/guides/foreign-buyer-firb-guide,13,513,6.3
https://www.yourpropertyguide.com.au/guides/first-home-buyer-nsw,9,1940,6.1
https://www.yourpropertyguide.com.au/guides/smsf-property-guide,8,100,3.3
https://www.yourpropertyguide.com.au/guides/settlement-day-australia,7,215,4.8
https://www.yourpropertyguide.com.au/guides/first-home-owner-grant-australia,7,187,5.9
https://www.yourpropertyguide.com.au/property-market/canberra,7,114,5.0
https://www.yourpropertyguide.com.au/guides/granny-flat-guide-wa,7,113,5.6
https://www.yourpropertyguide.com.au/guides/real-estate-commission-wa,7,47,3.2
https://www.yourpropertyguide.com.au/guides/how-to-negotiate-property-price-australia,7,46,3.2
https://www.yourpropertyguide.com.au/suburbs/currawong-beach-nsw-2108,6,13,2.4
https://www.yourpropertyguide.com.au/guides/cheapest-suburbs-buy-house-australia-2026,5,40,4.0
https://www.yourpropertyguide.com.au/guides/renters-rights-nsw,4,143,5.9
https://www.yourpropertyguide.com.au/guides/downsizers-guide,4,56,6.0
https://www.yourpropertyguide.com.au/guides/granny-flat-guide-sa,4,17,5.6
https://www.yourpropertyguide.com.au/guides/questions-to-ask-a-real-estate-agent,4,10,4.0
https://www.yourpropertyguide.com.au/guides/renovation-cost-australia-2026,3,112,6.4
https://www.yourpropertyguide.com.au/guides/renters-rights-wa,3,92,6.8
https://www.yourpropertyguide.com.au/guides/cooling-off-period-vic,3,66,5.0
https://www.yourpropertyguide.com.au/guides/australia-fastest-growing-suburbs-2026,3,16,2.6
https://www.yourpropertyguide.com.au/guides/best-brisbane-suburbs-for-families-2026,3,12,5.3
https://www.yourpropertyguide.com.au/suburbs/morayfield-qld-4506/thea-court,3,2,4.0
https://www.yourpropertyguide.com.au/guides/first-home-buyer-guide,2,224,4.9
https://www.yourpropertyguide.com.au/guides/how-much-deposit-to-buy-a-house,2,216,5.7
https://www.yourpropertyguide.com.au/guides/stamp-duty-nsw,2,109,7.3
https://www.yourpropertyguide.com.au/guides/bridging-loans-guide,2,89,6.0
https://www.yourpropertyguide.com.au/guides/first-home-buyer-vic,2,57,6.7
https://www.yourpropertyguide.com.au/guides/property-auction-guide,2,46,4.6
https://www.yourpropertyguide.com.au/guides/offset-accounts-explained-australia,2,31,4.8
https://www.yourpropertyguide.com.au/postcodes/2287,2,25,5.0
https://www.yourpropertyguide.com.au/guides/sydney-vs-melbourne-property-market,2,14,3.1
https://www.yourpropertyguide.com.au/guides/home-loan-pre-approval-australia,2,8,4.0
https://www.yourpropertyguide.com.au/suburbs/wallan-vic-3756/darraweit-road,2,7,7.0
https://www.yourpropertyguide.com.au/suburbs/caboolture-qld-4510/misty-court,2,6,6.0
https://www.yourpropertyguide.com.au/guides/darwin-nt-property-market-2026,2,6,3.8
https://www.yourpropertyguide.com.au/guides/real-estate-commission-nt,2,5,3.6
https://www.yourpropertyguide.com.au/schools/trinity-college-blakeview-49821/vs/blakes-crossing-christian-college-50711,2,5,4.0
https://www.yourpropertyguide.com.au/suburbs/caboolture-qld-4510/merino-street,2,3,3.0
https://www.yourpropertyguide.com.au/suburbs/caboolture-qld-4510/lesley-avenue,2,2,9.0
https://www.yourpropertyguide.com.au/suburbs/cannington-wa-6987/vs/beckenham-wa-6107,2,2,1.0
https://www.yourpropertyguide.com.au/suburbs/daisy-hill-qld-4127/vs/springwood-qld-4127,2,2,2.0
https://www.yourpropertyguide.com.au/suburbs/eraring-nsw-2264,2,2,1.0
https://www.yourpropertyguide.com.au/suburbs/caboolture-qld-4510/treeside-court,2,1,7.0
https://www.yourpropertyguide.com.au/property/4-weynton-mews-bella-vista-nsw-2153,2,1,4.0
https://www.yourpropertyguide.com.au/guides/stamp-duty-qld,1,323,7.7
https://www.yourpropertyguide.com.au/guides/stamp-duty-sa,1,298,7.6
https://www.yourpropertyguide.com.au/suburbs/bankstown-nsw-2200,1,252,7.6
https://www.yourpropertyguide.com.au/postcodes/6112,1,211,6.4
https://www.yourpropertyguide.com.au/suburbs/carindale-qld-4152,1,175,6.0
https://www.yourpropertyguide.com.au/guides/renters-rights-qld,1,118,6.2
https://www.yourpropertyguide.com.au/postcodes/2640,1,68,5.5
https://www.yourpropertyguide.com.au/guides/sydney-property-market-2026,1,42,7.0
https://www.yourpropertyguide.com.au/guides/first-home-super-saver-scheme,1,42,6.9
https://www.yourpropertyguide.com.au/guides/stamp-duty-nt,1,24,6.0
https://www.yourpropertyguide.com.au/postcodes/2017,1,23,5.8
https://www.yourpropertyguide.com.au/guides/property-depreciation-guide,1,20,6.3
https://www.yourpropertyguide.com.au/guides/perth-property-market-2026,1,16,5.5
https://www.yourpropertyguide.com.au/market-reports/wa,1,16,4.2
https://www.yourpropertyguide.com.au/market-reports/tas,1,14,6.6
https://www.yourpropertyguide.com.au/guides/first-home-buyer-qld,1,12,6.6
https://www.yourpropertyguide.com.au/postcodes/2444,1,12,5.7
https://www.yourpropertyguide.com.au/guides/real-estate-commission-act,1,10,4.0
https://www.yourpropertyguide.com.au/suburbs/caboolture-qld-4510/schipper-court,1,9,8.6
https://www.yourpropertyguide.com.au/guides/first-home-buyer-tas,1,9,5.3
https://www.yourpropertyguide.com.au/suburbs/longueville-nsw-2066,1,8,7.0
https://www.yourpropertyguide.com.au/guides/how-to-sell-a-house-australia,1,7,4.0
https://www.yourpropertyguide.com.au/guides/real-estate-commission-sa,1,6,3.5
https://www.yourpropertyguide.com.au/suburbs/morayfield-qld-4506/rosella-circuit,1,5,2.8
https://www.yourpropertyguide.com.au/guides/granny-flat-guide-vic,1,5,5.2
https://www.yourpropertyguide.com.au/guides/how-to-negotiate-real-estate-agent-commission,1,5,4.0
https://www.yourpropertyguide.com.au/suburbs/morayfield-qld-4506/franklin-crescent,1,4,4.0
https://www.yourpropertyguide.com.au/guides/lenders-mortgage-insurance-guide,1,4,7.0
https://www.yourpropertyguide.com.au/postcodes/3235,1,4,6.0
https://www.yourpropertyguide.com.au/suburbs/morning-bay-nsw-2105,1,3,7.0
https://www.yourpropertyguide.com.au/suburbs/adelaide-sa-5000/seymour-place,1,3,4.0
https://www.yourpropertyguide.com.au/suburbs/narangba-qld-4504/gene-court,1,3,9.0
https://www.yourpropertyguide.com.au/suburbs/manjimup-wa-6258,1,3,6.0
https://www.yourpropertyguide.com.au/property/9-monash-crescent-clontarf-nsw-2093,1,3,5.0
https://www.yourpropertyguide.com.au/guides/what-to-fix-before-selling-a-house,1,3,4.0
https://www.yourpropertyguide.com.au/suburbs/caboolture-qld-4510/foxglove-street,1,2,6.0
https://www.yourpropertyguide.com.au/suburbs/morayfield-qld-4506/drumine-street,1,2,1.0
https://www.yourpropertyguide.com.au/suburbs/morayfield-qld-4506/trail-road,1,2,4.0
https://www.yourpropertyguide.com.au/property/unit-53-2-sienna-drive-morayfield-qld-4506,1,2,4.0
https://www.yourpropertyguide.com.au/property/unit-18-18-straitsman-way-currambine-wa-6028,1,2,6.0
https://www.yourpropertyguide.com.au/suburbs/bella-vista-nsw-2153/cedar-cutters-way,1,2,6.0
https://www.yourpropertyguide.com.au/suburbs/adelaide-sa-5000/twin-plaza-arcade,1,2,3.0
https://www.yourpropertyguide.com.au/property/57-tallon-street-caboolture-qld-4510,1,2,6.0
https://www.yourpropertyguide.com.au/suburbs/caboolture-qld-4510/floral-drive,1,2,4.0
https://www.yourpropertyguide.com.au/suburbs/narangba-qld-4504/lignum-court,1,2,8.0
https://www.yourpropertyguide.com.au/guides/renters-rights-act,1,2,6.0
https://www.yourpropertyguide.com.au/suburbs/wallan-vic-3756/william-street,1,2,6.0
https://www.yourpropertyguide.com.au/suburbs/caboolture-qld-4510/dowling-court,1,2,3.0
https://www.yourpropertyguide.com.au/suburbs/mount-warrigal-nsw-2528/vs/warilla-nsw-2528,1,2,2.0
https://www.yourpropertyguide.com.au/guides/how-much-is-my-house-worth-australia,1,2,4.0
https://www.yourpropertyguide.com.au/property/56-coutts-drive-burpengary-qld-4505,1,2,6.0
https://www.yourpropertyguide.com.au/postcodes/2550,1,2,4.0
https://www.yourpropertyguide.com.au/suburbs/warana-qld-4575/schools,1,2,2.0
https://www.yourpropertyguide.com.au/guides/how-to-prepare-for-a-property-appraisal,1,2,1.0
https://www.yourpropertyguide.com.au/guides/best-time-to-buy-property-australia,1,2,2.0
https://www.yourpropertyguide.com.au/suburbs/lynwood-qld-4660,1,1,3.0
https://www.yourpropertyguide.com.au/suburbs/morayfield-qld-4506/olearia-street,1,1,3.0
https://www.yourpropertyguide.com.au/suburbs/morayfield-qld-4506/batchen-street,1,1,3.0
https://www.yourpropertyguide.com.au/suburbs/wallan-vic-3756/castellina-crescent,1,1,5.0
https://www.yourpropertyguide.com.au/property/unit-1-91-93-lower-king-street-caboolture-qld-4510,1,1,1.0
https://www.yourpropertyguide.com.au/suburbs/ingleside-nsw-2101/chiltern-road,1,1,5.0
https://www.yourpropertyguide.com.au/suburbs/bella-vista-nsw-2153/kentridge-place,1,1,5.0
https://www.yourpropertyguide.com.au/suburbs/caboolture-qld-4510/hayes-street,1,1,8.0
https://www.yourpropertyguide.com.au/suburbs/caboolture-qld-4510/william-street,1,1,7.0
https://www.yourpropertyguide.com.au/property/37-shrike-lane-humpty-doo-nt-0836,1,1,6.0
https://www.yourpropertyguide.com.au/suburbs/tin-can-bay-qld-4580/mallett-street,1,1,4.0
https://www.yourpropertyguide.com.au/suburbs/mernda-vic-3754/vs/doreen-vic-3754,1,1,1.0
https://www.yourpropertyguide.com.au/suburbs/adelaide-sa-5000/old-treasury-lane,1,1,1.0
https://www.yourpropertyguide.com.au/suburbs/caboolture-qld-4510/manley-street,1,1,8.0
https://www.yourpropertyguide.com.au/suburbs/ithaca-qld-4059,1,1,4.0
https://www.yourpropertyguide.com.au/suburbs/pacific-fair-qld-4218,1,1,1.0
https://www.yourpropertyguide.com.au/suburbs/caboolture-qld-4510/riccardo-street,1,1,10.0
https://www.yourpropertyguide.com.au/suburbs/paxton-nsw-2325,1,1,1.0
https://www.yourpropertyguide.com.au/schools/gosford-high-school-42090,1,1,5.0
https://www.yourpropertyguide.com.au/postcodes/2009,1,1,5.0
https://www.yourpropertyguide.com.au/suburbs/mays-hill-nsw-2145/vs/south-wentworthville-nsw-2145,1,1,1.0
https://www.yourpropertyguide.com.au/property-market/hobart,1,1,1.0
https://www.yourpropertyguide.com.au/suburbs/eli-waters-qld-4655/vs/point-vernon-qld-4655,1,1,5.0
https://www.yourpropertyguide.com.au/postcodes/4000,0,881,6.9
https://www.yourpropertyguide.com.au/suburbs/surfers-paradise-qld-4217,0,615,6.6
https://www.yourpropertyguide.com.au/suburbs/morayfield-qld-4506,0,475,8.3
https://www.yourpropertyguide.com.au/postcodes/2170,0,264,6.5
https://www.yourpropertyguide.com.au/renovating,0,262,7.0
https://www.yourpropertyguide.com.au/suburbs/caboolture-qld-4510,0,168,8.7
https://www.yourpropertyguide.com.au/rba-cash-rate,0,153,7.1
https://www.yourpropertyguide.com.au/suburbs/wacol-qld-4076,0,138,7.6
https://www.yourpropertyguide.com.au/postcodes/3029,0,102,6.5
https://www.yourpropertyguide.com.au/guides/negative-gearing-changes-2026-budget,0,100,7.0
https://www.yourpropertyguide.com.au/postcodes/3810,0,90,6.1
https://www.yourpropertyguide.com.au/suburbs/north-lakes-qld-4509,0,83,7.0
https://www.yourpropertyguide.com.au/postcodes/4670,0,83,5.4
https://www.yourpropertyguide.com.au/glossary,0,70,5.9
https://www.yourpropertyguide.com.au/suburbs/mosman-nsw-2088,0,65,8.0
https://www.yourpropertyguide.com.au/postcodes/2250,0,63,7.0
https://www.yourpropertyguide.com.au/postcodes/6007,0,61,7.0
https://www.yourpropertyguide.com.au/stamp-duty-calculator,0,58,8.2
https://www.yourpropertyguide.com.au/suburbs/beenleigh-qld-4207,0,58,7.0
https://www.yourpropertyguide.com.au/postcodes/3073,0,55,6.5
https://www.yourpropertyguide.com.au/suburbs/hope-island-qld-4212,0,53,7.9
https://www.yourpropertyguide.com.au/suburbs/cranbourne-vic-3977,0,49,9.0
https://www.yourpropertyguide.com.au/suburbs/redbank-plains-qld-4301,0,49,8.5
https://www.yourpropertyguide.com.au/postcodes/3156,0,48,7.0
https://www.yourpropertyguide.com.au/suburbs/rouse-hill-nsw-2155,0,47,8.0
https://www.yourpropertyguide.com.au/postcodes/3021,0,46,6.3
https://www.yourpropertyguide.com.au/suburbs/peppermint-grove-wa-6011,0,45,10.0
https://www.yourpropertyguide.com.au/suburbs/maylands-wa-6931,0,43,6.4
https://www.yourpropertyguide.com.au/postcodes/2000,0,42,7.1
https://www.yourpropertyguide.com.au/postcodes/3020,0,42,7.0
https://www.yourpropertyguide.com.au/suburbs/reservoir-vic-3073,0,39,9.0
https://www.yourpropertyguide.com.au/suburbs/maryborough-qld-4650,0,38,7.0
https://www.yourpropertyguide.com.au/suburbs/norwest-nsw-2153,0,38,7.9
https://www.yourpropertyguide.com.au/postcodes/2060,0,36,7.0
https://www.yourpropertyguide.com.au/postcodes/4118,0,36,6.2
https://www.yourpropertyguide.com.au/guides/stamp-duty-vic,0,36,7.8
https://www.yourpropertyguide.com.au/suburbs/rutherford-nsw-2320,0,35,8.7
https://www.yourpropertyguide.com.au/suburbs/port-melbourne-vic-3207,0,34,9.8
https://www.yourpropertyguide.com.au/suburbs/erskine-wa-6210,0,33,9.0
https://www.yourpropertyguide.com.au/suburbs/frenchs-forest-nsw-2086,0,32,7.2
https://www.yourpropertyguide.com.au/postcodes/5158,0,30,5.3
https://www.yourpropertyguide.com.au/suburbs/rochedale-qld-4123,0,30,6.8
https://www.yourpropertyguide.com.au/suburbs/camp-hill-qld-4152,0,28,6.5
https://www.yourpropertyguide.com.au/suburbs/collingwood-vic-3066,0,28,7.9
https://www.yourpropertyguide.com.au/property-market/brisbane,0,28,7.0
https://www.yourpropertyguide.com.au/guides/stamp-duty-wa,0,27,8.0
https://www.yourpropertyguide.com.au/market-reports/qld,0,26,3.5
https://www.yourpropertyguide.com.au/suburbs/coolangatta-qld-4225,0,24,7.4
https://www.yourpropertyguide.com.au/postcodes/3336,0,23,9.0
https://www.yourpropertyguide.com.au/guides/federal-budget-2026-property,0,23,6.0
https://www.yourpropertyguide.com.au/postcodes/2234,0,22,8.9
https://www.yourpropertyguide.com.au/suburbs/helena-valley-wa-6056,0,22,7.3
https://www.yourpropertyguide.com.au/suburbs/homebush-nsw-2140,0,21,7.0
https://www.yourpropertyguide.com.au/suburbs/brookvale-nsw-2100,0,21,8.0
https://www.yourpropertyguide.com.au/suburbs/hawthorn-east-vic-3123,0,21,6.0
https://www.yourpropertyguide.com.au/postcodes/3217,0,20,7.0
https://www.yourpropertyguide.com.au/affordability-calculator,0,20,4.0
https://www.yourpropertyguide.com.au/property/40-herrenberg-street-aldershot-qld-4650,0,19,9.0
https://www.yourpropertyguide.com.au/guides/stamp-duty-act,0,19,8.0
https://www.yourpropertyguide.com.au/postcodes/3561,0,19,6.8
https://www.yourpropertyguide.com.au/guides/negative-gearing-australia,0,18,7.3
https://www.yourpropertyguide.com.au/postcodes/2515,0,17,8.0
https://www.yourpropertyguide.com.au/suburbs/loganholme-qld-4129,0,17,7.5
https://www.yourpropertyguide.com.au/suburbs/christies-beach-sa-5165,0,17,9.0
https://www.yourpropertyguide.com.au/suburbs/bulahdelah-nsw-2423,0,17,8.0
https://www.yourpropertyguide.com.au/,0,15,5.1
https://www.yourpropertyguide.com.au/suburbs/indooroopilly-qld-4068,0,15,8.9
https://www.yourpropertyguide.com.au/postcodes/2112,0,15,7.0
https://www.yourpropertyguide.com.au/suburbs/palmview-qld-4553,0,15,6.2
https://www.yourpropertyguide.com.au/suburbs/tweed-heads-nsw-2485,0,15,9.0
https://www.yourpropertyguide.com.au/property-market/adelaide,0,15,5.9
https://www.yourpropertyguide.com.au/postcodes/2320,0,15,6.0
https://www.yourpropertyguide.com.au/suburbs/derrimut-vic-3026,0,14,8.0
https://www.yourpropertyguide.com.au/suburbs/palm-beach-qld-4221,0,14,7.0
https://www.yourpropertyguide.com.au/suburbs/eagle-farm-qld-4009,0,14,7.0
https://www.yourpropertyguide.com.au/suburbs/mornington-island-qld-4871,0,14,6.0
https://www.yourpropertyguide.com.au/postcodes/7250,0,14,6.8
https://www.yourpropertyguide.com.au/suburbs/north-isis-qld-4660/whitebridge-road,0,13,4.0
https://www.yourpropertyguide.com.au/suburbs/panania-nsw-2213,0,13,7.4
https://www.yourpropertyguide.com.au/guides/renters-rights-vic,0,13,6.1
https://www.yourpropertyguide.com.au/suburbs/altona-vic-3018,0,13,8.0
https://www.yourpropertyguide.com.au/postcodes/2099,0,13,9.0
https://www.yourpropertyguide.com.au/suburbs/banya-qld-4551,0,13,6.0
https://www.yourpropertyguide.com.au/suburbs/villawood-nsw-2163,0,12,6.2
https://www.yourpropertyguide.com.au/postcodes/2019,0,12,7.0
https://www.yourpropertyguide.com.au/suburbs/beacon-hill-nsw-2100,0,12,7.5
https://www.yourpropertyguide.com.au/suburbs/cannington-wa-6980,0,12,9.0
https://www.yourpropertyguide.com.au/suburbs/batemans-bay-nsw-2536,0,12,6.0
https://www.yourpropertyguide.com.au/property-market/melbourne,0,12,5.2
https://www.yourpropertyguide.com.au/postcodes/2031,0,12,7.3
https://www.yourpropertyguide.com.au/suburbs/allambie-heights-nsw-2100,0,12,7.0
https://www.yourpropertyguide.com.au/postcodes/2155,0,12,7.0
https://www.yourpropertyguide.com.au/suburbs/o-connor-act-2602,0,11,7.0
https://www.yourpropertyguide.com.au/suburbs/woodcroft-sa-5162,0,11,7.0
https://www.yourpropertyguide.com.au/suburbs/toorak-vic-3142,0,11,8.0
https://www.yourpropertyguide.com.au/postcodes/2067,0,11,6.0
https://www.yourpropertyguide.com.au/suburbs/bardon-qld-4065,0,11,7.0
https://www.yourpropertyguide.com.au/suburbs/nerang-qld-4211,0,11,10.0
https://www.yourpropertyguide.com.au/guides/buying-property-australia,0,11,5.9
https://www.yourpropertyguide.com.au/suburbs/lota-qld-4179,0,11,7.0
https://www.yourpropertyguide.com.au/suburbs/burpengary-east-qld-4505,0,11,9.0
https://www.yourpropertyguide.com.au/suburbs/forest-lodge-nsw-2037,0,11,9.0
https://www.yourpropertyguide.com.au/suburbs/hawthorne-qld-4171,0,11,8.0
https://www.yourpropertyguide.com.au/suburbs/bracken-ridge-qld-4017,0,10,6.4
https://www.yourpropertyguide.com.au/postcodes/6168,0,10,7.4
https://www.yourpropertyguide.com.au/suburbs/boronia-heights-qld-4124,0,10,6.0
https://www.yourpropertyguide.com.au/postcodes/2747,0,10,6.0
https://www.yourpropertyguide.com.au/postcodes/5120,0,9,7.0
https://www.yourpropertyguide.com.au/suburbs/condell-park-nsw-2200,0,9,4.9
https://www.yourpropertyguide.com.au/postcodes/4115,0,9,6.1
https://www.yourpropertyguide.com.au/market-reports/nsw,0,9,3.9
https://www.yourpropertyguide.com.au/market-reports/sa,0,9,8.0
https://www.yourpropertyguide.com.au/postcodes/4214,0,8,8.9
https://www.yourpropertyguide.com.au/postcodes/2011,0,8,8.4
https://www.yourpropertyguide.com.au/postcodes/3188,0,8,7.8
https://www.yourpropertyguide.com.au/suburbs/eastgardens-nsw-2036,0,8,5.9
https://www.yourpropertyguide.com.au/suburbs/kenmore-qld-4069,0,8,5.1
https://www.yourpropertyguide.com.au/suburbs/geraldton-wa-6530,0,8,7.0
https://www.yourpropertyguide.com.au/suburbs/dianella-wa-6059,0,8,8.0
https://www.yourpropertyguide.com.au/postcodes/4009,0,8,9.0
https://www.yourpropertyguide.com.au/postcodes/3818,0,8,7.6
https://www.yourpropertyguide.com.au/postcodes/2285,0,8,6.0
https://www.yourpropertyguide.com.au/postcodes/2141,0,7,5.0
https://www.yourpropertyguide.com.au/schools/balgowlah-heights-public-school-41248,0,7,8.0
https://www.yourpropertyguide.com.au/guides/granny-flat-guide-qld,0,7,5.4
https://www.yourpropertyguide.com.au/postcodes/3025,0,7,8.0
https://www.yourpropertyguide.com.au/suburbs/narangba-qld-4504/callaghan-road,0,6,9.0
https://www.yourpropertyguide.com.au/suburbs/adelaide-sa-5000/petronella-lane,0,6,8.3
https://www.yourpropertyguide.com.au/postcodes/2022,0,6,9.0
https://www.yourpropertyguide.com.au/guides/best-time-to-sell-a-house-australia,0,6,3.0
https://www.yourpropertyguide.com.au/suburbs/bahrs-scrub-qld-4207,0,6,7.0
https://www.yourpropertyguide.com.au/suburbs/braddon-act-2612,0,6,7.3
https://www.yourpropertyguide.com.au/guides/cooling-off-period-by-state-australia,0,6,7.2
https://www.yourpropertyguide.com.au/suburbs/spring-hill-qld-4000,0,6,7.0
https://www.yourpropertyguide.com.au/suburbs/bella-vista-nsw-2153,0,5,6.0
https://www.yourpropertyguide.com.au/postcodes/2030,0,5,6.0
https://www.yourpropertyguide.com.au/property/27-penny-place-arndell-park-nsw-2148,0,5,5.0
https://www.yourpropertyguide.com.au/suburbs/mountain-creek-qld-4557,0,5,6.0
https://www.yourpropertyguide.com.au/postcodes/2043,0,5,6.0
https://www.yourpropertyguide.com.au/postcodes/3140,0,5,7.2
https://www.yourpropertyguide.com.au/suburbs/hay-nsw-2711,0,5,7.0
https://www.yourpropertyguide.com.au/suburbs/paradise-sa-5075,0,5,8.0
https://www.yourpropertyguide.com.au/suburbs/warwick-farm-nsw-2170,0,5,6.0
https://www.yourpropertyguide.com.au/suburbs/hazelmere-wa-6055,0,5,8.0
https://www.yourpropertyguide.com.au/postcodes/2171,0,5,7.0
https://www.yourpropertyguide.com.au/postcodes/2284,0,5,7.0
https://www.yourpropertyguide.com.au/postcodes/3039,0,5,7.6
https://www.yourpropertyguide.com.au/suburbs/monarch-glen-qld-4285,0,5,6.0
https://www.yourpropertyguide.com.au/property-market/darwin,0,5,7.0
https://www.yourpropertyguide.com.au/postcodes/6011,0,4,5.0
https://www.yourpropertyguide.com.au/postcodes/2107,0,4,6.0
https://www.yourpropertyguide.com.au/postcodes/2027,0,4,6.0
https://www.yourpropertyguide.com.au/suburbs/caboolture-qld-4510/ascot-street,0,4,4.5
https://www.yourpropertyguide.com.au/postcodes/4113,0,4,9.0
https://www.yourpropertyguide.com.au/postcodes/2530,0,4,8.0
https://www.yourpropertyguide.com.au/postcodes/2804,0,4,9.0
https://www.yourpropertyguide.com.au/postcodes/2020,0,4,6.0
https://www.yourpropertyguide.com.au/suburbs/underwood-qld-4119,0,4,6.0
https://www.yourpropertyguide.com.au/suburbs/bella-vista-nsw-2153/northridge-avenue,0,4,6.0
https://www.yourpropertyguide.com.au/suburbs/woodgate-qld-4660/theodolite-creek-drive,0,4,7.0
https://www.yourpropertyguide.com.au/postcodes/2147,0,4,6.5
https://www.yourpropertyguide.com.au/property/18-starwort-street-caboolture-qld-4510,0,4,9.0
https://www.yourpropertyguide.com.au/property/12-gumnut-close-morayfield-qld-4506,0,4,10.0
https://www.yourpropertyguide.com.au/guides/first-home-buyer-sa,0,4,7.0
https://www.yourpropertyguide.com.au/suburbs/casino-nsw-2470,0,4,7.0
https://www.yourpropertyguide.com.au/suburbs/langwarrin-vic-3910,0,4,8.0
https://www.yourpropertyguide.com.au/suburbs/lillico-vic-3820,0,4,6.0
https://www.yourpropertyguide.com.au/suburbs/morphett-vale-sa-5162,0,4,7.0
https://www.yourpropertyguide.com.au/postcodes/2283,0,4,5.0
https://www.yourpropertyguide.com.au/postcodes/6000,0,4,8.0
https://www.yourpropertyguide.com.au/suburbs/adelaide-sa-5000/rental-market,0,4,6.0
https://www.yourpropertyguide.com.au/schools/killara-high-school-41343,0,4,10.0
https://www.yourpropertyguide.com.au/postcodes/4123,0,4,8.0
https://www.yourpropertyguide.com.au/suburbs/joondanna-wa-6060,0,4,9.0
https://www.yourpropertyguide.com.au/suburbs/upper-coomera-qld-4209,0,4,10.0
https://www.yourpropertyguide.com.au/postcodes/2076,0,4,7.0
https://www.yourpropertyguide.com.au/postcodes/3434,0,4,6.2
https://www.yourpropertyguide.com.au/guides/first-home-buyer-schemes-by-state-australia-2026,0,4,10.0
https://www.yourpropertyguide.com.au/suburbs/ingleside-nsw-2101/mona-vale-road,0,3,5.0
https://www.yourpropertyguide.com.au/postcodes/3000,0,3,7.0
https://www.yourpropertyguide.com.au/postcodes/2024,0,3,7.0
https://www.yourpropertyguide.com.au/suburbs/ewingsdale-nsw-2481/kennedys-lane,0,3,6.0
https://www.yourpropertyguide.com.au/suburbs/darra-qld-4076,0,3,6.0
https://www.yourpropertyguide.com.au/property/11-alcorn-street-suffolk-park-nsw-2481,0,3,7.0
https://www.yourpropertyguide.com.au/suburbs/narangba-qld-4504/saint-clair-court,0,3,9.0
https://www.yourpropertyguide.com.au/suburbs/adelaide-sa-5000/surflen-street,0,3,9.0
https://www.yourpropertyguide.com.au/suburbs/burpengary-qld-4505/busoni-crescent,0,3,8.3
https://www.yourpropertyguide.com.au/suburbs/melbourne-vic-3000/hosier-lane,0,3,3.3
https://www.yourpropertyguide.com.au/suburbs/longueville-nsw-2066/dettmann-avenue,0,3,9.0
https://www.yourpropertyguide.com.au/suburbs/floreat-wa-6014,0,3,8.0
https://www.yourpropertyguide.com.au/property/unit-2-11-penny-place-arndell-park-nsw-2148,0,3,4.0
https://www.yourpropertyguide.com.au/suburbs/caboolture-qld-4510/cutler-street,0,3,9.0
https://www.yourpropertyguide.com.au/suburbs/caboolture-qld-4510/saint-road,0,3,7.0
https://www.yourpropertyguide.com.au/postcodes/2359,0,3,6.0
https://www.yourpropertyguide.com.au/postcodes/6210,0,3,9.0
https://www.yourpropertyguide.com.au/postcodes/5010,0,3,6.0
https://www.yourpropertyguide.com.au/postcodes/2264,0,3,8.7
https://www.yourpropertyguide.com.au/suburbs/clontarf-nsw-2093/monash-crescent,0,3,10.0
https://www.yourpropertyguide.com.au/suburbs/north-isis-qld-4660/framptons-road,0,3,3.0
https://www.yourpropertyguide.com.au/suburbs/narangba-qld-4504/barrine-place,0,3,7.0
https://www.yourpropertyguide.com.au/property/11-dhanga-djeembana-walk-melbourne-vic-3000,0,3,7.0
https://www.yourpropertyguide.com.au/postcodes/2360,0,3,8.0
https://www.yourpropertyguide.com.au/postcodes/3701,0,3,5.0
https://www.yourpropertyguide.com.au/suburbs/caboolture-qld-4510/rogers-crescent,0,3,7.0
https://www.yourpropertyguide.com.au/suburbs/allambie-nsw-2100,0,3,6.3
https://www.yourpropertyguide.com.au/suburbs/heathridge-wa-6027,0,3,9.0
https://www.yourpropertyguide.com.au/suburbs/cedar-creek-qld-4520,0,3,9.0
https://www.yourpropertyguide.com.au/postcodes/3104,0,3,6.0
https://www.yourpropertyguide.com.au/postcodes/2128,0,3,8.0
https://www.yourpropertyguide.com.au/suburbs/mascot-nsw-2020,0,3,7.0
https://www.yourpropertyguide.com.au/suburbs/para-vista-sa-5093,0,3,7.0
https://www.yourpropertyguide.com.au/postcodes/2088,0,3,6.0
https://www.yourpropertyguide.com.au/postcodes/2074,0,3,8.3
https://www.yourpropertyguide.com.au/postcodes/4120,0,3,6.7
https://www.yourpropertyguide.com.au/suburbs/dernancourt-sa-5075,0,3,10.0
https://www.yourpropertyguide.com.au/suburbs/sanctuary-cove-qld-4212,0,3,7.0
https://www.yourpropertyguide.com.au/suburbs/modbury-heights-sa-5092,0,3,8.0
https://www.yourpropertyguide.com.au/suburbs/dundas-nsw-2117,0,3,9.0
https://www.yourpropertyguide.com.au/postcodes/3047,0,3,7.0
https://www.yourpropertyguide.com.au/postcodes/2556,0,3,9.0
https://www.yourpropertyguide.com.au/suburbs/broadmeadows-vic-3047,0,3,8.0
https://www.yourpropertyguide.com.au/suburbs/albany-creek-qld-4035,0,3,7.0
https://www.yourpropertyguide.com.au/suburbs/beaumont-hills-nsw-2155,0,3,6.0
https://www.yourpropertyguide.com.au/suburbs/kuluin-qld-4558,0,3,8.0
https://www.yourpropertyguide.com.au/suburbs/sunrise-beach-qld-4567,0,3,7.0
https://www.yourpropertyguide.com.au/postcodes/2576,0,3,7.0
https://www.yourpropertyguide.com.au/suburbs/moonah-tas-7009,0,3,9.0
https://www.yourpropertyguide.com.au/postcodes/2100,0,3,6.0
https://www.yourpropertyguide.com.au/suburbs/dutton-park-qld-4102,0,3,9.0
https://www.yourpropertyguide.com.au/guides/home-lending-june-quarter-2026-investor-loans,0,3,5.0
https://www.yourpropertyguide.com.au/suburbs/athelstone-sa-5076/agents,0,3,3.0
https://www.yourpropertyguide.com.au/postcodes/4165,0,3,7.0
https://www.yourpropertyguide.com.au/suburbs/barangaroo-nsw-2000,0,3,7.0
https://www.yourpropertyguide.com.au/suburbs/ngunnawal-act-2913/agents,0,3,6.0
https://www.yourpropertyguide.com.au/rental-yield-calculator,0,3,7.0
https://www.yourpropertyguide.com.au/market-reports/vic,0,3,10.0
https://www.yourpropertyguide.com.au/postcodes/3018,0,3,7.0
https://www.yourpropertyguide.com.au/guides/cheapest-suburbs-australian-capitals-winter-2026,0,3,5.0
https://www.yourpropertyguide.com.au/regions/warrnambool,0,3,6.0
https://www.yourpropertyguide.com.au/suburbs/mumbil-nsw-2820,0,2,8.0
https://www.yourpropertyguide.com.au/postcodes/3442,0,2,6.0
https://www.yourpropertyguide.com.au/suburbs/byron-bay-nsw-2481,0,2,5.0
https://www.yourpropertyguide.com.au/postcodes/2148,0,2,6.0
https://www.yourpropertyguide.com.au/suburbs/rockhampton-qld-4700,0,2,6.0
https://www.yourpropertyguide.com.au/suburbs/cottesloe-wa-6011,0,2,6.0
https://www.yourpropertyguide.com.au/suburbs/caboolture-qld-4510/lychee-drive,0,2,8.5
https://www.yourpropertyguide.com.au/suburbs/arndell-park-nsw-2148/wrightland-place,0,2,4.0
https://www.yourpropertyguide.com.au/suburbs/caboolture-qld-4510/cowie-street,0,2,3.0
https://www.yourpropertyguide.com.au/postcodes/6171,0,2,9.0
https://www.yourpropertyguide.com.au/suburbs/arndell-park-nsw-2148/murtha-street,0,2,6.0
https://www.yourpropertyguide.com.au/suburbs/clontarf-nsw-2093/russell-street,0,2,4.0
https://www.yourpropertyguide.com.au/suburbs/wolli-creek-nsw-2205,0,2,8.0
https://www.yourpropertyguide.com.au/postcodes/3870,0,2,4.0
https://www.yourpropertyguide.com.au/suburbs/morayfield-qld-4506/sherwood-street,0,2,10.0
https://www.yourpropertyguide.com.au/suburbs/bayview-nsw-2104/pittwater-road,0,2,7.0
https://www.yourpropertyguide.com.au/suburbs/caboolture-qld-4510/urban-road,0,2,8.0
https://www.yourpropertyguide.com.au/postcodes/2168,0,2,6.0
https://www.yourpropertyguide.com.au/suburbs/longueville-nsw-2066/lucretia-avenue,0,2,8.0
https://www.yourpropertyguide.com.au/glossary/restrictive-covenant,0,2,8.0
https://www.yourpropertyguide.com.au/postcodes/3149,0,2,8.0
https://www.yourpropertyguide.com.au/suburbs/humpty-doo-nt-0836/mudlark-road,0,2,5.0
https://www.yourpropertyguide.com.au/suburbs/burpengary-qld-4505/new-settlement-road,0,2,8.0
https://www.yourpropertyguide.com.au/suburbs/melbourne-vic-3000/nicholson-place,0,2,2.0
https://www.yourpropertyguide.com.au/suburbs/deception-bay-qld-4508,0,2,8.0
https://www.yourpropertyguide.com.au/suburbs/grogan-nsw-2666,0,2,8.0
https://www.yourpropertyguide.com.au/property/1-birkdale-place-currambine-wa-6028,0,2,5.0
https://www.yourpropertyguide.com.au/suburbs/doonside-nsw-2767/mundin-street,0,2,7.0
https://www.yourpropertyguide.com.au/postcodes/2289,0,2,8.0
https://www.yourpropertyguide.com.au/suburbs/melbourne-vic-3000/rainbow-alley,0,2,8.0
https://www.yourpropertyguide.com.au/suburbs/wallan-vic-3756/freeway-drive,0,2,6.0
https://www.yourpropertyguide.com.au/property/42-narani-crescent-northbridge-nsw-2063,0,2,8.0
https://www.yourpropertyguide.com.au/suburbs/caboolture-qld-4510/ardrossan-road,0,2,5.5
https://www.yourpropertyguide.com.au/postcodes/2533,0,2,9.0
https://www.yourpropertyguide.com.au/suburbs/fortitude-valley-bc-qld-4006,0,2,9.0
https://www.yourpropertyguide.com.au/suburbs/wallan-vic-3756/berry-saltbush-drive,0,2,10.0
https://www.yourpropertyguide.com.au/schools/mentone-grammar-school-46184,0,2,6.0
https://www.yourpropertyguide.com.au/property/14-charlemont-terrace-bella-vista-nsw-2153,0,2,7.0
https://www.yourpropertyguide.com.au/suburbs/burpengary-qld-4505/chestnut-drive,0,2,5.0
https://www.yourpropertyguide.com.au/suburbs/koroit-vic-3282,0,2,6.0
https://www.yourpropertyguide.com.au/postcodes/3268,0,2,10.0
https://www.yourpropertyguide.com.au/property/8-westwind-place-currambine-wa-6028,0,2,9.0
https://www.yourpropertyguide.com.au/postcodes/4716,0,2,8.0
https://www.yourpropertyguide.com.au/property/42-macgregor-street-suffolk-park-nsw-2481,0,2,7.0
https://www.yourpropertyguide.com.au/suburbs/moura-qld-4718,0,2,4.0
https://www.yourpropertyguide.com.au/postcodes/4060,0,2,4.0
https://www.yourpropertyguide.com.au/property/87-frizzells-road-woodgate-qld-4660,0,2,7.0
https://www.yourpropertyguide.com.au/postcodes/6167,0,2,8.5
https://www.yourpropertyguide.com.au/property/3-waterfall-crescent-bella-vista-nsw-2153,0,2,6.0
https://www.yourpropertyguide.com.au/property/7-yarrandi-place-longueville-nsw-2066,0,2,7.0
https://www.yourpropertyguide.com.au/postcodes/9999,0,2,8.0
https://www.yourpropertyguide.com.au/schools/st-justin-s-catholic-primary-school-50387/vs/oran-park-anglican-college-50494,0,2,2.0
https://www.yourpropertyguide.com.au/suburbs/avoca-beach-nsw-2251,0,2,8.0
https://www.yourpropertyguide.com.au/guides/first-home-buyer-nt,0,2,8.0
https://www.yourpropertyguide.com.au/suburbs/old-noarlunga-sa-5168,0,2,6.0
https://www.yourpropertyguide.com.au/property/55-onkaparinga-valley-road-balhannah-sa-5242,0,2,3.0
https://www.yourpropertyguide.com.au/suburbs/windsor-gardens-sa-5087,0,2,7.0
https://www.yourpropertyguide.com.au/suburbs/kirribilli-nsw-2061,0,2,8.0
https://www.yourpropertyguide.com.au/suburbs/queens-park-wa-6107,0,2,10.0
https://www.yourpropertyguide.com.au/suburbs/mudgeeraba-qld-4213,0,2,9.0
https://www.yourpropertyguide.com.au/suburbs/bokarina-qld-4575/schools,0,2,5.0
https://www.yourpropertyguide.com.au/suburbs/malvern-vic-3144,0,2,8.0
https://www.yourpropertyguide.com.au/compare,0,2,4.0
https://www.yourpropertyguide.com.au/suburbs/parwan-vic-3340/schools,0,2,9.0
https://www.yourpropertyguide.com.au/postcodes/2579,0,2,8.0
https://www.yourpropertyguide.com.au/postcodes/2263,0,2,9.0
https://www.yourpropertyguide.com.au/suburbs/wilcannia-nsw-2836,0,2,10.0
https://www.yourpropertyguide.com.au/suburbs/mambourin-vic-3024,0,2,9.0
https://www.yourpropertyguide.com.au/postcodes/2299,0,2,8.0
https://www.yourpropertyguide.com.au/postcodes/2298,0,2,6.0
https://www.yourpropertyguide.com.au/suburbs/hillcrest-qld-4118,0,2,17.0
https://www.yourpropertyguide.com.au/suburbs/wickham-nt-0822,0,2,7.5
https://www.yourpropertyguide.com.au/postcodes/2094,0,2,7.0
https://www.yourpropertyguide.com.au/postcodes/6110,0,2,10.0
https://www.yourpropertyguide.com.au/postcodes/3800,0,2,9.0
https://www.yourpropertyguide.com.au/suburbs/birchgrove-nsw-2041,0,2,8.0
https://www.yourpropertyguide.com.au/suburbs/san-remo-nsw-2262,0,2,2.0
https://www.yourpropertyguide.com.au/suburbs/canley-heights-nsw-2166,0,2,9.0
https://www.yourpropertyguide.com.au/postcodes/6153,0,2,10.0
https://www.yourpropertyguide.com.au/suburbs/brighton-eventide-qld-4017/schools,0,2,8.0
https://www.yourpropertyguide.com.au/suburbs/tanah-merah-qld-4128,0,2,8.0
https://www.yourpropertyguide.com.au/postcodes/3805,0,2,8.0
https://www.yourpropertyguide.com.au/suburbs/south-yarra-vic-3141/rental-market,0,2,7.0
https://www.yourpropertyguide.com.au/suburbs/the-gap-qld-4061,0,2,10.0
https://www.yourpropertyguide.com.au/suburbs/brighton-vic-3186,0,2,7.0
https://www.yourpropertyguide.com.au/suburbs/mandurah-dc-wa-6210,0,2,10.0
https://www.yourpropertyguide.com.au/postcodes/2190,0,2,6.0
https://www.yourpropertyguide.com.au/guides/property-buyer-id-source-of-funds-austrac-rules-2026,0,2,7.0
https://www.yourpropertyguide.com.au/postcodes/3083,0,1,6.0
https://www.yourpropertyguide.com.au/best-suburbs,0,1,3.0
https://www.yourpropertyguide.com.au/suburbs/gregory-river-qld-4660,0,1,7.0
https://www.yourpropertyguide.com.au/suburbs/ewingsdale-nsw-2481,0,1,6.0
https://www.yourpropertyguide.com.au/property/76-elof-road-caboolture-qld-4510,0,1,3.0
https://www.yourpropertyguide.com.au/property/unit-2-68-elof-road-caboolture-qld-4510,0,1,4.0
https://www.yourpropertyguide.com.au/schools/mount-barker-primary-school-49244,0,1,19.0
https://www.yourpropertyguide.com.au/postcodes/3216,0,1,4.0
https://www.yourpropertyguide.com.au/suburbs/bella-vista-nsw-2153/prestige-avenue,0,1,10.0
https://www.yourpropertyguide.com.au/suburbs/clontarf-nsw-2093/rental-market,0,1,5.0
https://www.yourpropertyguide.com.au/suburbs/burpengary-qld-4505/acacia-street,0,1,8.0
https://www.yourpropertyguide.com.au/suburbs/bradfield-nsw-2556,0,1,8.0
https://www.yourpropertyguide.com.au/suburbs/burpengary-qld-4505/welsh-street,0,1,6.0
https://www.yourpropertyguide.com.au/suburbs/bradfield-nsw-2556/medich-place,0,1,10.0
https://www.yourpropertyguide.com.au/suburbs/caboolture-qld-4510/jacques-close,0,1,9.0
https://www.yourpropertyguide.com.au/suburbs/gollan-nsw-2820/bullaburra-road,0,1,1.0
https://www.yourpropertyguide.com.au/suburbs/caboolture-qld-4510/lynfield-drive,0,1,9.0
https://www.yourpropertyguide.com.au/suburbs/narangba-qld-4504/tibrogargan-drive,0,1,9.0
https://www.yourpropertyguide.com.au/postcodes/2794,0,1,9.0
https://www.yourpropertyguide.com.au/suburbs/humpty-doo-nt-0836/hayball-road,0,1,5.0
https://www.yourpropertyguide.com.au/property/75-kennedy-road-humpty-doo-nt-0836,0,1,3.0
https://www.yourpropertyguide.com.au/postcodes/2439,0,1,10.0
https://www.yourpropertyguide.com.au/suburbs/sunnybank-hills-qld-4109,0,1,3.0
https://www.yourpropertyguide.com.au/suburbs/morayfield-qld-4506/carol-street,0,1,7.0
https://www.yourpropertyguide.com.au/suburbs/mansfield-dc-qld-4122,0,1,9.0
https://www.yourpropertyguide.com.au/suburbs/bayview-nsw-2104/cabbage-tree-road,0,1,9.0
https://www.yourpropertyguide.com.au/suburbs/caboolture-qld-4510/waterview-crescent,0,1,6.0
https://www.yourpropertyguide.com.au/suburbs/wallan-vic-3756/teatree-lane,0,1,10.0
https://www.yourpropertyguide.com.au/suburbs/bulga-forest-nsw-2429,0,1,10.0
https://www.yourpropertyguide.com.au/postcodes/2156,0,1,9.0
https://www.yourpropertyguide.com.au/suburbs/aldershot-qld-4650/stein-road,0,1,4.0
https://www.yourpropertyguide.com.au/suburbs/depot-hill-qld-4700,0,1,9.0
https://www.yourpropertyguide.com.au/suburbs/northbridge-nsw-2063/bourmac-avenue,0,1,10.0
https://www.yourpropertyguide.com.au/suburbs/clontarf-nsw-2093/amiens-road,0,1,3.0
https://www.yourpropertyguide.com.au/suburbs/burpengary-qld-4505/redgum-drive,0,1,6.0
https://www.yourpropertyguide.com.au/property/unit-5-28-lower-king-street-caboolture-qld-4510,0,1,3.0
https://www.yourpropertyguide.com.au/property/8-henry-court-buxton-qld-4660,0,1,7.0
https://www.yourpropertyguide.com.au/suburbs/adelaide-sa-5000/rosina-street,0,1,8.0
https://www.yourpropertyguide.com.au/suburbs/melbourne-vic-3000/blender-lane,0,1,8.0
https://www.yourpropertyguide.com.au/suburbs/caboolture-qld-4510/mareli-street,0,1,8.0
https://www.yourpropertyguide.com.au/postcodes/2529,0,1,9.0
https://www.yourpropertyguide.com.au/property/4-paddington-avenue-currambine-wa-6028,0,1,5.0
https://www.yourpropertyguide.com.au/suburbs/morayfield-qld-4506/mosset-street,0,1,10.0
https://www.yourpropertyguide.com.au/suburbs/galiwinku-nt-0822,0,1,9.0
https://www.yourpropertyguide.com.au/postcodes/2083,0,1,7.0
https://www.yourpropertyguide.com.au/property/unit-50-3-sunlander-drive-currambine-wa-6028,0,1,5.0
https://www.yourpropertyguide.com.au/suburbs/longueville-nsw-2066/stuart-street,0,1,8.0
https://www.yourpropertyguide.com.au/postcodes/4568,0,1,10.0
https://www.yourpropertyguide.com.au/suburbs/port-of-brisbane-qld-4178,0,1,10.0
https://www.yourpropertyguide.com.au/suburbs/buxton-qld-4660/gregory-street,0,1,7.0
https://www.yourpropertyguide.com.au/suburbs/caboolture-qld-4510/joyner-circuit,0,1,7.0
https://www.yourpropertyguide.com.au/suburbs/longueville-nsw-2066/river-road-w,0,1,6.0
https://www.yourpropertyguide.com.au/suburbs/longueville-nsw-2066/kenneth-street,0,1,5.0
https://www.yourpropertyguide.com.au/suburbs/badgerys-creek-nsw-2555,0,1,9.0
https://www.yourpropertyguide.com.au/postcodes/5214,0,1,10.0
https://www.yourpropertyguide.com.au/suburbs/morayfield-qld-4506/prospect-circuit,0,1,8.0
https://www.yourpropertyguide.com.au/suburbs/wallan-vic-3756/boronia-avenue,0,1,9.0
https://www.yourpropertyguide.com.au/property/786-malvern-road-belcong-qld-4723,0,1,9.0
https://www.yourpropertyguide.com.au/suburbs/caboolture-qld-4510/craigslea-drive,0,1,9.0
https://www.yourpropertyguide.com.au/suburbs/karuah-nsw-2324,0,1,5.0
https://www.yourpropertyguide.com.au/suburbs/bella-vista-nsw-2153/charlemont-terrace,0,1,5.0
https://www.yourpropertyguide.com.au/suburbs/wallan-vic-3756/moss-street,0,1,5.0
https://www.yourpropertyguide.com.au/property/60-cliff-avenue-northbridge-nsw-2063,0,1,5.0
https://www.yourpropertyguide.com.au/property/unit-5-27-barina-downs-road-bella-vista-nsw-2153,0,1,5.0
https://www.yourpropertyguide.com.au/suburbs/ewingsdale-nsw-2481/tahra-crescent,0,1,5.0
https://www.yourpropertyguide.com.au/postcodes/2066,0,1,9.0
https://www.yourpropertyguide.com.au/suburbs/new-lambton-heights-nsw-2305,0,1,8.0
https://www.yourpropertyguide.com.au/suburbs/balhannah-sa-5242/spoehr-road,0,1,10.0
https://www.yourpropertyguide.com.au/suburbs/adelaide-sa-5000/elizabeth-street,0,1,2.0
https://www.yourpropertyguide.com.au/property/41-beatrice-street-clontarf-nsw-2093,0,1,7.0
https://www.yourpropertyguide.com.au/property/25-bimbadgen-place-bella-vista-nsw-2153,0,1,8.0
https://www.yourpropertyguide.com.au/property/21-moss-avenue-wallan-vic-3756,0,1,7.0
https://www.yourpropertyguide.com.au/suburbs/northbridge-nsw-2063/dalmeny-road,0,1,9.0
https://www.yourpropertyguide.com.au/suburbs/morayfield-qld-4506/notus-drive,0,1,6.0
https://www.yourpropertyguide.com.au/suburbs/adelaide-sa-5000/french-street,0,1,5.0
https://www.yourpropertyguide.com.au/suburbs/caboolture-qld-4510/mendrina-close,0,1,7.0
https://www.yourpropertyguide.com.au/postcodes/2423,0,1,7.0
https://www.yourpropertyguide.com.au/suburbs/ingleside-nsw-2101/addison-road,0,1,9.0
https://www.yourpropertyguide.com.au/property/1-tailor-street-woodgate-qld-4660,0,1,8.0
https://www.yourpropertyguide.com.au/suburbs/myrtletown-qld-4008,0,1,5.0
https://www.yourpropertyguide.com.au/suburbs/morayfield-qld-4506/rosalie-way,0,1,4.0
https://www.yourpropertyguide.com.au/postcodes/2766,0,1,8.0
https://www.yourpropertyguide.com.au/property/16-harbour-view-street-clontarf-nsw-2093,0,1,8.0
https://www.yourpropertyguide.com.au/suburbs/tarneit-vic-3029,0,1,9.0
https://www.yourpropertyguide.com.au/postcodes/2044,0,1,9.0
https://www.yourpropertyguide.com.au/postcodes/4025,0,1,7.0
https://www.yourpropertyguide.com.au/suburbs/caboolture-qld-4510/kestrel-street,0,1,4.0
https://www.yourpropertyguide.com.au/postcodes/2379,0,1,6.0
https://www.yourpropertyguide.com.au/property/4a-meridian-place-bella-vista-nsw-2153,0,1,9.0
https://www.yourpropertyguide.com.au/suburbs/morayfield-qld-4506/bristlebird-drive,0,1,9.0
https://www.yourpropertyguide.com.au/suburbs/caboolture-qld-4510/boyle-street,0,1,7.0
https://www.yourpropertyguide.com.au/property/51-teak-circuit-suffolk-park-nsw-2481,0,1,5.0
https://www.yourpropertyguide.com.au/postcodes/3730,0,1,8.0
https://www.yourpropertyguide.com.au/suburbs/goobarragandra-nsw-2720,0,1,3.0
https://www.yourpropertyguide.com.au/suburbs/bella-vista-nsw-2153/bronzewing-terrace,0,1,8.0
https://www.yourpropertyguide.com.au/suburbs/wallan-vic-3756/belladonna-circuit,0,1,7.0
https://www.yourpropertyguide.com.au/suburbs/bundaberg-qld-4670,0,1,8.0
https://www.yourpropertyguide.com.au/postcodes/3862,0,1,10.0
https://www.yourpropertyguide.com.au/suburbs/springwood-bc-qld-4127,0,1,6.0
https://www.yourpropertyguide.com.au/suburbs/broken-hill-nsw-2880,0,1,7.0
https://www.yourpropertyguide.com.au/suburbs/mount-moffatt-qld-4465,0,1,3.0
https://www.yourpropertyguide.com.au/suburbs/spring-creek-qld-4420,0,1,10.0
https://www.yourpropertyguide.com.au/suburbs/tingalpa-dc-qld-4173,0,1,5.0
https://www.yourpropertyguide.com.au/suburbs/wonboyn-nsw-2551,0,1,2.0
https://www.yourpropertyguide.com.au/suburbs/kambah-act-2902/vs/waramanga-act-2611,0,1,1.0
https://www.yourpropertyguide.com.au/suburbs/ben-buckler-nsw-2026,0,1,3.0
https://www.yourpropertyguide.com.au/suburbs/charles-darwin-nt-0820,0,1,6.0
https://www.yourpropertyguide.com.au/suburbs/fairfield-nsw-2165,0,1,9.0
https://www.yourpropertyguide.com.au/suburbs/seaholme-vic-3018,0,1,10.0
https://www.yourpropertyguide.com.au/suburbs/bella-vista-nsw-2153/kimberley-court,0,1,10.0
https://www.yourpropertyguide.com.au/property/21-drummer-street-tin-can-bay-qld-4580,0,1,6.0
https://www.yourpropertyguide.com.au/property/6-wild-horse-road-caboolture-qld-4510,0,1,10.0
https://www.yourpropertyguide.com.au/suburbs/kingsbury-vic-3083,0,1,7.0
https://www.yourpropertyguide.com.au/suburbs/melbourne-vic-3000/coromandel-place,0,1,8.0
https://www.yourpropertyguide.com.au/suburbs/altona-north-vic-3025/vs/brooklyn-vic-3012,0,1,3.0
https://www.yourpropertyguide.com.au/suburbs/oxford-falls-nsw-2100,0,1,7.0
https://www.yourpropertyguide.com.au/schools/southern-montessori-school-49796,0,1,6.0
https://www.yourpropertyguide.com.au/suburbs/yass-nsw-2582,0,1,8.0
https://www.yourpropertyguide.com.au/suburbs/girrawheen-wa-6064,0,1,4.0
https://www.yourpropertyguide.com.au/suburbs/mosman-park-wa-6012,0,1,10.0
https://www.yourpropertyguide.com.au/suburbs/rippleside-vic-3215,0,1,5.0
https://www.yourpropertyguide.com.au/suburbs/wayville-sa-5034,0,1,10.0
https://www.yourpropertyguide.com.au/schools/trinity-lutheran-college-47977,0,1,11.0
https://www.yourpropertyguide.com.au/suburbs/henrietta-tas-7325/schools,0,1,10.0
https://www.yourpropertyguide.com.au/suburbs/carlton-vic-3000,0,1,9.0
https://www.yourpropertyguide.com.au/property/10-dupont-avenue-city-beach-wa-6015,0,1,5.0
https://www.yourpropertyguide.com.au/suburbs/benger-wa-6223,0,1,9.0
https://www.yourpropertyguide.com.au/suburbs/wingham-nsw-2429,0,1,4.0
https://www.yourpropertyguide.com.au/suburbs/sylvania-southgate-nsw-2224,0,1,6.0
https://www.yourpropertyguide.com.au/postcodes/2035,0,1,6.0
https://www.yourpropertyguide.com.au/property/59-ann-maree-drive-caboolture-qld-4510,0,1,4.0
https://www.yourpropertyguide.com.au/property/2-wrightland-place-arndell-park-nsw-2148,0,1,7.0
https://www.yourpropertyguide.com.au/guides/canberra-act-property-market-2026,0,1,6.0
https://www.yourpropertyguide.com.au/postcodes/2177,0,1,10.0
https://www.yourpropertyguide.com.au/property/28-brighton-drive-bella-vista-nsw-2153,0,1,4.0
https://www.yourpropertyguide.com.au/suburbs/moorvale-qld-4105,0,1,7.0
https://www.yourpropertyguide.com.au/suburbs/oatley-nsw-2223,0,1,10.0
https://www.yourpropertyguide.com.au/suburbs/oak-flats-nsw-2529,0,1,9.0
https://www.yourpropertyguide.com.au/property/9-squill-place-arndell-park-nsw-2148,0,1,4.0
https://www.yourpropertyguide.com.au/guides/hobart-tasmania-property-market-2026,0,1,8.0
https://www.yourpropertyguide.com.au/suburbs/adamstown-nsw-2289,0,1,10.0
https://www.yourpropertyguide.com.au/postcodes/3084,0,1,7.0
https://www.yourpropertyguide.com.au/suburbs/melrose-park-dc-sa-5039,0,1,9.0
https://www.yourpropertyguide.com.au/suburbs/redcliffe-north-qld-4020/vs/scarborough-qld-4020,0,1,6.0
https://www.yourpropertyguide.com.au/suburbs/tonsley-sa-5042,0,1,8.0
https://www.yourpropertyguide.com.au/suburbs/linden-park-sa-5065,0,1,10.0
https://www.yourpropertyguide.com.au/suburbs/sapphire-central-qld-4702,0,1,10.0
https://www.yourpropertyguide.com.au/suburbs/manly-nsw-2095,0,1,9.0
https://www.yourpropertyguide.com.au/suburbs/melbourne-vic-3000/st-kilda-road,0,1,2.0
https://www.yourpropertyguide.com.au/suburbs/caboolture-qld-4510/priory-close,0,1,6.0
https://www.yourpropertyguide.com.au/suburbs/mount-ive-sa-5717,0,1,5.0
https://www.yourpropertyguide.com.au/suburbs/middle-park-vic-3206,0,1,9.0
https://www.yourpropertyguide.com.au/suburbs/rivett-act-2611,0,1,4.0
https://www.yourpropertyguide.com.au/suburbs/taren-point-nsw-2229,0,1,6.0
https://www.yourpropertyguide.com.au/property/22-grassdale-crescent-morayfield-qld-4506,0,1,7.0
https://www.yourpropertyguide.com.au/suburbs/chambers-flat-qld-4133,0,1,10.0
https://www.yourpropertyguide.com.au/suburbs/mount-gambier-sa-5291,0,1,10.0
https://www.yourpropertyguide.com.au/suburbs/sunnybank-south-qld-4109,0,1,9.0
https://www.yourpropertyguide.com.au/suburbs/marburg-qld-4346,0,1,10.0
https://www.yourpropertyguide.com.au/suburbs/allenby-gardens-sa-5009,0,1,10.0
https://www.yourpropertyguide.com.au/suburbs/brunswick-east-vic-3057,0,1,8.0
https://www.yourpropertyguide.com.au/property/2-skylark-circuit-bella-vista-nsw-2153,0,1,5.0
https://www.yourpropertyguide.com.au/postcodes/2025,0,1,10.0
https://www.yourpropertyguide.com.au/suburbs/klemzig-sa-5087,0,1,7.0
https://www.yourpropertyguide.com.au/suburbs/kilsyth-south-vic-3137,0,1,10.0
https://www.yourpropertyguide.com.au/suburbs/seaford-vic-3198/rental-market,0,1,1.0
https://www.yourpropertyguide.com.au/suburbs/north-wollongong-nsw-2500,0,1,9.0
https://www.yourpropertyguide.com.au/suburbs/bidwill-nsw-2770,0,1,9.0
https://www.yourpropertyguide.com.au/suburbs/brookwater-qld-4300,0,1,8.0
https://www.yourpropertyguide.com.au/suburbs/dover-heights-nsw-2030,0,1,9.0
https://www.yourpropertyguide.com.au/suburbs/beacon-hill-nsw-2100/schools,0,1,4.0
https://www.yourpropertyguide.com.au/suburbs/kotara-nsw-2289,0,1,8.0
https://www.yourpropertyguide.com.au/suburbs/clyde-north-vic-3978,0,1,9.0
https://www.yourpropertyguide.com.au/suburbs/broadbeach-qld-4218,0,1,10.0
https://www.yourpropertyguide.com.au/suburbs/somerton-vic-3062,0,1,3.0
https://www.yourpropertyguide.com.au/suburbs/gibson-desert-north-wa-0872,0,1,8.0
https://www.yourpropertyguide.com.au/suburbs/altona-north-vic-3025,0,1,10.0
https://www.yourpropertyguide.com.au/suburbs/blue-haven-nsw-2262,0,1,10.0
https://www.yourpropertyguide.com.au/suburbs/lonsdale-dc-sa-5160,0,1,5.0
https://www.yourpropertyguide.com.au/suburbs/point-cook-vic-3030,0,1,9.0
https://www.yourpropertyguide.com.au/suburbs/camp-mountain-qld-4520,0,1,6.0
https://www.yourpropertyguide.com.au/suburbs/new-farm-qld-4005,0,1,8.0
https://www.yourpropertyguide.com.au/suburbs/manuka-act-2603,0,1,9.0
https://www.yourpropertyguide.com.au/property/21-23-mahogany-drive-caboolture-qld-4510,0,1,8.0
https://www.yourpropertyguide.com.au/suburbs/south-wharf-vic-3006,0,1,10.0
https://www.yourpropertyguide.com.au/suburbs/coorparoo-dc-qld-4151,0,1,5.0
https://www.yourpropertyguide.com.au/suburbs/canning-bridge-applecross-wa-6153,0,1,2.0
https://www.yourpropertyguide.com.au/suburbs/greenhills-nsw-2440,0,1,2.0
https://www.yourpropertyguide.com.au/suburbs/flynns-beach-nsw-2444/vs/north-shore-nsw-2444,0,1,10.0
https://www.yourpropertyguide.com.au/suburbs/milperra-nsw-2214,0,1,10.0
https://www.yourpropertyguide.com.au/suburbs/marrickville-metro-nsw-2204,0,1,9.0
https://www.yourpropertyguide.com.au/postcodes/4505,0,1,8.0
https://www.yourpropertyguide.com.au/suburbs/harkaway-vic-3806,0,1,8.0
https://www.yourpropertyguide.com.au/suburbs/lisarow-nsw-2250,0,1,9.0
https://www.yourpropertyguide.com.au/guides/renters-rights-nt,0,1,1.0
https://www.yourpropertyguide.com.au/property/8-bacchus-street-burpengary-qld-4505,0,1,8.0
https://www.yourpropertyguide.com.au/guides/fixed-vs-variable-rate-guide,0,1,7.0
https://www.yourpropertyguide.com.au/guides/rentvesting-australia,0,1,5.0
https://www.yourpropertyguide.com.au/guides,0,1,10.0
https://www.yourpropertyguide.com.au/guides/best-regional-towns-invest-australia-2026,0,1,3.0
