date,clicks,impressions
2026-03-30,0,0
2026-03-31,0,0
2026-04-01,0,0
2026-04-02,0,0
2026-04-03,0,0
2026-04-04,0,0
2026-04-05,0,0
2026-04-06,0,0
2026-04-07,0,0
2026-04-08,0,0
2026-04-09,0,0
2026-04-10,0,0
2026-04-11,0,2
2026-04-12,0,199
2026-04-13,0,259
2026-04-14,1,266
2026-04-15,0,184
2026-04-16,0,132
2026-04-17,0,41
2026-04-18,0,61
2026-04-19,2,97
2026-04-20,0,0
2026-04-21,0,0
2026-04-22,0,0
2026-04-23,0,0
2026-04-24,0,0
2026-04-25,0,2
2026-04-26,0,0
2026-04-27,0,0
2026-04-28,0,0
2026-04-29,0,0
2026-04-30,0,0
2026-05-01,0,1
2026-05-02,0,0
2026-05-03,0,0
2026-05-04,0,1
2026-05-05,0,0
2026-05-06,0,2
2026-05-07,0,3
2026-05-08,0,1
2026-05-09,0,0
2026-05-10,0,0
2026-05-11,0,0
2026-05-12,0,0
2026-05-13,0,0
2026-05-14,0,0
2026-05-15,0,0
2026-05-16,0,0
2026-05-17,0,0
2026-05-18,0,0
2026-05-19,1,67
2026-05-20,6,466
2026-05-21,5,449
2026-05-22,5,148
2026-05-23,1,139
2026-05-24,4,557
2026-05-25,2,544
2026-05-26,1,446
2026-05-27,3,579
2026-05-28,5,544
2026-05-29,2,139
2026-05-30,1,110
2026-05-31,3,575
2026-06-01,7,532
2026-06-02,4,477
2026-06-03,8,521
2026-06-04,3,399
2026-06-05,0,151
2026-06-06,0,118
2026-06-07,2,227
2026-06-08,1,493
2026-06-09,1,544
2026-06-10,3,575
2026-06-11,4,437
2026-06-12,1,121
2026-06-13,3,113
2026-06-14,7,654
2026-06-15,5,709
2026-06-16,8,602
2026-06-17,9,484
2026-06-18,4,428
2026-06-19,2,150
2026-06-20,1,145
2026-06-21,4,793
2026-06-22,7,837
2026-06-23,9,982
2026-06-24,11,1069
2026-06-25,11,836
2026-06-26,1,256
2026-06-27,6,221
2026-06-28,5,1043
2026-06-29,5,1166
2026-06-30,9,1264
2026-07-01,8,1358
2026-07-02,12,1132
2026-07-03,4,379
2026-07-04,5,420
2026-07-05,11,1634
2026-07-06,10,2031
2026-07-07,6,2496
2026-07-08,8,2496
2026-07-09,16,2158
2026-07-10,4,424
2026-07-11,0,0
2026-07-12,0,0
2026-07-13,0,0
2026-07-14,0,0
2026-07-15,0,0
2026-07-16,0,0
2026-07-17,0,0
2026-07-18,0,0
2026-07-19,1,6
2026-07-20,1,11
2026-07-21,0,14
2026-07-22,1,11
2026-07-23,0,10
2026-07-24,0,4
2026-07-25,0,11
2026-07-26,1,17
2026-07-27,0,17
2026-07-28,3,12
2026-07-29,0,30
2026-07-30,1,34
2026-07-31,3,17
2026-08-01,2,22
2026-08-02,2,59
2026-08-03,2,73
2026-08-04,0,84
2026-08-05,2,74
2026-08-06,0,59
2026-08-07,2,215
2026-08-08,4,240
2026-08-09,12,878
2026-08-10,5,858
2026-08-11,6,933
2026-08-12,20,709
2026-08-13,4,694
2026-08-14,5,303
2026-08-15,4,292
2026-08-16,12,1034
2026-08-17,13,886
2026-08-18,19,2466
2026-08-19,22,2871
2026-08-20,16,1937
2026-08-21,10,643
2026-08-22,9,519
2026-08-23,17,2669
2026-08-24,18,2589
2026-08-25,16,2432
2026-08-26,16,2232
2026-08-27,19,2169
2026-08-28,11,659
2026-08-29,7,557
2026-08-30,27,2365
2026-08-31,21,2309
2026-09-01,20,2300
2026-09-02,16,2598
2026-09-03,10,2259
2026-09-04,12,707
2026-09-05,6,585
2026-09-06,27,2545
2026-09-07,25,2663
2026-09-08,28,2565
2026-09-09,18,2428
2026-09-10,18,2363
2026-09-11,13,936
2026-09-12,6,689
2026-09-13,25,2921
2026-09-14,18,3051
2026-09-15,18,2993
2026-09-16,16,2928
2026-09-17,12,2095
2026-09-18,5,345
2026-09-19,7,371
2026-09-20,16,1039
2026-09-21,14,986
2026-09-22,24,914
2026-09-23,20,912
2026-09-24,12,704
2026-09-25,8,361
2026-09-26,15,374
2026-09-27,15,939
2026-09-28,15,938
2026-09-29,19,947
2026-09-30,20,959
2026-10-01,21,778
2026-10-02,7,374
2026-10-03,7,466
2026-10-04,16,550
2026-10-05,20,905
2026-10-06,21,1061
2026-10-07,23,977
