query,clicks,impressions,position
capital gains tax changes 2026,9,64,5.8
first home buyer grant nsw,5,1606,6.1
questions to ask when appointing a land selling agent,4,4,1.0
first home buyer grants nsw,3,8,4.0
houses for rent thea court morayfield,3,2,4.0
realtor commission rules for selling homes,3,2,4.0
granny flats wa rules,2,22,7.0
real estate agent commission,2,6,4.5
how much do houses cost in canberra,2,6,3.7
misty court caboolture google maps,2,5,6.0
average real estate commission,2,4,1.5
keon park postcode,2,4,5.0
average house price sydney,2,3,5.3
16 lesley av caboolture,2,2,9.0
property agent australia commision,2,2,1.0
currawong beach nsw population,2,2,1.0
real estate agents fees for selling,2,2,2.0
subdividing in eraring 2264,2,2,1.0
changes in sydney suburb house prices yoy,2,2,8.0
why is trinity college better than blakes crossing christian college,2,2,2.0
"real estate ageent fees sydnet, blue mountains, house price $1.7 million",2,2,2.0
canberra house prices by suburb,2,2,2.0
how much is the usual comission for real estate agents in melbourne?,2,2,2.0
mollymook nsw demographics owner-occupier,2,2,4.0
are agents commmission negotiable,2,2,2.0
"what commission rate would a real estate agent charge for a glenroy property in the state of victoria with an estimated value of $980,000",2,2,2.0
21 treeside court caboolture qld,2,1,7.0
monthly maintenance fees for rental property in nsw,2,1,6.0
weyton mews bella vista,2,1,4.0
australian real estate seller's fee,2,1,1.0
downsizing exemption prior to pension,2,1,8.0
commission for estate agents in nsw,2,1,1.0
low cost brokerage for realtors nsw reddit,2,1,8.0
houses 2026 victora,2,1,8.0
fees of profressionals compared to minic oneiell and ray white and belle,2,1,6.0
cgt on existing properties,2,1,6.0
buying first home,2,1,2.0
how much are the median house prices in canberra house prices,2,1,3.0
what is the market rent for marcoola qld,2,1,1.0
what are the average price of homes in para hills sa,2,1,3.0
melbourne median house price vs sydney,2,1,2.0
upcommong gouse price in sydney,2,1,2.0
capital gains tax post budget,2,1,3.0
property selling commision rates for 2026 queensland,2,1,1.0
"1 hodgeskinson street, charters towers",2,1,4.0
fhog,1,23,6.3
3810 postcode,1,20,6.3
2444 postcode,1,9,5.0
2099 postcode,1,8,6.5
minimum deposit for house australia,1,5,2.0
how do you value a 22 year old house in australia,1,5,2.0
"what is the usual commission for a realtor for a property that cost over $2,000,000",1,4,2.0
what are emms mooney property commission fees,1,4,2.0
typical real estate agent fees,1,4,2.0
estate agents fees,1,4,6.0
2264 postcode median home prices,1,4,2.0
a realestate agent quote include gst,1,4,2.0
estimated real estate agent commission in selling house in rabsy nsw,1,4,6.0
house prices melbourne,1,4,7.0
what is the standard fees for selling property ray white nt,1,4,4.0
what the average sales estate commonsion,1,4,1.0
your property guide,1,3,1.7
morning bay nsw median house price,1,3,7.0
granny flats attached to main house south australia,1,3,6.0
realestate commission nsw,1,3,1.0
what is the average real estate sales commission in nsw,1,3,1.0
cost of selling a house in australia,1,3,1.0
granny flat marion council adelaide sa,1,3,7.0
secret marketing reservoir 3073,1,3,80.0
postcode 6112,1,3,4.0
what is the biggest percentage of new residents in yamanto qld 2026?,1,3,9.0
"5 red bean cl, suffolk park, nsw 2481",1,3,4.0
typical real estate agent commission,1,3,3.0
full price offer on first day,1,3,2.0
how much does all property group charge for selling your home,1,3,3.0
typical percentage for real estate agent,1,3,4.0
granny flats south australia,1,3,7.0
85 foxglove street caboolture,1,2,6.0
370 darraweit guim rd wallan,1,2,10.0
drumine street morayfield,1,2,1.0
28 schipper ct caboolture,1,2,8.0
53/2 sienna drive morayfield,1,2,4.0
twin arcade adelaide lease,1,2,3.0
57 tallon street caboolture,1,2,6.0
12 gene court   narangba,1,2,8.0
"18 straitsman way currambine, australia occidental",1,2,6.0
2 cedar cutters way bella vista,1,2,6.0
real estate agent fees melbourne,1,2,1.0
process foreign buyer property,1,2,3.0
crawley perth livability rate and infrastructure,1,2,2.0
australian agent commission (% of yr 1 rent),1,2,1.0
process of selling a house in australia,1,2,4.0
79/2 sienna drive morayfield,1,2,4.0
best investment regional towns,1,2,2.0
daisy hill vs springwood,1,2,2.0
canningtom vs beckenh.,1,2,2.0
does the new capital gains tax apply to existing investment properties,1,2,1.0
"daisy hill vs springwood, which one is better",1,2,2.0
cannington vs beckenham median house price,1,2,2.0
morning bay nsw med price,1,2,6.0
tenant rights after 3 years nsw,1,2,3.0
fastest growing towns in australia 2026,1,2,1.0
what is the average house price in dowling court caboolture,1,2,3.0
dispute process sa rent,1,2,6.0
cheapest sub to buy house au 2026,1,2,1.0
australia realestate fixed fee for sale,1,2,1.0
how does capital gains tax works for old build investment property in 2026 new budget,1,2,1.0
cooling period victoria,1,2,3.0
"20 thistle grove, carrumbine",1,2,7.0
sydney property market spring 2026,1,2,3.0
real estate agent commission getting paid prior to settlement for off plan sales western australia,1,2,1.0
what is average real estate commission in chelsea,1,2,2.0
tenant human lawful rights in adelaide australia,1,2,8.0
negotiating price range for property,1,2,1.0
typical real estate selling costs,1,2,6.0
currawong beach nsw median prices,1,2,1.0
if a property is sold to my tenant does the real estate agent get a comission,1,2,6.0
warilla vs mt warrigal,1,2,4.0
real estate agent fees nsw,1,2,1.5
what is an average commission for commercial sales wa,1,2,1.0
which is the best schools south rock state school  primary  government  1.10km  yarrabilba state school  primary  government  3.31km  st clare's primary school  primary  independent  3.43km  cedar creek state school  primary  government  5.36km  king's christian college - chambers fl,1,2,4.0
building a granny flat in sa,1,2,3.0
purchasing property through smsf regional mackay,1,2,5.0
how do the new cgt rules for existing properties,1,2,2.0
how much commission do you pay on sale of 2 millions dollars,1,2,6.0
what id the average commission charged by tesl rstste agents in eurobodalla shire,1,2,4.0
super home saver scheme requires you to personally contribute to your super. how woud they know if it was you or someone else who contributed?,1,2,7.0
granny flat rules in south australia,1,2,4.0
fhog 2026,1,2,6.0
foreign property buyer in australia,1,2,4.0
post codes for thurgoona victory,1,2,5.0
o all realestate agents charge thousandfs of dollars above their commision to sell your property,1,2,2.0
qld real estate commissions - off the plan high rise residential,1,2,1.0
what is the real eastate commission in australia,1,2,4.0
can i put a granny flat on my 2.7acre block at lewiston south australia,1,2,1.0
typical broker fee for selling a house,1,2,4.0
keebra high vs the southport high,1,2,2.0
real estate institute of nsw residential sales commissions,1,2,2.0
the ponte bella vista,1,2,4.0
do i need mortgage insurance,1,2,3.0
what are the fees incured when selling a house,1,2,1.0
how much do certificate of real estate commision workers generally make per sale,1,2,4.0
buying an investment prperty now - what are the cgt and tax changes,1,2,5.0
what are agents commision rates,1,2,4.0
56 coutts drive burpengary 4505,1,2,6.0
what is the commission for real estate agents,1,2,3.0
how much commission does a realestate agent charge for a furnished house in nsw,1,2,2.0
agents fee on house sale nsw,1,2,1.0
can residential properties be bought by smsf in pension phase,1,2,1.0
9 monash crescent,1,2,5.0
how much is agent commission rental nsw,1,2,5.0
how do i find out how much my house is worth,1,2,4.0
what is the normal agents fee for selling a $4million propert in dalkeith,1,2,3.0
what are the rules for granny flats in allambie heights,1,2,2.0
what do vendors normally charge when selling a property in australia,1,2,2.0
realestate agent fees melbourne australia,1,2,6.0
what is usual real estate commmission,1,2,2.0
canberra house prices,1,2,8.0
which is suburb is better wadalba or watanobbi,1,2,8.0
chatham public vs taree west,1,2,4.0
how is income from investment properties treated since cgt changes,1,2,1.0
australia  new capital gains tax on property,1,2,1.0
renter rights with no lease  south australia,1,2,3.0
smsf buying property guide,1,2,1.0
average commission rate for real estate agent,1,2,1.0
whats average real estate commission,1,2,3.0
hobart house market september 2026,1,2,3.0
what things do building and pest inspections look for,1,2,2.0
is comission negotiable for real estate,1,2,2.0
how much do you pay for your lease renewal fee,1,2,2.0
real estate market south australia,1,2,8.0
berwick new vs narre warren,1,2,4.0
what are the high schools like in warana,1,2,2.0
agents who charge a flat fee,1,2,6.0
real estate agent fees,1,2,2.0
current real estate agent fees,1,2,2.0
what is 4% franchise fee for realestate agent,1,2,2.0
onkaparinga heights postcode,1,2,5.0
fees for selling a property,1,2,1.0
is it best to sell a property with concrete rusk after being fixed and renovated,1,2,2.0
median price of house qld 2026,1,2,6.0
letchworth queanbeyan,1,2,8.0
if your real estate agent does not sell your house in toowoomba what fees do you pay,1,2,2.0
commission income only real estate agents do they incur costs,1,2,4.0
postcode 2287,1,2,6.0
where is the cheapest property in the australia to buy,1,2,1.0
best outskirts of brisbane suburbs for families 2026,1,2,1.0
capital gains tax 2026 for owing property,1,2,3.0
how to do due diligence before buying house waht costs,1,2,1.0
how to prepare for an appraisal,1,2,2.0
what is the normal commission that you pay a real estate agent in new south wales,1,2,4.0
regulations for capital gains tax discount for brand new build nsw,1,2,3.0
industry standard for rea fees for selling property australia,1,2,2.0
cheapeast areaa to buy a house,1,2,1.0
what is required of a company to bid at auction,1,2,1.0
what are costs to get house ready for sale,1,2,2.0
if a property is for sale for 1.5mill can i make an offer on 1 mill,1,2,4.0
australia bridging loans for property,1,2,2.0
stamp duty on flat in nsw first time buyer,1,2,5.0
costs selingl a house in victoria,1,2,1.0
cgt changes budget 2026,1,2,6.0
2026 cheapest big city in australia to buy a house,1,2,2.0
what is average realtor fee,1,2,4.0
how much does it cost to put a house in realestate by agent,1,2,4.0
is an offset account on my residential mortgage better than buying another property australia,1,2,2.0
commission on house sale in nsw ballina,1,2,2.0
"how much are qld real estate fees on selling a $1,000,000 property",1,2,4.0
should i get a real estate agents fees in writing before i sign up to sell my home,1,2,2.0
real estate agent charge for attending repair works,1,2,2.0
what percentage rates do real estate agents charge,1,2,3.0
what is the average sales commissiom south australia for a property sold for 2 million dollars,1,2,6.0
rates for real estate agent to sell property,1,2,2.0
do real estate agency charge extra for inspection times,1,2,2.0
are house purchases dropp off in palmerston and darwin currently in 2026,1,2,4.0
what questions to ask a realtor when selling,1,2,1.0
what are percentage of agents fees in vic,1,2,5.0
amk fee for selling property australia,1,2,2.0
median prices data by suburb perth wa ending june 2026,1,2,7.0
are property prices in west australia set to still increase over 5 years,1,2,3.0
queensland real estate agent commission rate,1,2,1.0
medan unit price longueville,1,1,4.0
lynwood queensland,1,1,3.0
lot 54 franklin crs morayfield,1,1,3.0
14 bridgeview circuit bella vista,1,1,4.0
for sale just listed merino street caboolture,1,1,2.0
10 chiltern road ingleside,1,1,5.0
"daffodil crescent, wallan vic 3756",1,1,4.0
6 william street caboolture property value,1,1,7.0
31 castellina crescent wallan,1,1,5.0
best brisbane suburbs for families,1,1,7.0
seymour place adelaide city,1,1,1.0
18 lombard place bella vista,1,1,8.0
u6 18-20 hayes street caboolture 4510,1,1,8.0
"google maps unit 1/91-93 lower king street, caboolture",1,1,1.0
lansdowne canterbury bankstown median house price,1,1,65.0
msw sydney map captial coty regional centre area first.home buyer.grand,1,1,3.0
7 kentridge place bella vista nsw,1,1,5.0
australia's fastest growing suburbs 2026,1,1,2.0
is mernda abetter suburb then doreen victoria,1,1,1.0
9 woodbridge place bella vista,1,1,5.0
carindale 4152 median house price,1,1,6.0
what r the rules of building a granny flat in vic,1,1,6.0
mallot street tin can bay,1,1,4.0
"6 h/7 meridian pl, bella vista 2153, the hills shire",1,1,3.0
"37 shrike lane, humpty doo",1,1,6.0
"82 rosevilla circuit, morayfield qld",1,1,4.0
public housing complex old treasury lane in adelaide city,1,1,1.0
first home buyers guide nsw germany,1,1,2.0
40 manley street caboolture,1,1,8.0
what suberb is pacufic fair,1,1,1.0
units for sale ithaca queensland,1,1,4.0
south australian renting rights am i aloud sunrna,1,1,2.0
what postcode is 2287 nsw,1,1,5.0
capital gain tax new rules australia on property,1,1,3.0
nsw 2017 postcode,1,1,5.0
21 lignum court,1,1,10.0
could i add a third bedroom to my fibro house for $100k,1,1,3.0
24 riccardo street caboolture,1,1,10.0
key property selling times australia,1,1,1.0
sa tenancy act,1,1,7.0
"property statistics for paxton, ellalong and millfield",1,1,1.0
stamp duty sa percentage,1,1,7.0
what is the real estate agent selling fee percentage in shepparton vic,1,1,1.0
in event of fire does landlord have to pay for hotel south australia,1,1,9.0
sweetlip circle tin can bay,1,1,5.0
pre approval mortgages australia law,1,1,2.0
costs of granny flats in perth wa,1,1,10.0
how much sellers fees nsw,1,1,3.0
who gets the foreign buyer surcharge house purchase,1,1,5.0
"residential tenancy act canberra, how much can rent be put up per year",1,1,6.0
what are current real estate agent fees for seeling a property at $445000,1,1,3.0
notify sto about firb puchase property,1,1,4.0
where is the fastest growing suburbs 2026,1,1,1.0
what is the maximum agent comission fee,1,1,2.0
house selling solicitor fees australia,1,1,1.0
"unit 7/39 currambine boulevard, currambine wa 6028",1,1,7.0
hidden costs to sell a house,1,1,2.0
realseaste agent fees in nsw,1,1,1.0
are perth house prices falling 2026,1,1,6.0
form 1a cost for house seling,1,1,1.0
stewart st properties,1,1,1.0
cost in selling a home,1,1,6.0
how much do real estate agents charge in australia,1,1,1.0
average real estate commission nsw,1,1,2.0
what are the new tax rules in relation to residentialinvestment propertis if you buy a town hose,1,1,3.0
can you buy residential property through smsf,1,1,2.0
how to get a granny flat drawn up in western australia,1,1,2.0
tenants rights in sa when porepoty i son the market,1,1,2.0
7/74 delamere avenue currambine,1,1,6.0
in south australia can you accept a higher amount from a tenant,1,1,8.0
real estate marketing fee for selling a house in nsw,1,1,4.0
closing costs fees for seller in australia,1,1,2.0
what are council planning requirements for granny flats south australia,1,1,5.0
mambourin werribee news,1,1,9.0
how much commission does a real estate agent personally get in australia,1,1,1.0
rochedale median house price,1,1,7.0
24 onkaparinga valley road balhannah,1,1,6.0
what is appropriate real estate commission in se qld,1,1,2.0
qld first home owners grant $1m value reduced to $750k,1,1,1.0
council approval for granny flat sa,1,1,8.0
schoolscan-au gosford high school icsea 1157 enrolment 1067,1,1,5.0
average cost for realtor fees,1,1,3.0
current home loan mortgage insurance,1,1,5.0
what property can i buy for using my smsf balance for 255000,1,1,2.0
real estate commission rate,1,1,2.0
two storey granny flat perth wa limitations,1,1,5.0
first home buyers guide vic,1,1,4.0
post code 2009,1,1,5.0
doyou need to pay all the interest up front with a bridging loan,1,1,2.0
mooreville median price,1,1,3.0
max property sales commission in australia,1,1,2.0
hermit park 48126,1,1,2.0
monthly maintenance fees for rental properties,1,1,1.0
nsw suburbs median prices 2026,1,1,4.0
what is the market outlook for darwin for the next 24 months?,1,1,3.0
agent selling costs,1,1,6.0
real estate agents fees for house sale nsw,1,1,1.0
broker commissions,1,1,7.0
what is the average real estate commission,1,1,1.0
do sellers pay realtor fees,1,1,1.0
wants avarage fee ralestate gents take,1,1,1.0
real estate agency commission,1,1,1.0
whats the average real estate commission victoria,1,1,1.0
what are agent's fees for selling a home for $1.2m,1,1,3.0
victoria estate agents fees wodonga,1,1,6.0
what is agent commission for selling block land barham nsw,1,1,2.0
agents commision on house sale wa perth,1,1,4.0
what are the agents fees for selling a house in australia,1,1,1.0
cgt on residential property 2026/27,1,1,2.0
how much deposit for buying property in australia,1,1,1.0
real estate wa tenant purchase commission,1,1,2.0
what capital gains tax applies for a house purchase after the 2026 federal budget ?,1,1,3.0
capital gains tax on property sales aust 26/27 and 27/28,1,1,6.0
new cgt rules and vacant land and new build,1,1,9.0
granny flat allowances thornlie city of gosnells,1,1,3.0
victoria postcode 3691,1,1,4.0
real estate agent fees perth,1,1,6.0
real estate commission flat rate or variable,1,1,2.0
occ cost property management,1,1,7.0
when does capital gains tax changes 2026 in australia affect homeowners,1,1,2.0
first home buyer victoria tips,1,1,1.0
do you pay interest in a bridging loan ing qld,1,1,1.0
what is real.estate agent fees selling,1,1,2.0
how does div 43 deductions claim work with 6 year rule? property chat,1,1,8.0
is first grant state specific in australia,1,1,2.0
do the new cgt rules affect family home,1,1,1.0
greenwood college catchment,1,1,3.0
property settlement when do you get the keys canberra,1,1,3.0
3 lemonade court caboolture for sale,1,1,3.0
pearsell postcode.,1,1,8.0
if one tenant leaves early do i have to give her back her nond,1,1,1.0
south australian tenant rights saustralian under occupational safety and health act qld,1,1,1.0
mays hills vs wentworthville,1,1,1.0
real estate agent commission queensland,1,1,2.0
when do you have to pay the the certificate to buy a property in australia for foreign investor,1,1,5.0
is the first home owner grant available in all states,1,1,1.0
"if you owned investment houses in australia before the 2026 labor govt tax law change, do you keep your capital gains tax break",1,1,2.0
what does it mean when a 679lk guide is set at a house auction in south australia,1,1,6.0
"how many pharmacies in deans marsh, pennyroyal, boonah, and benwerrin?",1,1,2.0
australia foreign buyer approach explained,1,1,2.0
firb rules foreign buyers australian property 2025 2026 fees new build only,1,1,4.0
western australia property market,1,1,7.0
2550 postcode nsw,1,1,3.0
can smsf buy property in retirement phase,1,1,1.0
standard real estate commiision in nsw,1,1,1.0
% of purchase cost stamp duty nt,1,1,3.0
what do resl estate agents charge to sell a house,1,1,1.0
our lady of grace school glengowrie site purchases,1,1,2.0
best north brisbane suberbs for families,1,1,10.0
new rules for calculating housing capital gain in australia today,1,1,1.0
"38 argentia circuit, morayfield qld 4506",1,1,3.0
residentisl property agents in perth sales commission,1,1,2.0
average day in market for lease property in menangle park,1,1,3.0
questions to ask a prospective real estate agent,1,1,1.0
what are our rights as renters in south australya,1,1,1.0
lat month gop sales in brisbane,1,1,5.0
typical return and capital gain after expenses with cbd apartment rental compared to outer suburb 3br house,1,1,2.0
adveragw house price canberra,1,1,6.0
what price guidelines should i look offering when a home has no price point in september 2026,1,1,1.0
how to engage an estate agent for property sale,1,1,4.0
"with the capital gains tax how do u work what your second house is worth before the new law comes in , and then u have to pay capital gains tax",1,1,1.0
do uou need the totle of a house for settlement day,1,1,1.0
does cgt changes effect new builds,1,1,3.0
how much is estate agent earn in nsw?,1,1,10.0
"vorrei comprare un immobile residenziale in australia, che requisiti deve avere la pratica secondo il firb?",1,1,3.0
what do real estate brokers charge when you sell house in the gold coast in australia,1,1,4.0
does the new cgt rules applt to a new home,1,1,1.0
is it easy to buy a property in australia in january,1,1,1.0
capital gains tax changes own home?,1,1,1.0
fhog scheme across states and territories,1,1,1.0
buying 1st home in australia,1,1,2.0
can you negative gear joint property,1,1,3.0
what are the new capital gain tax rules for investment properties,1,1,1.0
can you buy interstate before you move act,1,1,4.0
how can a canadian go about buying a property in australia  together with a resident of austrailia,1,1,4.0
cost of owning a home in tasmania,1,1,5.0
house prices in bushmead wa vs helena valley wa,1,1,1.0
how much do agent fees cost for rentals australia,1,1,2.0
2 resources could bring to a meeting to make an appraisal on a house,1,1,1.0
"2/18 rana street morayfield, qld 4506",1,1,5.0
conecting eli watets with point vernon,1,1,5.0
how much commission do real estate agents get australia,1,1,1.0
selling costs for  queensland real estate agent,1,1,1.0
my housemates are refusing to take me off the lease tasmania,1,1,4.0
western australian residential rental rights,1,1,4.0
what ynder nsw rental afreemehrs are fair requests got actuon post insiection,1,1,5.0
when did the capital gains tax for investment properties in australia change,1,1,1.0
affordable suburbs tasmania,1,1,1.0
greater sydney median house price,1,1,2.0
when does a landlord in western australia have to discuss a leas renewal with their tenant,1,1,8.0
average rent increase australia 2026,1,1,6.0
how to remove renter from your home in western aust,1,1,3.0
should i refinance to save 0.5% from mortgage,1,1,1.0
whats the average fee for properyy management $870 rental,1,1,1.0
can you sell before probate australia,1,1,7.0
rental returns for a 2 bedroom granny flat in gladesville,1,1,1.0
fees amd charges on a 3million dollar to sell house,1,1,1.0
after settlemeny if a propert can it take a while for. money to land in accouut?,1,1,1.0
what is happening with the property markets in perth australia,1,1,1.0
how long does a pre-approval last on your credit score australia,1,1,1.0
how do you do due diligence on a house,1,1,2.0
new south wales median house prices property market size,1,1,5.0
rental commission costs to owner australia,1,1,3.0
advice on property price buying,1,1,2.0
how much notice does a landlord have to give,1,1,6.0
in australia what is the cap exempt for fhog,1,1,2.0
sa flat size,1,1,10.0
cheapest houses in australia 2026,1,1,3.0
morayfield postcode,0,295,8.3
surfers paradise postcode,0,229,7.1
caboolture postcode,0,85,9.7
bankstown postcode,0,77,7.9
carindale postcode,0,53,6.0
beenleigh postcode,0,46,6.4
2170 postcode,0,43,6.9
peppermint grove postode,0,41,10.0
rba cash rate history,0,41,8.2
hope island postcode,0,38,8.5
mosman postcode,0,30,8.0
sa stamp duty rates,0,27,5.9
4118 postcode,0,27,5.8
investors rush to value properties ahead of tax changes,0,25,9.0
cranbourne postcode,0,24,10.0
erskine postcode wa,0,24,9.0
wacol postcode,0,23,8.0
home buying tips,0,23,3.0
3021 postcode,0,23,5.9
4670 postcode,0,23,5.0
read more about first time home buying,0,22,6.1
read more about home repair costs,0,21,7.6
nsw stamp duty calculator 2026,0,21,8.0
4000 postcode,0,20,7.0
maylands postcode,0,19,6.7
west leederville postcode,0,19,8.0
3156 postcode,0,18,6.2
cannington postcode,0,18,9.0
north lakes postcode,0,17,8.0
bulahdelah post code,0,17,8.0
postcode 2234,0,17,9.0
bellavista,0,16,6.0
2112 postcode,0,16,7.5
piara waters postcode,0,15,7.2
stamp duty calculator,0,14,8.9
eagle farm postcode,0,14,7.0
chrisites beach post code,0,14,9.0
mornington island post code,0,14,6.0
nsw postcode 2250,0,14,8.0
helena valley postcode,0,14,7.0
postcode 2099,0,13,9.0
4509 postcode,0,13,5.6
get insights on remodeling home,0,13,6.8
firb australia,0,12,8.8
2264 postcode,0,11,7.4
derrimut postcode,0,11,9.0
tweed heads postcode,0,11,9.0
reservoir postcode,0,11,8.0
loganholme postcode,0,11,7.0
3029 postcode,0,11,8.0
rouse hill postcode,0,11,8.0
nerang postcode,0,11,10.0
redbank plains postcode,0,11,9.0
ownership history 40 herrenberg st aldershot qld australia,0,10,10.0
mount gambier postcode,0,10,8.0
2250 postcode,0,10,9.0
read more about home repairs and maintenance deals reducing costs now,0,10,8.0
remodeling existing home,0,10,8.0
port melbourne postcode,0,10,10.0
2515 postcode,0,9,8.2
6167 postcode,0,9,8.1
homebush postcode,0,9,7.0
6153 postcode,0,9,7.7
parker real estate agents who sell for 1% commission,0,9,2.6
2536 postcode,0,9,8.0
rba historical rates,0,8,8.0
6168 postcode,0,8,7.8
high schools in gosford,0,8,2.0
the rubinstein group sales commission fee sydney agents,0,8,5.0
2747 postcode,0,8,7.6
2320 postcode,0,8,5.5
get insights on home repair cost guide,0,8,5.5
get insights on home remodeling,0,8,6.0
remodeling an existing house,0,8,6.2
3818 postcode,0,8,8.0
real estate agent commission australia,0,8,2.0
2107 post code,0,7,6.4
2017 postcode,0,7,6.1
offset account or index fund? how homebuyers should save for an upgrade,0,7,4.0
boutique real estate agency melbourne operating costs 2026,0,7,5.0
sydney house prices 2026,0,7,6.4
3337 postcode,0,7,6.4
mermaid waters postcode,0,7,10.0
brunswick east postcode,0,7,10.0
asic mortgage broker choosing a broker australia,0,7,6.0
balgowlah heights public school,0,6,8.0
2011 postcode,0,6,7.8
40 herrenberg st aldershot- qld. ownership history australia,0,6,9.0
square foot renovation cost table,0,6,8.0
coolangatta postcode,0,6,6.0
2287 postcode,0,6,6.0
6112 postcode,0,6,6.0
postcode 3029,0,6,6.0
homebush west postcode,0,5,6.0
longueville,0,5,7.0
3217,0,5,5.0
3188 postcode,0,5,7.4
4214 postcode,0,5,8.0
76 callaghan road narangba,0,5,9.0
stamp duty calculator qld,0,5,4.8
property management fees south australia,0,5,8.4
australind postcode,0,5,6.0
south australian stamp duty for home purchases,0,5,9.0
ocean shores post code,0,5,4.0
postcode surfers paradise,0,5,6.8
denver real estate agents who sell for 1% commission,0,5,4.8
2640 postcode,0,5,5.0
2575 postcode,0,5,7.0
queensland stamp duty,0,5,6.0
hawthorn east postcode,0,5,5.0
forleasecooloola,0,4,8.0
medway,0,4,8.0
property guide,0,4,7.2
2283 postcode,0,4,5.0
2530 postcode,0,4,8.0
15 schipper court caboolture,0,4,8.0
2200 postcode,0,4,8.0
postcode 4300,0,4,8.0
postcode 2017,0,4,8.0
2036 postcode,0,4,8.0
how rapidly is the suburb growing?,0,4,7.0
postcode 2022,0,4,10.0
remodel cost by square foot,0,4,10.0
6 wild horse road caboolture,0,4,9.2
postcode 4214 qld,0,4,10.0
postcode 3820 shire,0,4,6.0
kambah post code,0,4,8.0
manly postcode,0,4,8.0
wyong postcode,0,4,10.0
2156 postcode,0,4,9.0
ascot postcode wa,0,4,8.0
3048 postcode,0,4,6.0
school in warnervale,0,4,7.0
real estate agent fees selling,0,4,4.0
real estate sale costs armadale vic advertising commission,0,4,2.0
melbourne real estate agent commission rates 2025 2026,0,4,2.0
south australia tenancy act cooktop cleaning tenant responsibility sacat landlord repairs grease blockage,0,4,4.0
canberra property selling agent commission typical percentage,0,4,5.0
canberra real estate agent selling commission rates 2026,0,4,3.0
selling costs sydney real estate agent commission stamp duty 2026,0,4,6.0
furnish entire house australia 30000 aud budget 2026,0,4,2.0
northern territory darwin residential property market august 2026 outlook,0,4,4.0
2284 postcode,0,4,8.0
postcode 2580,0,4,5.0
2171 postcode,0,4,8.0
short term rental management fees australia,0,4,5.0
2010 postcode,0,4,8.0
what do real estate agents,0,4,11.0
can americans buy property in australia,0,4,7.0
5158 postcode,0,4,4.0
tooleybuc postcode,0,4,8.5
3192 postcode,0,4,9.0
norman park postcode,0,4,8.0
villawood postcode,0,4,8.0
postcode 3127,0,4,6.0
brookvale postcode,0,4,8.0
australia real estate agent fees commission comparison seller,0,4,2.0
australian broker commission agreement subsequent transactions introduced customer tail clause,0,4,4.0
negative gearing changes impact australian property investors 2026,0,4,5.0
why melbourne housing cheaper than sydney 2026 apartment prices supply economy geography,0,4,2.0
i have a house i want to sell in australia what do i do,0,4,2.0
nsw government buying a property conveyancing contract exchange settlement stamp duty first home buyer 2026,0,4,5.0
australia foreign non resident buy residential property investment rental firb 2026 official,0,4,3.0
is october - december 2026 a good time to sell units or freestanding houses or both in templestowe victoria australia,0,4,2.0
australia real estate deal breakage rates across different states,0,4,8.0
what is the standard commission percentage of a senior buyers agent in perth,0,4,4.0
australia ato capital gains tax property main residence investment property 2026,0,4,6.0
granny flat rules victoria,0,4,8.0
"i want to ask if there is wriggle room on a 60,000 difference sale without making a counter offer",0,4,4.0
best and cheapest places to live and buy house  in australia 2026,0,4,2.0
2285 postcode,0,4,6.0
qld transfer duty calculator,0,3,9.0
ferntree gully postcode,0,3,9.0
6148 postcode,0,3,5.0
2141 postcode,0,3,5.0
17 saint claire crt narangba,0,3,9.0
4113 postcode,0,3,9.0
post code 3800 victoria,0,3,6.0
sallywattke drive suffolk park,0,3,5.0
2234 postcode,0,3,8.3
2359 post code,0,3,6.0
"15 schipper court, caboolture, qld 4510",0,3,8.0
3 freeway drive wallan vic owner,0,3,7.0
waht city has postcode 2515,0,3,6.0
2360 postcode,0,3,8.0
46 argyll st caboolture,0,3,4.0
postcode 3400 人口,0,3,8.0
property prices in tasmania,0,3,9.0
"5/4 rogers cres, caboolture qld 4510 – austrália",0,3,7.0
stamp duty calculator sa,0,3,6.0
postcode 2060,0,3,6.0
"12 gumnutclose, morayfiedl",0,3,9.0
palmview postcode,0,3,4.0
"cedar creek, located in the scenic moreton bay region of queensland (postcode 4520), is a peaceful rural suburb known for its stunning natural beauty, including lush greenery, mountain views, and proximity to national parks.",0,3,9.0
morphettvale postcode,0,3,8.0
geraldton post code,0,3,6.0
boolaroo postcode,0,3,7.0
narrabeen postcode,0,3,7.0
frenchs forest,0,3,4.0
4030 postcode,0,3,8.0
corpus christi catholic high school for girls,0,3,4.0
bacchus marsh postcode,0,3,8.0
yallorin yimba sls,0,3,7.0
real estate commission rates,0,3,1.3
steps to purchase property in australia as foreign buyer,0,3,6.0
there are new fees coming up when you sale in communities,0,3,5.0
why is 4.25% considered high cash rate when in 1973 it was 12%l,0,3,8.0
3073 postcode,0,3,8.0
first home buyers guide uk,0,3,15.0
fitzroy north postcode,0,3,9.0
spring hill postcode qld,0,3,8.0
stamp duty in queensland,0,3,2.7
first home buyers grant nsw,0,3,5.3
somerton park postcode,0,3,9.0
amiens qld 4352,0,3,4.0
kirrawee post code,0,3,10.0
dundas postcode,0,3,9.0
18 petronella ln adelaide sa 5000,0,3,7.0
2556 postcode,0,3,9.0
how much does it cost to sell a house,0,3,5.0
rowes bay postcode,0,3,9.0
how much commission the vendor has to pay for selling the property in sydney,0,3,4.0
house prices sydney 2026,0,3,6.0
how much is stamp duty in qld,0,3,9.0
agent commission on rental property,0,3,8.0
spring hill qld 4000,0,3,6.0
3434 postcode,0,3,7.0
spring hill brisbane postcode,0,3,10.0
manor lakes postcode vic,0,3,7.0
centennial real estate agents who sell for 1% commission,0,3,4.0
6007 postcode,0,3,4.0
australia property portals benefits compare real estate agents fees listings consumer guidance,0,3,6.0
4115 postcode,0,3,5.0
australia property buyer guides buying advice government consumer affairs,0,3,7.0
what suburb is 3029,0,3,10.0
did dylan alexander use first time buyers subsidy in ballarat in victoria recently,0,3,10.0
sydney house prices,0,3,7.0
learn more about how much does a home remodel cost near me,0,3,7.0
3024 postcode,0,3,8.0
3192 vic postcode,0,3,9.0
2031 post code,0,3,6.0
what is happening to the property market in perth wedt australia,0,3,1.0
how much is real estate agent commission in sydney?,0,3,5.0
freshwater creek g mount duneed,0,2,10.0
houses for sale at ewingsdale,0,2,8.0
spit junction,0,2,9.0
mosman park,0,2,5.0
toonara street bankstown 2200 for sale,0,2,10.0
24 dettman ave,0,2,6.0
queensland transfer duty calculator,0,2,10.0
propertyguide_aus,0,2,4.0
tasmania property prices,0,2,5.0
32a vinrace st adelaide,0,2,5.0
6171 postcode,0,2,9.0
rosella cir morayfield,0,2,2.0
19 narooma rd northbridge,0,2,5.0
is there capital gains on your own residential house,0,2,8.0
australia capital gains tax changes existing owned properties grandfathered in?,0,2,7.0
2804 postcode australia,0,2,8.0
3149 postcode,0,2,8.0
2804 postcode,0,2,10.0
brisbane qld 4000,0,2,7.5
"is 2/11 penny place, arndell park, nsw 2148 australia",0,2,4.0
4118 qld postcode,0,2,6.0
17 thorson st caboolture,0,2,5.0
property yields in nsw 2026,0,2,22.0
2289 postcode,0,2,8.0
1 birkdale place currambine,0,2,5.0
cutler street caboolture,0,2,10.0
bracken ridge,0,2,3.0
what suburb is woden located in,0,2,4.0
42 narani crescent northbridge,0,2,8.0
first home buyers act canberra,0,2,8.0
suburns for 3282,0,2,6.0
towns in 3268 postcode,0,2,10.0
"澳大利亚地址：58 berry saltbush drive wallan, victoria 3756 melbourne, australia",0,2,10.0
postcode 2515,0,2,8.0
2533 postcode,0,2,9.0
acacia ridge là suburb gì,0,2,5.0
do the the new cgt rules spply to commercial property in australia,0,2,1.0
"21 moss street wallan, vic, 3756",0,2,6.0
14 charlemont terrace bella vista,0,2,7.0
carindale postcode qld,0,2,6.0
willawarren public school,0,2,4.0
sacat tennant claim - what landlord can do,0,2,5.0
first home super saver (fhss) scheme australia,0,2,6.0
what is common real estate commission,0,2,6.0
87 frizzells rd,0,2,7.0
get insights on home repair,0,2,9.0
seventeen mile rocks postcode,0,2,6.0
2043 postcode,0,2,4.0
stamp duty sa,0,2,8.0
4716qld,0,2,8.0
"42 macgregor st, suffolk park nsw 2481, australia",0,2,7.0
real estate agent fees adelaide,0,2,2.0
get insights on home remodel,0,2,10.0
adleiade stamp duty for house purchases of $1m,0,2,3.0
baulkham hills house prices australia,0,2,8.0
selling a house in yungaburra in march a good time,0,2,2.0
"what population is the suburb in panania, nsw",0,2,4.0
fhb rules south australia,0,2,9.0
+which suburbs most valuable near badgers creek nsw,0,2,7.0
9999 postcode australia,0,2,8.0
2128 post code,0,2,7.0
carina postcode,0,2,8.0
qld 4214,0,2,10.0
avoca beach postcode,0,2,8.0
"37 groundberry ave, wallan street wallan, vic 3756",0,2,8.0
oran park anglican collegeとは,0,2,2.0
postcode seventeen mile rocks,0,2,5.0
"55 onkaparinga valley road, balhannah, south australia 5242, australia",0,2,3.0
selling house australia,0,2,5.0
larapinta nt 0875,0,2,9.0
watergardens post code,0,2,10.0
cheapest property to buy australia,0,2,7.0
2027 postcode,0,2,8.0
2232 at loftus,0,2,2.0
where is postcode 3015,0,2,10.0
sydney 2000 postcode,0,2,9.0
yellow pinch nsw 2548,0,2,2.0
cath crawford caloundra state school,0,2,5.0
9999 postcode,0,2,5.0
better built home in allambie heights nsw,0,2,32.0
22 moore street clontarf 2093 australia,0,2,10.0
braddon act postcode,0,2,10.0
3160 postcode,0,2,4.0
first home owners grant qld,0,2,4.0
mudgeerabach postcode,0,2,9.0
ballandean qld postcode,0,2,10.0
brisbane city vs brisbane gpo,0,2,3.0
queensland real estate commission rates,0,2,4.0
qld real estate agent commission rates,0,2,5.0
witchcliffe postcode,0,2,8.0
"hazelmere, null 6055 au",0,2,8.0
"warwick farm, nsw post code",0,2,7.0
post code 6167,0,2,10.0
albion park post code,0,2,6.0
agent fees for selling real estate,0,2,2.0
average cost of real estate fees,0,2,2.0
how much do commercial real estate agents charge for a new rental listing fee,0,2,5.0
what is a normal real estate angents commisson,0,2,1.0
what do real estate agents get for commission,0,2,2.0
real estate sellers commission nsw,0,2,1.0
typical real estate sales commission,0,2,1.0
"what is agents commission on a $1,000,000 house sale in nsw",0,2,1.0
real estate sales commmission nsw,0,2,1.0
what is the going rate for a real estate agent to charge for advertising your property in huonville,0,2,1.0
what would be the most comparable suburbs in sydney to hamilton hill in perth?,0,2,4.0
real estate agent sales data,0,2,12.0
normal agents fee sell.property over 2 mill,0,2,3.0
australia foreign person agricultural land purchase firb official,0,2,7.0
average commission for rental agents,0,2,1.0
postcode 2088 nsw suburbs,0,2,2.0
pakenham vic 3810,0,2,8.0
the average marketing fees for real estate agent fluerui peninsulasouth australia,0,2,3.0
postcode 2870,0,2,5.0
3429 postcode,0,2,7.0
marketing for real estate agencies,0,2,3.0
how much commission does a real estate agent get on the sale of a property in queensland,0,2,6.0
macarthur girls high school catchment area,0,2,7.0
realestste.com.advertising fees 2026,0,2,6.0
real estate sales commission rates,0,2,6.0
6000 postcode,0,2,10.0
hiw much depisit for house contract,0,2,4.0
wilcannia postcode,0,2,10.0
parwan schools,0,2,9.0
what are the new laws regarding cgt and investment properties,0,2,5.0
what county or state is edwardstown 5039 australia in,0,2,8.0
australia auction real estate selling process commission,0,2,4.0
port macquarie postcode 2444,0,2,8.0
agent fees for selling house nsw australia,0,2,6.0
selling a house real estate agents,0,2,4.0
lawyer fees for selling a house australia,0,2,3.0
arkansas land sale realestate commission rate,0,2,5.0
menangle park nsw postcode,0,2,8.0
e#r##n#4009 eagle farm aust,0,2,9.0
"spring hill, queensland 4000",0,2,7.5
killara high school catchment,0,2,9.0
nirimba fields postcode,0,2,9.0
9 monash cres clontarf nsw,0,2,5.0
is caufield nirth better than caufield south,0,2,4.0
"21 lotusbird court, caboolture qld 4510",0,2,8.0
how much is letting fee for agent in melbourne,0,2,6.0
brisbane property market growth,0,2,8.0
nsw land price growth rate western sydney 2026,0,2,8.0
stamp duty concessions victoria for established homes,0,2,10.0
cost to sell a house victoria australia 2026 agent commission conveyancing fees,0,2,6.0
bar brach postcode,0,2,6.0
how much does a real estate agent in australia charge the rental provider for issuing a notice to vacate to the tenant,0,2,1.0
first home owner concession nsw,0,2,7.0
first home buyers grant nsw eligibility,0,2,23.0
granny wa,0,2,7.0
australian real estate agent average number of sales per year commission queensland 2024,0,2,6.0
get insights on sell my house,0,2,9.0
barker creek flat,0,2,6.0
does australian proprty broker fee cover both selling and buying costs,0,2,2.0
where is kangaroo flats nsw,0,2,7.0
brisbane median house price sales research,0,2,9.0
"which neighboring suburb of o'halloran hill has a population of more than 12,000 people?",0,2,5.0
darling island 2009,0,2,7.0
alfords point nsw 2234,0,2,10.0
kirrawee vs padstow suburb profile,0,2,2.0
biggera waters real estate agents waterfront commission rates,0,2,6.0
is it still possible to purchase an investment property in a smsf in australia,0,2,10.0
foreign buyers of australian property,0,2,2.0
post code 2640,0,2,5.0
3141 postcode,0,2,8.0
post code 2222 nsw,0,2,7.0
3800 postcode australia,0,2,9.0
monarch glen qld postcode,0,2,7.0
kuluin postcode,0,2,9.0
bramston beach postcode,0,2,10.0
altona vs seaholme,0,2,4.0
4123 postcode,0,2,8.0
"schools near  in thologolong, near walwa, in north-east victoria, australia",0,2,2.0
first home buyer concession nsw,0,2,15.0
australia sell house,0,2,4.0
postcode 3235?,0,2,7.0
2576 postcode,0,2,7.0
canley heights,0,2,9.0
"what is alberta, qld",0,2,4.0
3805 postcode,0,2,8.0
south yarra rental market,0,2,7.0
brisbane commercial property selling agent commission 2.5% marketing legal settlement costs,0,2,4.0
reservoir east victoria 3073,0,2,8.0
who are eventide schools,0,2,8.0
"give me an current insight of the sydney property market whether it is an ideal time to buying your first home in sydney. my target is property from 800 to 950 k house. derive this analysis using all economic conditions, market trends and related data",0,2,4.0
selling a house in australia - who does a survey nd what has changed,0,2,6.0
how does buying a house work in australia,0,2,10.0
"allambie, nsw 2100 australia",0,2,8.0
sydney property market,0,2,6.0
petronella adelaide,0,2,10.0
how much work is involved for me as a seller of a property if i employ an agent australia,0,2,5.0
is 3025 altona in sunbury?,0,2,8.0
first home buyers guide,0,2,4.0
whats the current capital gain tax rule for nsw property,0,2,5.0
sydney property market forecast 2026,0,2,8.0
adelaide renters rights and responsibilities,0,2,8.0
real estate broker contact sebastopol gmail.com australia,0,2,2.0
property agent email ngunnawal contact gmail.com australia,0,2,6.0
hawthorn east victoria 3123,0,2,4.0
mandurah dc,0,2,10.0
what is the typical real estate agent commission in nsw australia,0,2,3.0
real estate broker contact wanniassa gmail.com australia,0,2,2.0
villawood nsw 2163,0,2,8.0
4165 postcode,0,2,8.0
real estate independent agents solo practitioners revenue average commission,0,2,9.0
what is the typical letting fees in australia,0,2,6.0
what fees do you pay when selling a house in nsw australia,0,2,3.0
qld stamp duty,0,2,10.0
how much is an average house in victoria australia,0,2,10.0
how much do australian real estate agencies charge landlords for rental listing and management services?,0,2,8.0
average house price in sydney,0,2,8.0
how much my house worth in australia,0,2,3.0
read more about home remodel,0,2,6.0
agents fees,0,2,3.0
"define first time buyer in sydney, australia",0,2,7.0
australia real estate sales agent commission split business agent typical 60 40,0,2,6.0
secrethomes australia buyer seller fees commission,0,2,4.0
bulimba real estate agent commission average sales commission,0,2,3.0
stamp duty in qld,0,2,6.0
how much deposit do i need for a house,0,2,10.0
post code 2446,0,2,5.0
marketing costs  incurred by  real estate agents for the re-marketing of rental premises?,0,2,2.0
what os the normal % for a realeastate agent to sell a property over $20m value in the gold coast,0,2,2.0
ten year defect insurance nsw government,0,2,6.0
how much commission do realtors get in nsw australia,0,2,3.0
remodel your house,0,2,6.0
budget and cost baseline of australia building refurbishment project,0,2,2.0
mediun house prices in adelaide april 2026,0,2,4.0
is probate a cgt event australia,0,2,4.0
australian home renovation,0,2,3.0
domain house price report tasmania 2026 hobart launceston prices,0,2,4.0
everton nsw property market median house unit 2026,0,2,4.0
median house price in sydney,0,2,6.0
agent fee for selling property,0,2,6.0
queensland selling house real estate agent commission marketing conveyancing costs,0,2,4.0
parts of australia where houses spend the least time on the market,0,2,7.0
queensland real estate selling agent commission marketing conveyancing typical brisbane 2026,0,2,4.0
i want to buy a house in australia,0,2,5.0
queensland selling house costs agent commission conveyancing 600000,0,2,4.0
a erage house prices in sydney,0,2,10.0
median house price 3 bedroom 2 bathroom perth suburbs 2025 2026,0,2,5.0
what do you term a portion of a sale price,0,1,4.0
best suburbs in australia,0,1,3.0
sa 5120 virginia australie,0,1,6.0
rba cash rate chane,0,1,9.0
gregory river real estate,0,1,7.0
ewingsdale nsw,0,1,6.0
ashmore qld 4214,0,1,9.0
what do people call apartments in australia,0,1,9.0
australian prioperty wording,0,1,6.0
lga meaning in realestate sales,0,1,9.0
what does mpr in housing terms,0,1,10.0
vic 3442,0,1,6.0
mumbil,0,1,9.0
rba rate rise date history,0,1,8.0
nsw 2027 post code,0,1,4.0
bundoora postcode 3083,0,1,6.0
6011 wa,0,1,7.0
2107  au,0,1,4.0
5120 blackson au,0,1,10.0
real estate in byron bay,0,1,4.0
houses for sale in floral drive caboolture,0,1,8.0
mount view primary school staff,0,1,19.0
76 elof road caboolture,0,1,3.0
48-50 lychee drive,0,1,7.0
firb fees 2026,0,1,6.0
what are the political demographics of byron bay,0,1,6.0
log in find a property research find agents for o,0,1,4.0
propertyguid,0,1,4.0
"find a property#n##n#research#n##n#find agents#n##n#for owners#n##n#news#n##n#commercial#n##n#skip to content.contact support 1300 799 109#n##n#blackalls park, cooranbong, east maitland + 8 locations#n##n##n##n##n##n##n##n##n##n#buy#n##n##n##n#price#n##n##n##n#beds#n##n##n##n#house",0,1,4.0
1 murtha starndell park 2148,0,1,6.0
72 welsh street burpengary,0,1,6.0
sydney postcode 2011,0,1,10.0
vic 3000 postcode,0,1,8.0
8 cowie street caboolture qld 4510,0,1,2.0
bradsfield nsw postcode,0,1,8.0
wrightland place,0,1,1.0
2024 postcode,0,1,6.0
10 medich pl 2556,0,1,10.0
31 tibrogargan drive nargangba,0,1,9.0
14 prestige avenue bella vista nsw,0,1,10.0
which suburb is post code 3216,0,1,4.0
"12 russell st, clontarf nsw 2093",0,1,4.0
rental prices in clontarf nsw,0,1,5.0
"30 hayball road, humpty doo, northern territory 0836, australia",0,1,5.0
8 cowie street caboolture qld 4510 property value,0,1,4.0
10 acacia street burpengary,0,1,8.0
102 lynfield drive#n##n#caboolture queensland 4510,0,1,9.0
19 jacques close caboolture,0,1,9.0
2794 postcode,0,1,9.0
175 and 289 bullaburea road gollan nsw,0,1,1.0
new settlement road burpengary,0,1,7.0
"subject to finance clause#tab#""finance; real estate law""",0,1,3.0
au post code 2168,0,1,6.0
whats the average house price in indooroopilly,0,1,6.0
what suburb is deception bay in queensland,0,1,10.0
4505#tab#qld#tab#brisbane#tab##tab#29 busoni crescent,0,1,8.0
dettman av e,0,1,9.0
"lot 29 #19 carol street, morayfield",0,1,7.0
22 rush crescent caboolrure qld 4510,0,1,4.0
"unit 7, 21-23 surflen street adelaide australia",0,1,10.0
"if i own investnent property since 2020 & sell it in 2028, do the new cgt rules apply",0,1,10.0
"dhanga djeembana walk,",0,1,2.0
46 cabbage tree road clairefrost,0,1,9.0
"examples of restrictive covenants on land#tab#""real estate law; escrow""",0,1,7.0
2210 postcode,0,1,10.0
rivalia park postcode  adelaide 5120,0,1,10.0
fischers hill 2421,0,1,7.0
postcode 2024,0,1,9.0
postcode 3608,0,1,10.0
postcode 2020 nsw,0,1,7.0
"1/11 alcorn ave, suffolk park",0,1,7.0
mansfield dc,0,1,9.0
queensland brisbane property market may 2026 median price vacancy rate,0,1,10.0
sunnybank hills qld 4109 median house price 2025 realestate.com.au domain.com.au,0,1,3.0
11a cedar cutters way,0,1,10.0
2439 postcode,0,1,10.0
127 broken head road,0,1,9.0
wolli creek nsw 2205 at sydney,0,1,7.0
whose postcode is 2234,0,1,5.0
1053 fraters speedway grogan 2666,0,1,6.0
161 new settlement road burpengary qld 4505,0,1,8.0
mudlark road humpty doo,0,1,7.0
3870 postcode,0,1,4.0
depot hill 4700,0,1,9.0
"12 waterview cres, caboolture, qld, 4510",0,1,6.0
1-3 amiens rd clonrarf,0,1,3.0
which suburb is deception bay qld,0,1,7.0
131 ifould st adelaide house for sale,0,1,7.0
16 lucretia avenue longueville,0,1,6.0
bulga forest,0,1,10.0
2083 pittwater road for sale,0,1,5.0
stein rd aldershot 4650,0,1,4.0
nicholson place melbourne for sale,0,1,1.0
nsw 2063 10 bourmac avenue,0,1,10.0
nsw 2030 postcode,0,1,6.0
31-34 joyner circut caboolture 4501,0,1,7.0
61 boronia avenue wallan,0,1,9.0
australia secondary dwelling subdivision separate title negative gearing new build investor 2026 budget,0,1,6.0
postcode 2529,0,1,9.0
postcode 4568,0,1,10.0
unit 50/3 sunlander drive currembine,0,1,5.0
first home buyers guide nsw,0,1,2.0
1/13-19 craigslea road caboolture,0,1,9.0
lot 1111 prospect circuit morayfield,0,1,8.0
gregory st buxton property for sale,0,1,7.0
3217 postcode,0,1,9.0
8 henry court buxton,0,1,7.0
2017 postcode nsw,0,1,4.0
is galiwinku a suburb?,0,1,9.0
wa 6210 postcode,0,1,8.0
property yields in nsw 2026 savings.com,0,1,10.0
badgerys creek nsw median house price 2026 land value per square meter acreage sale price,0,1,9.0
10 cutler street caboolture,0,1,8.0
5214 postcode,0,1,10.0
blenders lane melb,0,1,8.0
232/234 ardrossan road carboolture 4010,0,1,8.0
68 callaghan road narangba,0,1,8.0
port of brisbane suburb,0,1,10.0
28 kenneth street longueville renovation,0,1,5.0
unit 5 28/40 lower king south caboolture 4510,0,1,3.0
17 mareli st caboolture qdl australia,0,1,8.0
"22 petronella ln, adelaide, sa, 5000",0,1,9.0
postcode nsw 2017,0,1,5.0
"2/11 penny place, arndell park, nsw 2148 australia",0,1,4.0
2 paddington avenue currambine,0,1,9.0
gümüşhane rabia yıldız,0,1,6.0
"15 finch street, caboolture, queensland.",0,1,7.0
leasing fee australia,0,1,5.0
"12 mosset street 4506 morayfield , au",0,1,10.0
قصيده شوذاني ما احب عليك شماني,0,1,9.0
villawood nsw,0,1,7.0
207 saint road 4510,0,1,4.0
207 saint road,0,1,7.0
floreat park median house price,0,1,9.0
rainbow alley melbourne,0,1,9.0
first home buyer victoria,0,1,4.0
4 paddington avenue currambine,0,1,5.0
foreigners buying property in australia,0,1,6.0
44 beech drive suffolk park,0,1,4.0
10 river road west longueville,0,1,6.0
lot 2 30 rosina street adelaide sa 5000 australia,0,1,8.0
60 cliff avenue northbridge australia,0,1,5.0
21 barrine place narangba,0,1,8.0
hillsdale nsw apartment market 2026 eastgardens eastlakes new supply gentrification infrastructure unsw,0,1,3.0
how expensive can renovations get australia,0,1,7.0
40 herrenberg street aldershot not for sale.,0,1,4.0
median house price sydney vs melbourne,0,1,7.0
mentonegrammar,0,1,3.0
rba cash rate history 2000 2024 sydney property price changes during rate hike cycles corelogic,0,1,6.0
spoehr road,0,1,10.0
5 mendrina close caboolture qld 4510,0,1,7.0
49 herd st caboolture qld 4510,0,1,10.0
1 tailor street woodgate,0,1,8.0
ownership history 40 herrenberg st aldershot qld australia map,0,1,9.0
2044 postcode,0,1,9.0
14 charlemont terrace cork ireland ella vista,0,1,5.0
karuah nsw suburb real estate profile,0,1,5.0
"stepzz#n##n#41 beatrice st,clontarf,bsw,2093,australia",0,1,7.0
"bracken ridge, queensland, australia",0,1,10.0
8 westwind place currambine sold price,0,1,8.0
first home buyers guide qld,0,1,4.0
can foreign citizens buy property in australia?,0,1,9.0
19 barrine place narangba,0,1,6.0
granny flat brisbane cost 2025 2026 queensland regulations,0,1,2.0
houses for sale chestnut drive burpegary,0,1,3.0
"5/27 barina downs road bella vista, nsw 2153",0,1,5.0
2066 postcode,0,1,9.0
"unit a26/27 penny place, arndell park nsw 2148 australia翻译",0,1,9.0
29 busoni crescent,0,1,7.0
11 dhanga djeembana walk,0,1,7.0
best neighborhoods in brisbane australia for families,0,1,8.0
lot 14 notus dr. morayfield,0,1,6.0
112 queen street wallan,0,1,10.0
nsw 2022 postcode,0,1,9.0
post ode 2179,0,1,9.0
postcodes 5037,0,1,7.0
"25 monash cr, clontarf, 2093",0,1,10.0
2423 postcode,0,1,7.0
"aspire, 2 rosalie way morayﬁeld qld 4506",0,1,4.0
"8 westwind place, currambine, wa 6028",0,1,10.0
"37 dalmeny rd, northbridge 2063",0,1,9.0
"8 french st, french street adelaide",0,1,5.0
tas gov first home buyers,0,1,5.0
25 bimbadgen place autralia,0,1,8.0
post code 2766 nsw which suburb,0,1,8.0
"null, fortitude valley, 4006",0,1,10.0
australia's property purchase policy for foreigners,0,1,6.0
13 wollombi road australia,0,1,7.0
chestnut drive burpengary,0,1,7.0
4025 post code,0,1,7.0
postcode 2804 nsw,0,1,8.0
"14a tahra cres ewingsdale, nsw 2481",0,1,5.0
new lambton heights  nsw  2305,0,1,8.0
cheapest coastal suburb queensland australia 2026,0,1,8.0
"unit 3, 4a meridian place au 2153",0,1,9.0
"51 teak cct, suggdk park 2481 au",0,1,5.0
real estate agent selling fees nsw,0,1,2.0
first home buyer grant qld,0,1,28.0
post ode 2379,0,1,6.0
propertyvalue bundaberg south 4670 median house values annual growth,0,1,8.0
first home owner grant,0,1,18.0
postcode 2515 nsw,0,1,4.0
"2200, bankstown, nsw",0,1,8.0
revenue stamp duty south australia,0,1,10.0
3140 postcode,0,1,10.0
78-80 hardware lane,0,1,10.0
typical price per hecatre of residential land in tasmania 2026,0,1,5.0
what is a 50% surcharge for 462.00,0,1,8.0
adleiade stamp duty for house purchases,0,1,10.0
is there rental demand in moura au,0,1,6.0
"11 bronzewing terrace, bella vista 2153, nsw",0,1,8.0
get insights on home repair costs,0,1,6.0
"8 westwind pl, currambine",0,1,9.0
act rates,0,1,10.0
act stamp duty threshold,0,1,8.0
15 calbina road northbridge,0,1,7.0
26 bristlebird drive morayfield qld 4506,0,1,9.0
"8 boyle caboolture, qld, 4510",0,1,7.0
"negotiating for a property, australia",0,1,3.0
3730 postcode,0,1,8.0
firb application,0,1,10.0
vic_37k1,0,1,10.0
samp duty sa,0,1,8.0
what is hte property managemwent fee in australoia,0,1,5.0
4000 brisbane,0,1,9.0
how much do you pay when selling a property,0,1,9.0
belladonna crt wallan,0,1,7.0
perth property market,0,1,10.0
tenant information guide south australia,0,1,6.0
nelson bay postcode,0,1,4.0
victoria australia renting laws 2026 bond rtba tenant rights international students,0,1,7.0
12 gumnut close,0,1,10.0
postcode for hay nsw,0,1,7.0
nsw real estate co.mission rates,0,1,2.0
edgeworth postcode,0,1,3.0
28 ernesta place bellavista 2153,0,1,8.0
"spring creek qld 4420, australia",0,1,10.0
altamabie,0,1,7.0
is nsw 2060 a postcode,0,1,10.0
sydney sold 2026,0,1,5.0
wonbyn nsw 2551 what is the sales area for this,0,1,2.0
broken hill nsw median house price 2026 rental yield,0,1,7.0
what would promt the house owner to auction their home in austraia,0,1,1.0
requirements to run power to a granny flat in western australia,0,1,7.0
is springwood brisbane province or city,0,1,6.0
tingalpa dc qld 4173,0,1,5.0
home prices in tasmania,0,1,9.0
3862 postcode,0,1,10.0
"loc:casino,nsw,au",0,1,3.0
"7 yarrandi place, longueville, sydney, nsw 2066",0,1,8.0
6530 postal code,0,1,9.0
how are the home prices in tasmania?,0,1,7.0
home owners grant qld,0,1,5.0
mount moffat,0,1,3.0
has the new cgt tax for investment properties been introduced,0,1,2.0
real estate feea qld,0,1,10.0
do sellers ever know if yoire buying the property with smsf australia,0,1,8.0
what might be the totl cost of selling a b house,0,1,9.0
"percentage of $930,000 if stamp duty is $25,300",0,1,1.0
property prices in western australia,0,1,8.0
kenmore qld a city in au?,0,1,7.0
3 waterfall crescent bella vista 2153,0,1,6.0
dunneworthy comes which part of australia,0,1,7.0
average price cottesloe,0,1,6.0
"5 linden way sydney,un 2153",0,1,6.0
lavington nsw  postcode,0,1,9.0
charles darwin  school post code australia,0,1,6.0
property managers australia,0,1,1.0
where is gymea sydney nsw australia.,0,1,7.0
paradise adelaide postcode,0,1,6.0
308 coromandel place vic 3000,0,1,8.0
19b kimberley court bella vista nsw 2153,0,1,10.0
nt first home buyers grants,0,1,10.0
postcode 2612,0,1,4.0
granny flats south australia price,0,1,2.0
"fairfield, new south wales 2165, australia average house price",0,1,9.0
first home buyer program nsw,0,1,4.0
21 drummer street 4580,0,1,6.0
"19 dettman avenue, longueville, nsw australia2066",0,1,10.0
vic 3104 postcode,0,1,8.0
condell park nsw a city in au?,0,1,5.0
scheapest house price suburbs to buy au with high yeild 2026,0,1,6.0
akton north filetype:html,0,1,3.0
kingsbury 3083,0,1,7.0
where is loganholme 4129 qld australia,0,1,5.0
west australia 6027 heathridge,0,1,10.0
"5 water st, old noarlunga sa 5168",0,1,9.0
buying property in australia for foreigners,0,1,9.0
first home buyer stamp duty exemption nsw,0,1,10.0
ben buckler suburb,0,1,3.0
seaholme vic 3018,0,1,10.0
options for first time home buyers,0,1,4.0
"ardrossan road, caboolture, qld, 4510",0,1,3.0
victorian real estate commission rates,0,1,2.0
beaocn hi;lpostcode nsw,0,1,5.0
shoal bay vs fire bay?,0,1,8.0
residentail management fee au,0,1,3.0
baldivis average price,0,1,7.0
usual and prevailing real estate salesperson commissions percentages sydney australia,0,1,3.0
sydney apartment prices 2026 list of homes,0,1,6.0
southern montessori school icsea 2025 enrolment 230 students,0,1,6.0
marist regional college tasmania gdp icsea enrollment burnie,0,1,7.0
location para vista sa 5093,0,1,3.0
"wayville, south australia property prices",0,1,10.0
el mercado inmobiliario de melbourne,0,1,6.0
10 dupont avenue city beach,0,1,5.0
queensland property stamp duty,0,1,6.0
south australia first home owner grant 2026-27 amount fhog,0,1,10.0
first home buyer scheme for nsw,0,1,8.0
mosman park wa suburb population chinese residents house price median 2024,0,1,10.0
loganholme qld 4129 australia,0,1,8.0
rental property what to charge australia,0,1,2.0
brisbane property prices july 2026 queensland housing,0,1,9.0
maryborough queensland (4650) maryborough queensland 4074,0,1,2.0
the most selling place for benger,0,1,9.0
matlands postcode,0,1,8.0
"australia, what is typical estate agent charge for a long term rent",0,1,6.0
6122 postcode,0,1,9.0
2035 postcode nsw,0,1,6.0
stamp duty in adelaide,0,1,8.0
brisbane 4000 postcode,0,1,5.0
tenate  access right by letting agent adealide south australia,0,1,6.0
south australia rental bond automatic refund cbs end of tenancy,0,1,8.0
sylvania southgate nsw 2224 是哪个城市,0,1,6.0
average agents commission in nsw,0,1,1.0
agents fee for property sale in sydney,0,1,3.0
do i need to pay real estate commission when buying house,0,1,5.0
real estate licence nsw fees,0,1,2.0
what is the typical commission for a realtor,0,1,5.0
what commission do real estate agents make,0,1,1.0
real estate fees,0,1,2.0
average real estate agent commission,0,1,1.0
capped commission realestate agents sydney,0,1,3.0
standard commission on house sales nsw,0,1,1.0
agents commission on sale of property,0,1,2.0
average percentage estate agents charge,0,1,2.0
nsw running sales agent,0,1,6.0
real estate sellers commission,0,1,1.0
"can you have a price on a property as $640,000 negotiable in nsw",0,1,1.0
cost of a premium sydney real estate listing afr,0,1,5.0
your property mag,0,1,6.0
what percentage can real estate agents charge for selling a block of land in currububula nsw,0,1,1.0
whats prices do soliciters charge for real estate commission,0,1,2.0
whats prices do lawyer charge for real estate commission,0,1,2.0
what are real estate fees to seel a farm in nsw,0,1,1.0
real estate agent commission rates in july 2026 in sydney,0,1,3.0
propertyguide.com.au,0,1,3.0
doreal estate agents fees include gst on a persnal home sale,0,1,2.0
how much is real estate agents selling fee,0,1,2.0
does a bdm earn commission in nsw,0,1,6.0
englewood real estate agents who sell for 1% commission,0,1,3.0
standard comissions for estate gaent seeling hous victroia,0,1,2.0
real estate agent costs,0,1,3.0
nsw average real estate commisin',0,1,1.0
what percentage can real cameron and davidson estate agents charge for selling a block of land in currububula nsw,0,1,1.0
how much does a real estate charge in nsw australia to sell,0,1,3.0
australian real estate agent commission split 2% sale price,0,1,4.0
which is the expensive agency which charge premimum when selling property in melbourne west,0,1,3.0
real estate selling fees nsw,0,1,2.0
why is the real estate commission in victoria so low?,0,1,1.0
morayfield postcode qld,0,1,8.0
estate agent fees for property sales in nsw,0,1,2.0
nsw real estate pay scale,0,1,10.0
what is a fair sale commission price for a 1.3 million dollar home in melbourne victoria,0,1,2.0
real estate agent award rate,0,1,3.0
littleton real estate agents who sell for 1% commission,0,1,3.0
real estate fees nt,0,1,10.0
"wrightland place, arndell park 在哪里",0,1,7.0
guide to adelaide property market trends,0,1,5.0
"27 penny place, arndell park 2148, australia",0,1,2.0
post code 3610 vic,0,1,9.0
example of how new cgt law tax applies to sale of property australia,0,1,10.0
sydney house price growth july 2023 to june 2026 eastern suburbs lower north shore,0,1,6.0
is nsw 2074 an australian postcode?,0,1,10.0
"lot 904 dp 1071531,n0.28 brighton drive,bellavista",0,1,4.0
so you pay stamp duty when you buy or sell a house in wa,0,1,5.0
what afe tenantsrights in wa australia,0,1,7.0
commission fee,0,1,2.0
frais firb en australie achat maison resident,0,1,10.0
spit mosman postcode,0,1,5.0
nsw rental tenants rights fencs around house,0,1,5.0
are real estate agents automatically paid by solicitors in australia,0,1,7.0
property for sale uk no agent fees real estate average,0,1,2.0
tenants sa,0,1,6.0
4120 postcode,0,1,10.0
cedric stanley crump 59 ann maree drive caboolture qld 4510,0,1,4.0
price of houses in canberra in 2026,0,1,6.0
2177 postcode,0,1,10.0
4000 qld postcode,0,1,8.0
nsw real estate agent fees,0,1,3.0
11 osprey terrace bella vista nsw,0,1,5.0
granny flats rules adelaide,0,1,5.0
postcode aramac qld,0,1,10.0
south australia dts criteria granny flat,0,1,6.0
cooling off period for property purchase in vic,0,1,7.0
postcode vic 3084,0,1,8.0
caddergut,0,1,9.0
putting up rent south australia,0,1,10.0
what area is postcode 5571 in australia,0,1,7.0
", adamstown nsw 2289",0,1,10.0
"will bitcoin dip to $35,000 by december 31, 2026 latest news 2026",0,1,10.0
documents for sell a house in australia,0,1,8.0
2579 postcode,0,1,10.0
vic property certs include gst?,0,1,5.0
3039 postcode australia,0,1,10.0
australia construction pipeline dwelling approvals housing supply august 2026 news abs property,0,1,8.0
surfers postcode,0,1,5.0
how much are realtor commission and fees in n michigan,0,1,8.0
3084 postcode,0,1,7.0
average house deposit australia,0,1,7.0
"melrose park dc, sa",0,1,9.0
"9 squill pl.,arndell park#tab#2148",0,1,4.0
oatley west nsw 2223 donde est,0,1,10.0
brisbane property market 2026 suburbs analysis median price growth forecast,0,1,5.0
cheap areas in australia to buy a house close to major city,0,1,5.0
"2263, nsw, australia.",0,1,10.0
full house renovation cost australia,0,1,9.0
how do i sell a house in australia,0,1,1.0
typical real estate commission in ky for sale,0,1,5.0
tenancy rights south australia,0,1,8.0
20 ficus wallan,0,1,9.0
4115 postcode qld,0,1,5.0
2284 postcode area,0,1,7.0
post code hallet cove sargodha,0,1,10.0
vic aus house purchasegrants and stamp duty,0,1,1.0
middle park vic suburb profile population median age households median rent median house price today,0,1,9.0
22 grassdale cres,0,1,7.0
mount gambier suburb profile,0,1,10.0
rivett act 2611#r##n#australia,0,1,4.0
marburg queensland postcode,0,1,10.0
median house price melbourne 2026,0,1,5.0
ground fathering negative gearing australia,0,1,9.0
clapham adelaide postcode,0,1,9.0
2 priory close caboolture qld 4510,0,1,6.0
my rights after renting a house fo over 15 years in northern territory australia,0,1,2.0
kenmore 4069 australien bundestaat,0,1,6.0
nsw 2031 postcode,0,1,9.0
norwest nsw postcode,0,1,10.0
chambers flat postcode,0,1,10.0
siuth yarra postcoide melbounre,0,1,10.0
moreton bay suburb comparison deception redcliffe scarborough lifestyle schools commute median rent crime statistics 2026,0,1,6.0
tonsley sa post code,0,1,8.0
linden park sa 5065,0,1,10.0
what does 'go to auction' mean in respect to australian real estate,0,1,7.0
real estate commission rate australia 2026 percentage premium properties,0,1,2.0
manly postcode sydney,0,1,9.0
renovation australia,0,1,8.0
what is the post code for hillcrest qld,0,1,7.0
broadmeadows vic 3047,0,1,9.0
mambourin 4 bedroom house median price growth 12 months,0,1,8.0
marleston sa 5033 australia property market trends 2026,0,1,2.0
sapphire central postcode,0,1,10.0
"sanctuary cove, qld 4212 which state",0,1,5.0
is mount ive south australia a city,0,1,5.0
sunnybank south 4109,0,1,9.0
how much does it cost altogetger to sell a house in australia,0,1,3.0
nsw 2170 australia,0,1,8.0
klemzig sa5087,0,1,7.0
marlin way tin can bay,0,1,6.0
sub-agency arrangement australian property foreign agents commission structure,0,1,9.0
"21 st remo, sydney, nsw 6 san remo, australia postecode",0,1,2.0
how tall is selling sydney real starte agend,0,1,9.0
fhog ald australia,0,1,10.0
birchgrove nsw 2041,0,1,8.0
real estate agents rental commission,0,1,9.0
australia off the plan apartment cooling off period deposit 10% trust account states,0,1,8.0
allenby garderns adelaide postcode,0,1,10.0
buy a house in australia,0,1,8.0
first home buyer scheme 2026 5% deposit help stamp duty nsw concession thresholds,0,1,8.0
typical real estate agent fees in australia,0,1,1.0
does a granny flat meet all buildincodes in pertthg,0,1,6.0
"21 st remo, sydney, nsw 6 san remo, australia postcode",0,1,3.0
2250 australia,0,1,8.0
"vic · maroondah council#r##n##r##n#kilsyth south, 3137",0,1,10.0
how did the rental prices develop in the last 24 months in seaford victoria australia,0,1,1.0
buying property in western australia for non citizen as holiday home,0,1,5.0
"brighton, victoria 3186属于哪个council",0,1,6.0
whats the town next to somerton 3062,0,1,3.0
clyde north vic 3978 average household income,0,1,9.0
point cook vic 3030 median house price domain.com.au,0,1,9.0
how long is the cooling off period house purchase asutrlia,0,1,4.0
"kotara nsw 2289, australia",0,1,8.0
tanah merah qld 4128 australien,0,1,7.0
tanah mehra qld 4128 australien,0,1,9.0
new farm brisbane house price,0,1,8.0
gibson desert notth,0,1,8.0
dover heights nsw 2030,0,1,9.0
what is postal code for killarney heights in nsw,0,1,7.0
what schools are near beacon hills in sydney?,0,1,4.0
"which council is brookwater,qld in",0,1,8.0
median house prices in brisbane suburbs in order,0,1,6.0
harkaway postcode,0,1,8.0
coorparoo dc brisbane+,0,1,5.0
オーストラリアsars management fees,0,1,8.0
upper coomera poscode,0,1,10.0
ellerslie nsw 2648,0,1,8.0
first time homebuyer grants 2026,0,1,8.0
if firb fee for a property not purchased successfully can be the cost base of another property australia,0,1,10.0
4505 postcode,0,1,8.0
can a canadian buy a property in australia together with a resident of austrailia,0,1,4.0
hazelmere wa 6055 australia,0,1,10.0
post code surfer paradise,0,1,8.0
kooyong 3144 is the rich in australia,0,1,8.0
manuka  act 2603,0,1,9.0
liscarow nsw,0,1,9.0
real estate percentage of sale,0,1,6.0
what is an affluent neighbourhood in brisbane for 40 year olds with kids,0,1,2.0
rental laws western australia,0,1,10.0
postcode 3434,0,1,4.0
australia home loan application avoid new credit commitments before approval official lender guidance,0,1,5.0
south australia housing market trends,0,1,5.0
is house prices falling in queensland?,0,1,9.0
tax return for private individual australia when to use dv or pc depreciation method for capital works such as stair replacement,0,1,7.0
how much the realestate charge in queensland for selling homes,0,1,2.0
what to know as a renter in nt,0,1,1.0
changes to capital gain tax real estate australia 2026 calendar,0,1,3.0
home buyers stamp duty nsw,0,1,9.0
"site:.com ""asset management"" ""private""",0,1,7.0
house price sydney forecast,0,1,10.0
"bacchus st, 8",0,1,8.0
"reddit auspropertychat 2026 sydney ""buyers market"" ""is now a good time"" or ""buyers agent worth it"" or ""off market""",0,1,3.0
how much is stamp duty in victoria near soho quora opinions,0,1,2.0
adelaide house price 2026,0,1,4.0
swan view wa school catchment,0,1,9.0
can you buy property cheap in australia,0,1,3.0
is it easy to buy a home with firb aus,0,1,4.0
australia budget 2026-27 cgt discount 50% inflation 30% minimum tax 1 july 2027,0,1,6.0
jibsz.top domain,0,1,9.0
nsw cheapest suburbs median house price 2026 strongest growth regional property investment,0,1,2.0
who is the firb in australia,0,1,10.0
"whirlpool forums ""nsw property"" or ""sydney property"" threads posts activity 2025 2026",0,1,6.0
how long must you wait to apply for a second pre-approval option in australia,0,1,3.0
what is the commission on a $1.7 million home sale.,0,1,7.0
what is the realtors fee for selling a house,0,1,9.0
what postcode does 4115 qld belong too,0,1,5.0
house prices in northern yerritory australia,0,1,7.0
real estate australia website guides,0,1,10.0
estate agentsommsiiso qld australia,0,1,3.0
granny flat sizes in perth east ontario,0,1,4.0
australia foreign buyer property fees foreign investment residential established dwelling rules 2026,0,1,5.0
sydney mean house price,0,1,4.0
