keyword,ai_search_volume,paa_serps
buying a house australia,15000,
buying house australia,15000,
selling a house,9620,
conveyancer,7320,
how to buy a house in australia,3979,
cost to build a house,2669,
buyers agent,2180,
display homes,2086,
house and land packages,2004,
how to sell a house,1842,
stamp duty nsw,1544,
property valuation,1309,
landlord insurance,1305,
stamp duty qld,1301,
capital gains tax on property,1298,
how much deposit do i need for a house,1042,
renovation cost australia,1007,
rental yield,952,
how much can i borrow,949,
conveyancing fees,911,
cheapest houses in melbourne,842,
downsizing,833,
building and pest inspection,785,
selling fees,767,
bridging loan,733,
cheapest suburbs in melbourne,733,
cheapest melbourne suburbs,733,
melbourne's cheapest suburbs,733,
negative gearing,685,
stamp duty calculator,652,
best suburbs in perth,592,
stamp duty wa,574,
first home owners grant,545,
mortgage calculator,538,
moorebank,485,
offset account,468,
fees for selling a house,465,
real estate commission,457,
cheapest suburbs in sydney,457,
find a real estate agent,444,
property management fees,410,
6 year rule capital gains tax,408,
best suburbs in adelaide,393,
stamp duty first home buyer,356,
best suburbs to buy in sydney,343,
yield calculator,335,
property depreciation,304,
building and pest inspection cost,290,
smsf property,286,
first home buyer schemes,274,
real estate agent commission,271,
house prices by suburb,254,
sell house privately,253,
property value estimate,252,
how to get bond back,244,
5% deposit scheme,239,
section 32,237,
best suburbs to buy in melbourne,219,
how to choose a real estate agent,215,
conveyancing cost nsw,211,
median house price by suburb,211,
rba cash rate,209,
depreciation schedule,204,
help to buy scheme,202,
best suburbs in australia,193,
house and land packages perth,170,
house valuation,153,
off market properties,150,
best real estate agents melbourne,143,
home loan calculator,140,
fees when selling a house,133,
capital gains tax calculator property,128,
stamp duty vic,125,
first home owners grant nsw,123,
best real estate agents brisbane,121,
buyers agent fees,121,
cheapest suburbs to buy in melbourne,119,
deposit bond,116,
how to find a builder,113,
stamp duty calculator nsw,107,
granny flat cost nsw,107,
best suburbs hobart,106,
best real estate agents sydney,104,
first home guarantee,104,
buyers agent sydney,103,
sydney property market,102,
how much is my house worth,97,
buying real estate australia,97,
mortgage repayment calculator,95,
melbourne property market,95,
perth property market,93,
property appraisal,92,
shared equity scheme,91,
home staging cost,85,
home loan pre approval,83,
negative gearing changes,82,
stamp duty calculator qld,79,
underquoting,76,
cgt calculator,76,
real estate agent fees,75,
real estate agents fees,75,
free property appraisal,74,
real estate commission qld,72,
real estate commission calculator,71,
best property value estimator australia,69,
most affordable suburbs in adelaide,68,
what is my house worth,67,
commission on sale of property,64,
house price forecast 2026,63,
rentvesting,62,
rentvestment,62,
best suburbs to invest in brisbane,61,
house and land packages brisbane,61,
lenders mortgage insurance,56,
is morayfield a good suburb,56,
buyers agent melbourne,53,
best suburbs in darwin,53,
first home super saver scheme,51,
best suburbs in moreton bay,49,
cheap suburbs melbourne,48,
what is a good rental yield,45,
real estate leads,43,
stamp duty calculator wa,43,
refinance calculator,43,
leads for real estate,43,
affordability calculator,41,
suburb profile,41,
lmi calculator,40,
cost of selling a house,39,
cost to sell house,39,
selling house costs,39,
house selling costs,39,
granny flat cost qld,38,
best suburbs to invest in australia,37,
compare suburbs,37,
best suburbs to buy in brisbane,35,
brisbane property market,34,
stamp duty calculator sa,31,
how much can i borrow home loan,30,
cgt changes 2026,30,
property management fees qld,30,
first home owners grant qld,29,
rental appraisal,29,
first home owners grant wa,28,
selling a deceased estate,27,
how much does a section 32 cost in victoria,27,
hobart property market,24,
contract of sale nsw,23,
borrowing power calculator,23,
calculate borrowing power,23,
full house renovation cost,22,
vaucluse average house price,21,
calculate rental return,21,
cheapest suburbs in australia,19,
fastest growing suburbs australia,19,
gross rental yield,19,
typical real estate agent fees,19,
stamp duty calculator vic,18,
borrowing capacity calculator,18,
real estate commission rate,17,
bridging loan calculator,16,
deceased estate property transfer,16,
real estate lead generation,15,
real estate underquoting,15,
real estate commission nsw,14,
how much do real estate agents charge,14,
best time to sell a house,14,
adelaide property market,14,
canberra property market,14,
property selling costs,14,
cooling off period nsw,13,
real estate agent fees nsw,12,
first home buyer grant sa,12,
real estate fees nsw,12,
rental yield calculator,11,
calculate rental yield,11,
best suburbs for families brisbane,11,
best suburbs in brisbane for families,11,
batemans bay real estate agents,10,
real estate agents bateman,10,
mortgage insurance calculator,10,
negative gearing calculator,9,
best suburbs for families melbourne,9,
best suburbs in melbourne for families,9,
best family suburbs melbourne,9,
cost of selling a house in victoria,9,
cost of selling a house victoria,9,
first home owners grant vic,8,
best suburbs for families sydney,8,
rentvesting australia,8,
median house price frankston,7,
rental yield melbourne suburbs,7,
real estate commission sydney,6,
stamp duty calculator act,6,
rental investment calculator,6,
yield calculation property,6,
yield property calculator,6,
cheapest homes in melbourne,6,
real estate commission wa,5,
lenders mortgage insurance calculator,5,
real estate agents moree,5,
moree real estate agents,5,
buyers agent cost,4,
free rental appraisal,4,
renovation cost calculator,4,
conveyancing fees wa,4,
best rental yield melbourne,4,
conveyancing costs perth,4,
suburbs with best rental yield melbourne,4,
what are the most affordable suburbs to buy in perth,4,
selling costs calculator,3,
house appraisal,3,
real estate commission tasmania,2,
vendor leads,2,
help to buy scheme nsw,2,
property management fees nsw,2,
home price guide,2,
bankstown property appraisal,2,
property buying process victoria,2,
hamilton real estate agents,2,
cost of selling a house nsw,1,
fhss calculator,1,
how much house can i afford,1,
how much do renovations cost australia,1,
hurstville median house price,1,
south yarra real estate agents,1,
cost of selling a house in nsw,1,
bankstown house prices,1,
free property appraisal wollert,1,
mortgage power calculator,1,
leads for real estate agents,1,
what is the average real estate agent commission in nsw,1,
rentvesting trend australia,1,
real estate commission vic,0,
real estate commission sa,0,
real estate commission act,0,
real estate commission nt,0,
real estate commission melbourne,0,
real estate commission brisbane,0,
real estate commission perth,0,
cost of selling a house vic,0,
cost of selling a house qld,0,
cost of selling a house wa,0,
cost of selling a house sa,0,
house selling costs calculator,0,
fixed fee real estate agent,0,
how to negotiate real estate commission,0,
auction vs private sale,0,
real estate agents near me,0,
compare real estate agents,0,
appraisal leads,0,
stamp duty calculator tas,0,
first home buyer guide,0,
help to buy calculator,0,
cooling off period vic,0,
property auction tips,0,
fixed vs variable home loan,0,
how to choose a mortgage broker,0,
property market report qld,0,
property market report nsw,0,
suburb comparison,0,
property management fees vic,0,
property manager near me,0,
renters rights nsw,0,
renters rights vic,0,
renters rights qld,0,
rental appraisal port hedland,0,
nedlands rental investment,0,
canberra suburbs median property prices latest,0,
brighton sa rental yield,0,
darch rental investment,0,
floreat rental investment,0,
joondalup rental investment,0,
landsdale rental investment,0,
rental estimate canberra,0,
morayfield capital growth,0,
morayfield property investment,0,
dapto rental market,0,
"rental yields in mount gambier, sa",0,
mount waverley median house price,0,
high rental yields in geraldton,0,
property management fees goodna,0,
lane cove real estate agents,0,
williamstown real estate agents,0,
calculate rental yield perth,0,
rent reviews davidson,0,
grafton real estate agents,0,
kyogle real estate agents,0,
real estate agents carindale,0,
goulburn real estate agents,0,
real estate agents malvern,0,
appraisal for rent canberra,0,
kiama real estate agents,0,
clayton real estate agents,0,
median house price dandenong,0,
prahran real estate agents,0,
fitzroy real estate agents,0,
spring farm property growth,0,
camberwell real estate agents,0,
real estate agents echuca,0,
surry hills real estate agents,0,
castle hill real estate agents,0,
real estate agents yamba,0,
property management haynes,0,
real estate agents emerald,0,
real estate agents narooma,0,
property appraisal bandiana,0,
australia affordable suburbs under 350k,0,
real estate selling fees,0,
flat fee real estate agent,0,
average real estate agent commission victoria,0,
real estate fees selling house calculator,0,
investment property affordability calculator,0,
canberra property market value report,0,
qld stamp duty calculator first home buyer,0,
stamp duty on inherited property nsw,0,
30000 renovation budget,0,
fee structure for home staging,0,
first home buyer house and land nsw,0,
australian consumer law misleading conduct property sale water rights wa,0,
cost of selling a house in qld,0,
real estate agents williamstown,0,
real estate agents bermagui,0,
warwick real estate agents,0,
mosman real estate agents,0,
34-36 southampton avenue buttaba nsw 2283,0,
bermagui real estate agents,0,
real estate agents goulburn,0,
real estate agents kensington,0,
real estate agents prahran,0,
northcote real estate agents,0,
real estate agents kiama,0,
yamba real estate agents,0,
best suburbs in moreton bay region,0,
elwood real estate agents,0,
real estate agents eagle vale,0,
real estate agents port melbourne,0,
narooma real estate agents,0,
point cook real estate agents,0,
real estate agents camberwell,0,
real estate agents north melbourne,0,
bribie island real estate agents,0,
devonport real estate agents,0,
echuca real estate agents,0,
general renovation costs,0,
realtor real estate agent bandiana,0,
torquay real estate agents,0,
real estate agents leumeah,0,
blackburn real estate agents,0,
dandenong median house price,0,
property valuation north richmond,0,
real estate agents bathurst,0,
real estate agents castle hill,0,
real estate agents glen alpine,0,
real estate agents mansfield,0,
scarborough real estate agents,0,
105 lilli pilli point road lilli pilli nsw 2229,0,
cost of selling a house in wa,0,
glenelg real estate agents,0,
ingleburn real estate agents,0,
karratha real estate agents,0,
real estate agents buxton,0,
real estate agents in narooma,0,
real estate agents in newton,0,
real estate agents kew,0,
north melbourne real estate agents,0,
property management bermagui,0,
real estate agencies ingleburn,0,
real estate agents in ballina,0,
real estate agents ingleburn,0,
yarraville real estate agents,0,
ballina real estate agents,0,
real estate agent north richmond,0,
real estate agents gregory hills,0,
real estate agents harrisdale,0,
real estate agents horsham,0,
real estate agents in grafton,0,
real estate agents warwick,0,
rental appraisal south hedland,0,
sell your house calculator,0,
south connect jandakot jandakot wa 6164,0,
your price real estate gawler,0,
annandale real estate agents,0,
bankstown property prices,0,
byron bay real estate agents,0,
flat fee commissions,0,
horsham real estate agents,0,
house selling cost calculator,0,
kew real estate agents,0,
port melbourne real estate agents,0,
real estate agents ballina,0,
real estate agents bribie island,0,
real estate agents in bathurst,0,
real estate agents in dubbo,0,
real estate agents in goulburn,0,
real estate agents in kiama,0,
real estate agents in yamba,0,
real estate agents mosman,0,
real estate agents rostrevor,0,
real estate agents spearwood,0,
realtor real estate agent springdale heights,0,
best agent to sell house goodna,0,
cronulla real estate agents,0,
eltham property area guide,0,
emerald real estate agents,0,
north lakes real estate agents,0,
propertyguide,0,
real estate agents bardon,0,
real estate agents east fremantle,0,
real estate agents grafton,0,
real estate agents in byron bay,0,
real estate agents in echuca,0,
real estate agents in horsham,0,
real estate agents kalkallo,0,
real estate agents pymble,0,
real estate agents st andrews,0,
real estate agents unley,0,
rent reviews bankstown,0,
stanthorpe real estate agents,0,
wauchope real estate agents,0,
best real estate agent goodna,0,
bribie real estate agents,0,
buyers agent cheltenham,0,
buyers agent killarney heights,0,
caroline springs real estate agents,0,
cost of selling a house in tasmania,0,
estate agents torquay,0,
frankston real estate agents,0,
glen waverley real estate agents,0,
glenbrook real estate agents,0,
mortgage brokers glenquarie,0,
property management harrisdale,0,
property valuation campsie,0,
pymble real estate agents,0,
real estate agencies bermagui,0,
real estate agent near me west albury,0,
real estate agent services fraser rise,0,
real estate agent services sunshine north,0,
real estate agents bellingen,0,
real estate agents byron bay,0,
real estate agents coolbellup,0,
real estate agents forster,0,
real estate agents in cronulla,0,
real estate agents in leeming,0,
real estate agents lindfield,0,
real estate agents melville,0,
real estate agents north coogee,0,
real estate agents scarborough,0,
real estate agents springdale heights,0,
real estate agents wauchope,0,
real estate fees for selling,0,
real estate selling costs calculator,0,
watsons bay buyers agent,0,
which perth suburbs have high rental yield,0,
bathurst real estate agents,0,
blaxland real estate agents,0,
bribie island real estate agencies,0,
burleigh heads real estate agents,0,
buyers agency lilyfield,0,
buyers agent caulfield south,0,
buyers agent glebe,0,
buyers agent greenwich,0,
cost of selling a house calculator,0,
cost of selling a house in nsw calculator,0,
dubbo real estate agents,0,
elwood real estate agencies,0,
griffith real estate agents,0,
kalgoorlie real estate agents,0,
low commission real estate,0,
property appraisal estimate,0,
queanbeyan house selling agent,0,
real estate agent services sydenham,0,
real estate agents annandale,0,
real estate agents blackburn,0,
real estate agents goodwood,0,
real estate agents in coolbellup,0,
real estate agents in harrisdale,0,
real estate agents kalgoorlie,0,
real estate agents springwood nsw,0,
real estate agents stanthorpe,0,
real estate agents the ponds,0,
real estate fees for selling a house,0,
real estate lead generation australia,0,
rental appraisal dampier,0,
sell my house goodna,0,
springwood nsw real estate agencies,0,
tom price post code,0,
agency greenwith,0,
albany real estate agents,0,
best agent to sell in brighton sa,0,
cost of selling a house in queensland calculator,0,
cost of selling a house in victoria calculator,0,
finding a real estate agent to buy a house,0,
forster real estate agents,0,
government fees when selling a house,0,
home appraisals cape schanck,0,
home appraisals deepdene,0,
home appraisals flinders,0,
home property agents neutral bay,0,
innaloo rental investment,0,
investment property income calculator,0,
kensington real estate agents,0,
lindfield real estate agents,0,
malvern real estate agents,0,
mount waverley real estate agents,0,
port douglas real estate agents,0,
property appraisal lavington,0,
property appraisal springdale heights,0,
property portfolio bankstown,0,
property selling cost calculator,0,
real estate agent commission percentage nsw,0,
real estate agent near me bandiana,0,
real estate agent services burnside,0,
real estate agents bardia,0,
real estate agents birmingham gardens nsw,0,
real estate agents carina,0,
real estate agents carnegie,0,
real estate agents faulconbridge,0,
real estate agents fitzroy,0,
real estate agents frankston,0,
real estate agents glebe,0,
real estate agents in frankston south,0,
real estate agents in mudgee,0,
real estate agents in north coogee,0,
real estate agents in springwood nsw,0,
real estate agents in warrnambool,0,
real estate agents lawson nsw,0,
real estate agents newton,0,
real estate agents north lakes,0,
real estate agents richmond nsw,0,
real estate agents west albury,0,
real estate brokerage fee,0,
rental agents the ponds,0,
what is the average real estate agent commission in victoria,0,
115 lilli pilli point road lilli pilli nsw 2229,0,
adjustable rates vs fixed rates,0,
aspley real estate agents,0,
average buyers agent fee,0,
beaumaris real estate agents,0,
best buyers agents near seven hills,0,
best places to invest in regional australia,0,
best real estate agents bungendore,0,
boondall rental yield,0,
braidwood real estate agents,0,
buyers agent shell harbour,0,
buyers agent vaucluse,0,
buying and selling costs calculator,0,
buying guides livingpristine,0,
caulfield south real estate agents,0,
clermont real estate agents,0,
collingwood real estate agents,0,
commission on selling a house brighton,0,
cost of selling a house in south australia,0,
cost to sell house qld,0,
costs of selling a house calculator,0,
costs of selling a house calculator nsw,0,
docklands real estate agents,0,
earlwood real estate agents,0,
essendon real estate agents,0,
fees when selling a house in qld,0,
free property appraisal medowie,0,
glebe real estate agents,0,
granny flat investment qld,0,
home appraisals balnarring,0,
home appraisals caulfield north,0,
home appraisals glen huntly,0,
how much commission does a realtor make nsw,0,
how much does a buyers agent cost north shore,0,
independent property buying advice strathfield,0,
investing in regional australia,0,
investment property yield calculator,0,
lender title insurance cost,0,
notice to vacate due to sale of property nsw,0,
port macquarie real estate agents,0,
property appraisal cammeray,0,
property valuation ashfield,0,
real estate agencies blaxland nsw,0,
real estate agent lead sources,0,
real estate agent north albury,0,
real estate agent services derrimut,0,
real estate agents auchenflower,0,
real estate agents bandiana,0,
real estate agents capalaba,0,
real estate agents cremorne nsw,0,
real estate agents eltham,0,
real estate agents granville,0,
real estate agents homebush,0,
real estate agents in port douglas,0,
real estate agents kearns,0,
real estate agents lake coogee,0,
real estate agents melrose park,0,
real estate agents morley,0,
real estate agents preston,0,
real estate agents south albury,0,
real estate agents south morang,0,
real estate agents thomastown,0,
real estate agents vale park,0,
real estate agents wallsend nsw,0,
real estate charges to sell a house,0,
real estate fees for seller,0,
real estate property appraisal fairview park,0,
redcliffe real estate agents,0,
rentvesting strategy property purchase,0,
sell my house hawkesbury,0,
settlement agent fees calculator wa,0,
shoalhaven heads real estate agents,0,
sinagra rental investment,0,
springwood nsw real estate agents,0,
standard agency fee,0,
wahroonga real estate agents,0,
what schools are near riverfield estate,0,
which clyde estate has the best schools,0,
work out rental yield calculator,0,
