query,impr_since_deploy,avg_pos,clicks,kp_vol_month,impression_share
bondi postcode,866,9.1,0,4400,0.855
morayfield postcode,712,8.9,0,3600,0.859
dubbo postcode,650,7.2,0,3600,0.784
toorak postcode,458,7.2,0,2400,0.829
surfers paradise postcode,450,7.0,0,2900,0.674
buderim postcode,385,7.1,0,2400,0.697
coomera postcode,260,8.0,0,2400,0.47
hawthorn east postcode,257,6.9,0,1300,0.859
moorebank postcode,220,6.8,0,1600,0.597
deception bay postcode,184,7.4,0,2400,0.333
3024 postcode,169,10.0,0,720,1.019
arundel postcode,167,6.7,0,1300,0.558
kilmore postcode,164,8.5,0,1300,0.548
mascot postcode,153,7.3,0,2900,0.229
cost of selling a house,150,13.8,0,720,0.905
surfers paradise post code,148,6.3,0,720,0.893
greenslopes postcode,143,9.6,0,1600,0.388
newman postcode,137,8.6,0,1300,0.458
taigum postcode,134,6.4,0,720,0.808
woolloongabba postcode,131,7.8,0,2900,0.196
morayfield post code,124,6.5,0,480,1.122
4217 postcode,121,9.2,0,880,0.597
2250 postcode,120,9.4,0,1300,0.401
pinjarra postcode,118,5.8,0,590,0.869
chipping norton postcode,111,8.6,0,720,0.67
spring farm postcode,111,7.3,0,720,0.67
2141 postcode,99,7.3,0,590,0.729
darling point postcode,97,8.5,0,590,0.714
4118 postcode,92,10.1,0,720,0.555
4209 postcode,91,9.9,0,880,0.449
2830 postcode,89,7.9,0,590,0.655
wingfield postcode,84,6.7,0,720,0.507
dubbo post code,83,6.3,0,720,0.501
junee postcode,83,6.9,0,390,0.924
toorak post code,83,6.5,0,390,0.924
taren point postcode,82,9.2,0,590,0.604
2043 postcode,79,7.0,0,590,0.582
northbridge postcode,77,8.7,0,1300,0.257
2137 postcode,72,9.5,0,480,0.651
buderim post code,71,7.7,0,480,0.642
little mountain postcode,71,7.7,0,390,0.791
lysterfield postcode,71,7.1,0,480,0.642
postcode surfers paradise,71,8.0,0,2900,0.106
renmark postcode,71,8.2,0,720,0.428
coomera post code,70,8.0,1,590,0.515
yamba postcode,70,7.8,0,880,0.345
bardia postcode,68,7.9,0,480,0.615
craigmore postcode,65,8.2,0,390,0.724
whittlesea postcode,65,8.9,0,590,0.478
flinders view postcode,64,10.0,0,390,0.713
elderslie postcode,63,6.9,0,480,0.57
palmyra postcode,63,7.8,0,720,0.38
wallan postcode,62,11.0,0,2400,0.112
erskineville postcode,61,9.4,0,1300,0.204
3142 postcode,59,9.5,0,320,0.801
borrowing power calculator,59,84.5,0,33100,0.008
4506 postcode,58,8.3,0,320,0.787
warwick postcode,58,6.6,0,1600,0.157
goodwood postcode,57,9.0,0,390,0.635
postcode morayfield,54,9.0,0,3600,0.065
3978 postcode,51,10.2,0,720,0.308
claymore postcode,50,8.6,0,260,0.835
pinjarra post code,50,8.2,0,140,1.551
3156 postcode,49,9.1,0,590,0.361
highgate postcode,49,5.5,0,480,0.443
springwood postcode,48,8.2,0,1900,0.11
3690 postcode,47,8.4,0,260,0.785
dubbo nsw postcode,46,6.9,0,3600,0.055
2283 postcode,45,11.0,0,390,0.501
renovation costs,45,17.5,0,210,0.931
woodvale postcode,45,6.6,0,480,0.407
4018 postcode,44,7.1,0,260,0.735
tullimbar postcode,44,6.3,0,210,0.91
booragoon post code,42,10.4,0,260,0.702
gulgong postcode,42,7.5,0,260,0.702
mortlake postcode,42,6.1,0,390,0.468
3123 postcode,41,8.7,0,320,0.556
2170 postcode,40,9.9,0,1900,0.091
2295 postcode,39,10.2,0,90,1.882
how much can i borrow,39,91.1,0,12100,0.014
2300 postcode,38,10.1,0,320,0.516
3140 postcode,38,9.6,0,260,0.635
bulleen postcode,38,9.0,0,1000,0.165
gundagai postcode,38,7.4,0,210,0.786
6024 postcode,37,8.5,0,170,0.945
bulleen post code,37,9.8,0,140,1.148
hurstbridge postcode,37,9.3,0,210,0.765
3105 postcode,36,9.2,0,170,0.92
clayton real estate agents,36,15.7,0,140,1.117
2557 postcode,35,10.4,0,390,0.39
hawthorn east post code,35,6.1,0,140,1.086
lenders mortgage insurance calculator,35,10.9,0,880,0.173
arundel post code,34,5.9,0,210,0.703
browns plains post code,34,10.4,0,320,0.461
property guide,34,7.1,0,170,0.869
williamstown real estate agents,34,31.3,0,140,1.055
5013 postcode,33,9.3,0,210,0.682
5118 postcode,33,8.8,0,170,0.843
fees for selling a house,33,10.5,0,320,0.448
kyogle real estate agents,33,18.7,0,70,2.047
moorebank,33,10.7,0,49500,0.003
pacific paradise postcode,33,9.9,0,260,0.551
gawler east postcode,32,7.6,0,260,0.535
goombungee postcode,32,6.8,0,90,1.544
helensvale post code,32,10.3,0,320,0.434
surfers postcode,32,7,0,260,0.535
cost of selling house,31,16.2,0,720,0.187
kilmore post code,31,7.3,0,210,0.641
malanda postcode,31,7.7,0,210,0.641
moorebank post code,31,5.3,0,140,0.962
nebo postcode,31,8.5,0,170,0.792
real estate agents yamba,31,16,0,140,0.962
4214 postcode,30,10.4,0,590,0.221
4564 postcode,30,9.1,0,210,0.62
castle hill real estate agents,30,16.9,0,260,0.501
postcode 2141,30,9.5,0,590,0.221
blacks beach postcode,29,6.7,0,90,1.399
monterey postcode,29,7.2,0,260,0.484
postcode dubbo,29,7.3,0,3600,0.035
real estate agents carindale,29,20.9,0,110,1.145
2539 postcode,28,8.9,0,320,0.38
how much can i borrow home loan,28,92.2,0,8100,0.015
ravenswood postcode,28,7.8,0,390,0.312
wattleup postcode,28,4.9,0,170,0.715
2222 postcode,27,9,0,170,0.69
2261 postcode,27,9.1,0,720,0.163
3099 postcode,27,10.2,0,210,0.558
homebush postcode,27,10.9,0,1900,0.062
landsborough postcode,27,10.6,0,590,0.199
real estate agents malvern,27,11.3,0,50,2.345
rentvesting,27,69.8,0,1900,0.062
2232 postcode,26,9.3,0,880,0.128
4013 postcode,26,8.8,0,170,0.664
4118 postcode qld,26,8.7,0,10,11.291
4120 postcode,26,9.9,0,320,0.353
5114 postcode,26,10.7,0,480,0.235
darling point post code,26,6.3,0,90,1.255
goulburn real estate agents,26,22.3,0,390,0.29
grafton real estate agents,26,12.7,0,170,0.664
how much do real estate agents charge,26,22.1,0,480,0.235
lmi calculator,26,16,0,3600,0.031
prahran real estate agents,26,19.3,0,70,1.613
rushworth postcode,26,10.0,0,140,0.807
badagarang postcode,25,3.2,0,110,0.987
banksia postcode,25,5.6,0,320,0.339
camberwell real estate agents,25,22.6,0,140,0.776
kiama real estate agents,25,28.8,0,140,0.776
postcode bondi,25,8.1,0,4400,0.025
postcode hawthorn east,25,8.2,0,1300,0.084
smythes creek postcode,25,9.3,0,140,0.776
