page,coverage,last_crawl,gsc_impr_90d,kp_vol_of_target_queries,target_queries
/guides/conveyancing-guide,Crawled - currently not indexed,2026-07-03,0,24280,conveyancing fees; conveyancing cost nsw; conveyancer
/guides/help-to-buy-scheme-australia,Crawled - currently not indexed,2026-07-14,11,12100,help to buy scheme
/guides/building-pest-inspection,Crawled - currently not indexed,2026-07-07,1,9700,building and pest inspection cost; building and pest inspection
/guides/lenders-mortgage-insurance-guide,Crawled - currently not indexed,2026-06-08,1,5400,lenders mortgage insurance
/guides/home-loan-pre-approval-australia,Crawled - currently not indexed,2026-06-17,0,2400,home loan pre approval
/guides/first-home-buyer-vic,Crawled - currently not indexed,2026-06-05,16,1600,first home owners grant vic
/guides/real-estate-commission-qld,Crawled - currently not indexed,2026-06-17,0,640,real estate commission qld; real estate commission brisbane
/guides/home-staging-cost-australia,Crawled - currently not indexed,2026-07-03,147,270,home staging cost; fee structure for home staging
/guides/how-to-choose-a-mortgage-broker,Crawled - currently not indexed,2026-07-15,0,90,how to choose a mortgage broker
/guides/how-to-choose-a-selling-agent,Crawled - currently not indexed,2026-07-13,0,70,how to choose a real estate agent
/guides/how-to-find-a-builder-australia,Crawled - currently not indexed,2026-07-08,0,30,how to find a builder
/guides/how-to-negotiate-real-estate-agent-commission,Crawled - currently not indexed,2026-07-03,45,10,how to negotiate real estate commission
/guides/real-estate-commission-sa,Crawled - currently not indexed,2026-07-10,8,10,real estate commission sa
/real-estate-leads/vendor-leads,Discovered – currently not indexed,,0,10,vendor leads
/best-suburbs/for-families/wa,Crawled - currently not indexed,2026-06-08,57,0,
/guides/first-home-buyer-act,Crawled - currently not indexed,2026-05-06,29,0,
/best-suburbs/most-walkable/nsw,Crawled - currently not indexed,2026-06-17,24,0,
/best-suburbs/for-families/sa,Crawled - currently not indexed,2026-06-04,16,0,
/best-suburbs/most-walkable/sa,Crawled - currently not indexed,2026-07-02,16,0,
/guides/what-to-fix-before-selling-a-house,Crawled - currently not indexed,2026-07-03,10,0,
/best-suburbs/most-walkable/qld,Crawled - currently not indexed,2026-07-04,10,0,
/best-suburbs/for-families/vic,Crawled - currently not indexed,2026-05-17,9,0,
/best-suburbs/most-affordable/nt,Crawled - currently not indexed,2026-06-26,8,0,
/best-suburbs/for-families/nt,Crawled - currently not indexed,2026-07-01,6,0,
/best-suburbs/most-walkable/act,Crawled - currently not indexed,2026-06-23,6,0,
/best-suburbs/most-walkable/tas,Crawled - currently not indexed,2026-07-06,5,0,
/best-suburbs/most-affordable/sa,Crawled - currently not indexed,2026-06-16,4,0,
/guides/due-diligence-checklist-buying-a-house,Crawled - currently not indexed,2026-06-17,2,0,
/guides/first-home-buyer-nt,Crawled - currently not indexed,2026-07-24,1,0,
/guides/house-vs-apartment-investment-australia,Crawled - currently not indexed,2026-06-04,1,0,
/guides/how-to-negotiate-property-price-australia,Crawled - currently not indexed,2026-06-28,1,0,
/buy,Crawled - currently not indexed,2026-04-22,0,0,
/rent,Discovered – currently not indexed,,0,0,
/sold,Crawled - currently not indexed,2026-04-28,0,0,
/research,Crawled - currently not indexed,2026-05-28,0,0,
/real-estate-leads/property-developer-leads,Discovered – currently not indexed,,0,0,
/methodology,Crawled - currently not indexed,2026-06-27,0,0,
/data-updates,Crawled - currently not indexed,2026-05-06,0,0,
/contact,Discovered – currently not indexed,,0,0,
/guides/capital-growth-vs-cash-flow-australia,Crawled - currently not indexed,2026-07-01,0,0,
/guides/foreign-buyer-firb-guide,Crawled - currently not indexed,2026-06-03,0,0,
/guides/settlement-day-australia,Crawled - currently not indexed,2026-06-27,0,0,
/guides/federal-budget-2026-property,Crawled - currently not indexed,2026-07-03,0,0,
/guides/melbourne-property-market-2026,URL is unknown to Google,,0,0,
/best-suburbs/for-families,Server error (5xx),2026-06-05,0,0,
/best-suburbs/highest-growth,Server error (5xx),2026-06-22,0,0,
/best-suburbs/most-affordable,Server error (5xx),2026-06-05,0,0,
/best-suburbs/most-walkable,Crawled - currently not indexed,2026-04-25,0,0,
/best-suburbs/lowest-flood-risk,Server error (5xx),2026-06-18,0,0,
/best-suburbs/best-rental-yield,Server error (5xx),2026-06-16,0,0,
/best-suburbs/for-families/qld,Crawled - currently not indexed,2026-07-05,0,0,
/best-suburbs/for-families/act,Crawled - currently not indexed,2026-06-27,0,0,
/best-suburbs/highest-growth/nsw,Crawled - currently not indexed,2026-06-27,0,0,
/best-suburbs/most-affordable/nsw,Crawled - currently not indexed,2026-06-23,0,0,
/best-suburbs/most-affordable/qld,Crawled - currently not indexed,2026-07-05,0,0,
/best-suburbs/most-affordable/tas,Crawled - currently not indexed,2026-06-29,0,0,
/best-suburbs/most-walkable/wa,Crawled - currently not indexed,2026-07-03,0,0,
/best-suburbs/most-walkable/nt,Crawled - currently not indexed,2026-06-27,0,0,
/best-suburbs/lowest-flood-risk/tas,Crawled - currently not indexed,2026-06-18,0,0,
/best-suburbs/lowest-flood-risk/nt,Crawled - currently not indexed,2026-07-05,0,0,
/best-suburbs/best-rental-yield/vic,Crawled - currently not indexed,2026-07-03,0,0,
/best-suburbs/best-rental-yield/qld,Crawled - currently not indexed,2026-06-26,0,0,
/states/qld,Crawled - currently not indexed,2026-04-26,0,0,
/states/nsw,Crawled - currently not indexed,2026-06-03,0,0,
/states/vic,Crawled - currently not indexed,2026-06-03,0,0,
/states/wa,Crawled - currently not indexed,2026-07-04,0,0,
/states/sa,Crawled - currently not indexed,2026-06-29,0,0,
/states/tas,Crawled - currently not indexed,2026-07-02,0,0,
/states/nt,Crawled - currently not indexed,2026-04-24,0,0,
/states/act,Crawled - currently not indexed,2026-04-24,0,0,
/market-reports/qld,Crawled - currently not indexed,2026-07-28,0,0,property market report qld
