real estate commission nsw	/guides/real-estate-commission-nsw
real estate commission vic	/guides/real-estate-commission-vic
real estate commission qld	/guides/real-estate-commission-qld
real estate commission wa	/guides/real-estate-commission-wa
real estate commission sa	/guides/real-estate-commission-sa
real estate commission tasmania	/guides/real-estate-commission-tas
real estate commission act	/guides/real-estate-commission-act
real estate commission nt	/guides/real-estate-commission-nt
real estate agent fees	/guides/real-estate-agent-fees-australia
real estate agent commission	/guides/real-estate-agent-fees-australia
how much do real estate agents charge	/guides/real-estate-agent-fees-australia
real estate commission	/guides/real-estate-agent-fees-australia
real estate agent fees nsw	/guides/real-estate-commission-nsw
real estate commission calculator	/real-estate-commission-calculator
real estate commission sydney	/guides/real-estate-commission-nsw
real estate commission melbourne	/guides/real-estate-commission-vic
real estate commission brisbane	/guides/real-estate-commission-qld
real estate commission perth	/guides/real-estate-commission-wa
cost of selling a house	/guides/cost-of-selling-a-house-australia
cost of selling a house nsw	/guides/cost-of-selling-a-house-nsw
cost of selling a house vic	/guides/cost-of-selling-a-house-vic
cost of selling a house qld	/guides/cost-of-selling-a-house-qld
cost of selling a house wa	/guides/cost-of-selling-a-house-wa
cost of selling a house sa	/guides/cost-of-selling-a-house-sa
selling costs calculator	/selling-costs-calculator
house selling costs calculator	/selling-costs-calculator
how to sell a house	/guides/how-to-sell-a-house-australia
selling a house	/guides/how-to-sell-a-house-australia
sell house privately	/guides/sell-your-house-privately-australia
best time to sell a house	/guides/best-time-to-sell-a-house-australia
fixed fee real estate agent	/guides/fixed-fee-vs-commission-real-estate-agents
how to negotiate real estate commission	/guides/how-to-negotiate-real-estate-agent-commission
how to choose a real estate agent	/guides/how-to-choose-a-selling-agent
underquoting	/guides/underquoting-laws-by-state
section 32	/guides/section-32-vendor-statement-victoria
auction vs private sale	/guides/auction-vs-private-treaty
home staging cost	/guides/home-staging-cost-australia
selling a deceased estate	/guides/selling-a-deceased-estate-property
property appraisal	/appraisal
free property appraisal	/appraisal
house appraisal	/appraisal
property valuation	/property-valuation
house valuation	/property-valuation
property value estimate	/property-valuation
how much is my house worth	/guides/how-much-is-my-house-worth-australia
what is my house worth	/guides/how-much-is-my-house-worth-australia
real estate agents near me	/find-an-expert
compare real estate agents	/find-an-expert
find a real estate agent	/find-an-expert
best real estate agents sydney	
best real estate agents melbourne	
best real estate agents brisbane	
real estate leads	/real-estate-leads
vendor leads	/real-estate-leads/vendor-leads
appraisal leads	/real-estate-leads/appraisal-leads
stamp duty calculator	/stamp-duty-calculator
stamp duty calculator nsw	/guides/stamp-duty-nsw
stamp duty calculator vic	/guides/stamp-duty-vic
stamp duty calculator qld	/guides/stamp-duty-qld
stamp duty calculator wa	/guides/stamp-duty-wa
stamp duty calculator sa	/guides/stamp-duty-sa
stamp duty calculator act	/guides/stamp-duty-act
stamp duty calculator tas	/guides/stamp-duty-tas
stamp duty nsw	/guides/stamp-duty-nsw
stamp duty vic	/guides/stamp-duty-vic
stamp duty qld	/guides/stamp-duty-qld
stamp duty wa	/guides/stamp-duty-wa
stamp duty first home buyer	/stamp-duty-calculator
first home owners grant	/guides/first-home-owner-grant-australia
first home owners grant nsw	/guides/first-home-buyer-nsw
first home owners grant qld	/guides/first-home-buyer-qld
first home owners grant vic	/guides/first-home-buyer-vic
first home owners grant wa	/guides/first-home-buyer-wa
first home buyer grant sa	/guides/first-home-buyer-sa
first home buyer guide	/guides/first-home-buyer-guide
first home buyer schemes	/first-home-buyers
help to buy scheme	/guides/help-to-buy-scheme-australia
help to buy calculator	/help-to-buy-calculator
help to buy scheme nsw	/guides/help-to-buy-scheme-nsw
first home super saver scheme	/guides/first-home-super-saver-scheme
fhss calculator	/fhss-calculator
first home guarantee	/guides/first-home-guarantee
5% deposit scheme	/guides/first-home-guarantee
shared equity scheme	/guides/shared-equity-schemes-australia
how much deposit do i need for a house	/guides/how-much-deposit-to-buy-a-house
lmi calculator	/lmi-calculator
lenders mortgage insurance	/guides/lenders-mortgage-insurance-guide
lenders mortgage insurance calculator	/lmi-calculator
conveyancing fees	/guides/conveyancing-guide
conveyancing cost nsw	/guides/conveyancing-guide
conveyancer	/guides/conveyancing-guide
building and pest inspection cost	/guides/building-pest-inspection
building and pest inspection	/guides/building-pest-inspection
buyers agent cost	/guides/buyers-agent-cost-australia
buyers agent fees	/guides/buyers-agent-cost-australia
buyers agent	/guides/buyers-agent-cost-australia
buyers agent sydney	
buyers agent melbourne	
cooling off period nsw	/guides/cooling-off-period-by-state-australia
cooling off period vic	/guides/cooling-off-period-vic
contract of sale nsw	/guides/contract-of-sale-nsw
how to buy a house in australia	/guides/buying-property-australia
buying a house australia	/guides/buying-property-australia
property auction tips	/guides/property-auction-guide
home loan pre approval	/guides/home-loan-pre-approval-australia
borrowing power calculator	/borrowing-power-calculator
how much can i borrow	/borrowing-power-calculator
how much can i borrow home loan	/guides/how-much-can-i-borrow-australia
borrowing capacity calculator	/borrowing-power-calculator
mortgage calculator	/mortgage-calculator
mortgage repayment calculator	/mortgage-calculator
home loan calculator	/mortgage-calculator
affordability calculator	/affordability-calculator
how much house can i afford	/affordability-calculator
refinance calculator	/refinancing-calculator
rental yield calculator	/rental-yield-calculator
rental yield	/rental-yield-calculator
calculate rental yield	/rental-yield-calculator
what is a good rental yield	/rental-yield-calculator
capital gains tax calculator property	/cgt-calculator
cgt calculator	/cgt-calculator
capital gains tax on property	/cgt-calculator
6 year rule capital gains tax	/cgt-calculator
negative gearing calculator	/negative-gearing-calculator
negative gearing	/guides/negative-gearing-australia
negative gearing changes	/guides/negative-gearing-cgt-changes-now-law-2026
cgt changes 2026	/guides/cgt-changes-2026-budget
bridging loan calculator	/bridging-loan-calculator
bridging loan	/guides/bridging-loans-guide
deposit bond	/guides/deposit-bonds
property depreciation	/guides/property-depreciation-guide
depreciation schedule	/guides/property-depreciation-guide
offset account	/guides/offset-accounts-explained-australia
fixed vs variable home loan	/guides/fixed-vs-variable-rate-guide
rba cash rate	/rba-cash-rate
smsf property	/guides/smsf-property-guide
how to choose a mortgage broker	/guides/how-to-choose-a-mortgage-broker
best suburbs to buy in sydney	/best-suburbs/most-walkable/sydney
best suburbs to buy in melbourne	/best-suburbs/most-affordable/melbourne
best suburbs to buy in brisbane	/best-suburbs/most-affordable/brisbane
best suburbs in perth	/best-suburbs/most-affordable/perth
best suburbs in adelaide	/best-suburbs/most-affordable/adelaide
best suburbs to invest in brisbane	/best-suburbs/most-affordable/brisbane
best suburbs to invest in australia	/best-suburbs
best suburbs in australia	/best-suburbs
best suburbs for families melbourne	/best-suburbs/for-families/melbourne
best suburbs for families brisbane	/best-suburbs/for-families/brisbane
best suburbs for families sydney	/best-suburbs/for-families/sydney
cheapest suburbs in melbourne	/best-suburbs/most-affordable/melbourne
cheapest suburbs in sydney	
cheapest suburbs in australia	/guides/cheapest-suburbs-buy-house-australia-2026
most affordable suburbs in adelaide	/best-suburbs/most-affordable/adelaide
fastest growing suburbs australia	/guides/australia-fastest-growing-suburbs-2026
best suburbs in moreton bay	/guides/top-5-suburbs-families-moreton-bay
sydney property market	/property-market/sydney
melbourne property market	/property-market/melbourne
brisbane property market	/property-market/brisbane
perth property market	/property-market/perth
adelaide property market	/property-market/adelaide
canberra property market	/property-market/canberra
hobart property market	/property-market/hobart
house price forecast 2026	/guides/house-price-forecasts-2026-2027-by-capital-city
property market report qld	/market-reports/qld
property market report nsw	/market-reports/nsw
suburb profile	/suburbs
house prices by suburb	/price-guide
median house price by suburb	/price-guide
compare suburbs	/compare
suburb comparison	/compare
property management fees	/guides/property-management-fees-australia
property management fees nsw	/guides/property-management-fees-australia
property management fees qld	/guides/property-management-fees-australia
property management fees vic	/guides/property-management-fees-australia
rental appraisal	
free rental appraisal	
property manager near me	
landlord insurance	
renters rights nsw	/guides/renters-rights-nsw
renters rights vic	/guides/renters-rights-vic
renters rights qld	/guides/renters-rights-qld
rentvesting	/guides/rentvesting-australia
how to get bond back	
renovation cost australia	/guides/renovation-cost-australia-2026
renovation cost calculator	/guides/renovation-cost-australia-2026
how much do renovations cost australia	/guides/renovation-cost-australia-2026
full house renovation cost	/guides/renovation-cost-australia-2026
house and land packages brisbane	/house-and-land
house and land packages perth	/house-and-land
house and land packages	/house-and-land
display homes	
cost to build a house	
granny flat cost nsw	/guides/granny-flat-guide-nsw
granny flat cost qld	/guides/granny-flat-guide-qld
how to find a builder	/guides/how-to-find-a-builder-australia
off market properties	/off-market
downsizing	/guides/downsizers-guide
home price guide	/price-guide
rental appraisal port hedland	/suburbs/port-hedland-wa-6721/rental-market
bankstown property appraisal	/suburbs/bankstown-nsw-2200/agents
nedlands rental investment	/suburbs/nedlands-wa-6909/rental-market
canberra suburbs median property prices latest	/property-market/canberra
brighton sa rental yield	/suburbs/brighton-sa-5048/rental-market
darch rental investment	/suburbs/darch-wa-6065/rental-market
floreat rental investment	/suburbs/floreat-wa-6014/rental-market
joondalup rental investment	/suburbs/joondalup-wa-6027/rental-market
landsdale rental investment	/suburbs/landsdale-wa-6065/rental-market
rental estimate canberra	/suburbs/canberra-act-2600/rental-market
morayfield capital growth	/suburbs/morayfield-qld-4506
morayfield property investment	/suburbs/morayfield-qld-4506
dapto rental market	/suburbs/dapto-nsw-2530/rental-market
rental yields in mount gambier, sa	/suburbs/mount-gambier-sa-5290/rental-market
mount waverley median house price	/suburbs/mount-waverley-vic-3149
high rental yields in geraldton	/suburbs/geraldton-wa-6530/rental-market
property management fees goodna	/suburbs/goodna-qld-4300/rental-market
lane cove real estate agents	/suburbs/lane-cove-nsw-2066/agents
williamstown real estate agents	/suburbs/williamstown-vic-3016/agents
calculate rental yield perth	/rental-yield-calculator
rent reviews davidson	/suburbs/davidson-nsw-2085/rental-market
grafton real estate agents	/suburbs/grafton-nsw-2460/agents
kyogle real estate agents	/suburbs/kyogle-nsw-2474/agents
real estate agents carindale	/suburbs/carindale-qld-4152/agents
goulburn real estate agents	/suburbs/goulburn-nsw-2580/agents
real estate agents malvern	/suburbs/malvern-vic-3144/agents
appraisal for rent canberra	/suburbs/canberra-act-2600/rental-market
vaucluse average house price	/suburbs/vaucluse-nsw-2030
hurstville median house price	/suburbs/hurstville-nsw-2220
kiama real estate agents	/suburbs/kiama-nsw-2533/agents
clayton real estate agents	/suburbs/clayton-vic-3168/agents
median house price dandenong	/suburbs/dandenong-vic-3175
prahran real estate agents	/suburbs/prahran-vic-3181/agents
fitzroy real estate agents	/suburbs/fitzroy-vic-3065/agents
spring farm property growth	/suburbs/spring-farm-nsw-2570
camberwell real estate agents	/suburbs/camberwell-vic-3124/agents
real estate agents echuca	/suburbs/echuca-vic-3564/agents
surry hills real estate agents	/suburbs/surry-hills-nsw-2010/agents
castle hill real estate agents	/suburbs/castle-hill-nsw-2154/agents
real estate agents yamba	/suburbs/yamba-nsw-2464/agents
property management haynes	/suburbs/haynes-wa-6112/rental-market
real estate agents emerald	/suburbs/emerald-vic-3782/agents
real estate agents narooma	/suburbs/narooma-nsw-2546/agents
property appraisal bandiana	/suburbs/bandiana-vic-3694/agents
australia affordable suburbs under 350k	/guides/cheapest-suburbs-buy-house-australia-2026
fees for selling a house	/guides/cost-of-selling-a-house-australia
real estate selling fees	/guides/real-estate-agent-fees-australia
flat fee real estate agent	/guides/fixed-fee-vs-commission-real-estate-agents
average real estate agent commission victoria	/guides/real-estate-commission-vic
real estate fees selling house calculator	/selling-costs-calculator
investment property affordability calculator	/affordability-calculator
rental investment calculator	/rental-yield-calculator
canberra property market value report	/property-market/canberra
qld stamp duty calculator first home buyer	/guides/stamp-duty-qld
stamp duty on inherited property nsw	/guides/stamp-duty-nsw
rentvesting australia	/guides/rentvesting-australia
30000 renovation budget	/guides/renovation-cost-australia-2026
fee structure for home staging	/guides/home-staging-cost-australia
best property value estimator australia	/property-valuation
first home buyer house and land nsw	/guides/first-home-buyer-nsw
property buying process victoria	/guides/buying-property-australia
