vertical,impr_per_day_pre,pos_pre,queries_pre,impr_per_day_post,pos_post,queries_post,change_pct
agents,33.0,23.5,766,566.3,28.2,1044,1614
selling,11.5,53.0,158,82.0,33.8,154,613
appraisal,8.6,36.3,140,64.7,24.9,171,654
commission,24.4,53.4,506,62.1,45.4,133,154
suburb-data,25.0,45.6,477,60.1,34.6,138,141
buyers-agent,2.5,43.7,135,51.3,38.3,206,1976
borrowing,22.8,71.9,530,49.1,65.0,132,115
other,19.3,47.3,338,37.0,31.0,77,92
best-suburbs,6.3,39.1,29,25.6,24.3,57,303
yield,16.2,73.6,97,23.0,52.8,44,42
property-management,8.0,35.8,106,22.6,32.0,62,183
mortgage,11.7,81.8,564,12.7,56.4,53,9
deposit-lmi,0.1,70.7,2,11.3,30.1,28,7706
renting,7.0,68.0,38,10.9,62.4,18,54
conveyancing-inspections,1.2,49.4,31,10.7,57.8,30,826
rental-investment,9.6,29.5,18,7.4,27.9,11,-23
buying,5.8,73.9,16,6.4,67.1,11,10
renovation,8.3,75.6,102,5.7,61.3,16,-31
market,4.3,53.5,27,3.3,49.4,9,-23
stamp-duty,3.3,84.6,120,3.0,15.9,5,-8
bridging,3.1,87.6,74,1.7,72.1,8,-45
new-homes,0.6,74.7,12,1.1,70.0,2,98
first-home,2.4,58.8,22,1.0,70.9,5,-58
cgt-tax,0.9,86.8,16,0.4,58.0,2,-50
