slug,name,postcode,medianRentHouse,medianRentUnit,rentalUpdatedAt
albany-wa-6330,"Albany",6330,300,325,2026-04-15T06:58:20.977Z
alexander-heights-wa-6064,"Alexander Heights",6064,300,360,2026-04-15T06:58:25.195Z
alfred-cove-wa-6154,"Alfred Cove",6154,415,430,2026-04-15T06:58:26.576Z
alkimos-wa-6038,"Alkimos",6038,360,360,2026-04-15T06:58:28.487Z
anketell-wa-6167,"Anketell",6167,300,399,2026-04-15T06:58:48.935Z
applecross-wa-6153,"Applecross",6153,450,475,2026-04-15T06:58:53.898Z
ardross-wa-6153,"Ardross",6153,450,470,2026-04-15T06:59:01.365Z
armadale-wa-6112,"Armadale",6112,320,270,2026-04-15T06:59:04.293Z
ascot-wa-6104,"Ascot",6104,350,400,2026-04-15T06:59:10.475Z
ashby-wa-6065,"Ashby",6065,400,380,2026-04-15T06:59:11.571Z
attadale-wa-6156,"Attadale",6156,370,425,2026-04-15T06:59:16.502Z
atwell-wa-6164,"Atwell",6164,395,400,2026-04-15T06:59:16.911Z
aubin-grove-wa-6164,"Aubin Grove",6164,395,420,2026-04-15T06:59:17.184Z
augusta-wa-6290,"Augusta",6290,275,280,2026-04-15T06:59:19.114Z
australind-wa-6233,"Australind",6233,350,350,2026-04-15T06:59:20.997Z
aveley-wa-6069,"Aveley",6069,365,390,2026-04-15T06:59:21.713Z
balcatta-wa-6021,"Balcatta",6021,350,340,2026-04-15T06:59:38.460Z
baldivis-wa-6171,"Baldivis",6171,360,360,2026-04-15T06:59:39.976Z
balga-wa-6061,"Balga",6061,320,310,2026-04-15T06:59:41.329Z
ballajura-wa-6066,"Ballajura",6066,350,350,2026-04-15T06:59:43.553Z
banksia-grove-wa-6031,"Banksia Grove",6031,380,360,2026-04-15T06:59:55.751Z
bassendean-wa-6054,"Bassendean",6054,320,330,2026-04-15T07:00:20.043Z
bateman-wa-6150,"Bateman",6150,460,420,2026-04-15T07:00:21.012Z
baynton-wa-6714,"Baynton",6714,320,315,2026-04-15T07:00:25.508Z
bayonet-head-wa-6330,"Bayonet Head",6330,300,350,2026-04-15T07:00:25.787Z
bayswater-wa-6053,"Bayswater",6053,350,350,2026-04-15T07:00:26.342Z
beachlands-wa-6530,"Beachlands",6530,250,200,2026-04-15T07:00:27.163Z
beaconsfield-wa-6162,"Beaconsfield",6162,350,350,2026-04-15T07:00:28.435Z
beckenham-wa-6107,"Beckenham",6107,350,340,2026-04-15T07:00:32.894Z
bedford-wa-6052,"Bedford",6052,340,360,2026-04-15T07:00:34.211Z
beechboro-wa-6063,"Beechboro",6063,340,320,2026-04-15T07:00:35.052Z
beeliar-wa-6164,"Beeliar",6164,395,385,2026-04-15T07:00:37.264Z
beldon-wa-6027,"Beldon",6027,380,370,2026-04-15T07:00:40.879Z
belmont-wa-6104,"Belmont",6104,350,350,2026-04-15T07:00:49.742Z
bennett-springs-wa-6063,"Bennett Springs",6063,340,418,2026-04-15T07:00:59.023Z
bentley-wa-6102,"Bentley",6102,320,320,2026-04-15T07:01:00.896Z
beresford-wa-6530,"Beresford",6530,250,250,2026-04-15T07:01:02.139Z
bertram-wa-6167,"Bertram",6167,300,350,2026-04-15T07:01:08.190Z
bibra-lake-wa-6163,"Bibra Lake",6163,350,400,2026-04-15T07:01:13.935Z
bicton-wa-6157,"Bicton",6157,350,360,2026-04-15T07:01:14.500Z
bilingurr-wa-6725,"Bilingurr",6725,260,300,2026-04-15T07:01:19.461Z
bindoon-wa-6502,"Bindoon",6502,290,300,2026-04-15T07:01:24.309Z
bluff-point-wa-6530,"Bluff Point",6530,250,260,2026-04-15T07:01:49.906Z
booragoon-wa-6154,"Booragoon",6154,415,410,2026-04-15T07:02:18.922Z
boulder-wa-6432,"Boulder",6432,300,300,2026-04-15T07:02:32.346Z
brabham-wa-6055,"Brabham",6055,373,370,2026-04-15T07:02:42.468Z
brentwood-wa-6153,"Brentwood",6153,450,350,2026-04-15T07:02:54.831Z
bridgetown-wa-6255,"Bridgetown",6255,300,300,2026-04-15T07:02:57.874Z
broadwater-wa-6280,"Broadwater",6280,350,370,2026-04-15T07:03:08.699Z
brockman-wa-6701,"Brockman",6701,209,208,2026-04-15T07:03:09.991Z
brookdale-wa-6112,"Brookdale",6112,320,300,2026-04-15T07:03:13.440Z
broome-wa-6725,"Broome",6725,260,300,2026-04-15T07:03:17.650Z
bulgarra-wa-6714,"Bulgarra",6714,320,388,2026-04-15T07:03:37.290Z
bull-creek-wa-6149,"Bull Creek",6149,430,420,2026-04-15T07:03:40.732Z
bullsbrook-wa-6084,"Bullsbrook",6084,350,350,2026-04-15T07:03:43.594Z
bunbury-wa-6230,"Bunbury",6230,300,330,2026-04-15T07:03:46.560Z
burns-beach-wa-6028,"Burns Beach",6028,420,650,2026-04-15T07:04:04.992Z
burswood-wa-6100,"Burswood",6100,350,430,2026-04-15T07:04:13.168Z
busselton-wa-6280,"Busselton",6280,350,320,2026-04-15T07:04:16.194Z
butler-wa-6036,"Butler",6036,350,340,2026-04-15T07:04:17.026Z
byford-wa-6122,"Byford",6122,380,380,2026-04-15T07:04:19.337Z
cable-beach-wa-6726,"Cable Beach",6726,371,371,2026-04-15T07:04:23.020Z
calista-wa-6167,"Calista",6167,300,250,2026-04-15T07:04:31.624Z
camillo-wa-6111,"Camillo",6111,295,280,2026-04-15T07:04:42.887Z
canning-vale-wa-6155,"Canning Vale",6155,420,425,2026-04-15T07:04:52.472Z
cannington-wa-6107,"Cannington",6107,350,350,2026-04-15T07:04:51.904Z
capel-wa-6271,"Capel",6271,330,320,2026-04-15T07:05:00.017Z
carey-park-wa-6230,"Carey Park",6230,300,270,2026-04-15T07:05:08.414Z
carine-wa-6020,"Carine",6020,425,450,2026-04-15T07:05:09.686Z
carlisle-wa-6101,"Carlisle",6101,350,340,2026-04-15T07:05:11.368Z
carramar-wa-6031,"Carramar",6031,380,440,2026-04-15T07:05:17.230Z
castletown-wa-6450,"Castletown",6450,265,300,2026-04-15T07:05:26.333Z
caversham-wa-6055,"Caversham",6055,373,390,2026-04-15T07:05:31.445Z
champion-lakes-wa-6111,"Champion Lakes",6111,295,355,2026-04-15T07:05:39.337Z
churchlands-wa-6018,"Churchlands",6018,400,365,2026-04-15T07:06:02.889Z
city-beach-wa-6015,"City Beach",6015,750,750,2026-04-15T07:06:03.946Z
claremont-wa-6010,"Claremont",6010,460,460,2026-04-15T07:06:06.090Z
clarkson-wa-6030,"Clarkson",6030,352,350,2026-04-15T07:06:09.104Z
cloverdale-wa-6105,"Cloverdale",6105,340,340,2026-04-15T07:06:18.715Z
cockburn-central-wa-6164,"Cockburn Central",6164,395,355,2026-04-15T07:06:28.173Z
collie-wa-6225,"Collie",6225,250,250,2026-04-15T07:06:38.790Z
como-wa-6152,"Como",6152,350,350,2026-04-15T07:06:46.687Z
connolly-wa-6027,"Connolly",6027,380,415,2026-04-15T07:06:53.345Z
coodanup-wa-6210,"Coodanup",6210,300,240,2026-04-15T07:06:55.598Z
coogee-wa-6166,"Coogee",6166,400,430,2026-04-15T07:06:56.307Z
coolbellup-wa-6163,"Coolbellup",6163,350,300,2026-04-15T07:07:00.655Z
cooloongup-wa-6168,"Cooloongup",6168,300,300,2026-04-15T07:07:02.886Z
cottesloe-wa-6011,"Cottesloe",6011,550,550,2026-04-15T07:07:31.769Z
cowaramup-wa-6284,"Cowaramup",6284,380,390,2026-04-15T07:07:35.723Z
craigie-wa-6025,"Craigie",6025,400,375,2026-04-15T07:07:40.994Z
crawley-wa-6009,"Crawley",6009,450,350,2026-04-15T07:07:44.245Z
currambine-wa-6028,"Currambine",6028,420,400,2026-04-15T07:08:10.398Z
daglish-wa-6008,"Daglish",6008,420,295,2026-04-15T07:08:16.803Z
dalkeith-wa-6009,"Dalkeith",6009,450,802,2026-04-15T07:08:20.557Z
dalyellup-wa-6230,"Dalyellup",6230,300,350,2026-04-15T07:08:23.377Z
dampier-wa-6713,"Dampier",6713,480,480,2026-04-15T07:08:25.150Z
darch-wa-6065,"Darch",6065,400,460,2026-04-15T07:08:28.397Z
dawesville-wa-6211,"Dawesville",6211,350,350,2026-04-15T07:08:37.743Z
dayton-wa-6055,"Dayton",6055,373,360,2026-04-15T07:08:38.963Z
denmark-wa-6333,"Denmark",6333,300,300,2026-04-15T07:08:50.121Z
derby-wa-6728,"Derby",6728,100,180,2026-04-15T07:08:51.382Z
dianella-wa-6059,"Dianella",6059,340,340,2026-04-15T07:08:58.992Z
djugun-wa-6725,"Djugun",6725,260,350,2026-04-15T07:09:06.884Z
doubleview-wa-6018,"Doubleview",6018,400,400,2026-04-15T07:09:18.201Z
drummond-cove-wa-6532,"Drummond Cove",6532,320,330,2026-04-15T07:09:26.571Z
dudley-park-wa-6210,"Dudley Park",6210,300,310,2026-04-15T07:09:31.450Z
duncraig-wa-6023,"Duncraig",6023,460,460,2026-04-15T07:09:36.932Z
dunsborough-wa-6281,"Dunsborough",6281,450,450,2026-04-15T07:09:43.276Z
east-bunbury-wa-6230,"East Bunbury",6230,300,300,2026-04-15T07:09:55.989Z
east-cannington-wa-6107,"East Cannington",6107,350,350,2026-04-15T07:09:56.306Z
east-fremantle-wa-6158,"East Fremantle",6158,420,420,2026-04-15T07:09:58.589Z
east-perth-wa-6004,"East Perth",6004,410,410,2026-04-15T07:10:03.216Z
east-victoria-park-wa-6101,"East Victoria Park",6101,350,350,2026-04-15T07:10:05.426Z
eaton-wa-6232,"Eaton",6232,350,340,2026-04-15T07:10:07.830Z
eden-hill-wa-6054,"Eden Hill",6054,320,340,2026-04-15T07:10:11.170Z
edgewater-wa-6027,"Edgewater",6027,380,390,2026-04-15T07:10:13.080Z
eglinton-wa-6034,"Eglinton",6034,350,350,2026-04-15T07:10:17.790Z
ellenbrook-wa-6069,"Ellenbrook",6069,365,350,2026-04-15T07:10:27.429Z
embleton-wa-6062,"Embleton",6062,351,340,2026-04-15T07:10:32.917Z
erskine-wa-6210,"Erskine",6210,300,320,2026-04-15T07:10:45.559Z
esperance-wa-6450,"Esperance",6450,265,235,2026-04-15T07:10:47.366Z
exmouth-wa-6707,"Exmouth",6707,330,340,2026-04-15T07:11:02.021Z
falcon-wa-6210,"Falcon",6210,300,300,2026-04-15T07:11:07.021Z
ferndale-wa-6148,"Ferndale",6148,375,314,2026-04-15T07:11:15.163Z
floreat-wa-6014,"Floreat",6014,312,600,2026-04-15T07:11:33.883Z
forrestdale-wa-6112,"Forrestdale",6112,320,350,2026-04-15T07:11:43.621Z
forrestfield-wa-6058,"Forrestfield",6058,350,350,2026-04-15T07:11:43.890Z
fremantle-wa-6160,"Fremantle",6160,380,380,2026-04-15T07:11:54.423Z
geographe-wa-6280,"Geographe",6280,350,360,2026-04-15T07:12:16.211Z
geraldton-wa-6530,"Geraldton",6530,250,220,2026-04-15T07:12:18.713Z
girrawheen-wa-6064,"Girrawheen",6064,300,293,2026-04-15T07:12:33.907Z
glen-iris-wa-6230,"Glen Iris",6230,300,330,2026-04-15T07:12:52.741Z
glendalough-wa-6016,"Glendalough",6016,343,280,2026-04-15T07:12:43.052Z
glenfield-wa-6532,"Glenfield",6532,320,320,2026-04-15T07:12:48.710Z
golden-bay-wa-6174,"Golden Bay",6174,350,350,2026-04-15T07:13:09.057Z
gosnells-wa-6110,"Gosnells",6110,315,290,2026-04-15T07:13:26.819Z
greenfields-wa-6210,"Greenfields",6210,300,295,2026-04-15T07:13:44.589Z
greenwood-wa-6024,"Greenwood",6024,400,390,2026-04-15T07:13:53.312Z
guildford-wa-6055,"Guildford",6055,373,350,2026-04-15T07:14:03.941Z
gwelup-wa-6018,"Gwelup",6018,400,600,2026-04-15T07:14:16.668Z
halls-head-wa-6210,"Halls Head",6210,300,350,2026-04-15T07:14:24.121Z
hamersley-wa-6022,"Hamersley",6022,380,380,2026-04-15T07:14:25.707Z
hamilton-hill-wa-6163,"Hamilton Hill",6163,350,320,2026-04-15T07:14:26.450Z
hammond-park-wa-6164,"Hammond Park",6164,395,410,2026-04-15T07:14:28.423Z
hannans-wa-6430,"Hannans",6430,310,300,2026-04-15T07:14:31.090Z
harrisdale-wa-6112,"Harrisdale",6112,320,420,2026-04-15T07:14:36.558Z
harvey-wa-6220,"Harvey",6220,280,280,2026-04-15T07:14:39.208Z
haynes-wa-6112,"Haynes",6112,320,385,2026-04-15T07:14:46.771Z
heathridge-wa-6027,"Heathridge",6027,380,370,2026-04-15T07:14:52.377Z
henley-brook-wa-6055,"Henley Brook",6055,373,370,2026-04-15T07:14:57.845Z
high-wycombe-wa-6057,"High Wycombe",6057,380,380,2026-04-15T07:15:09.186Z
highgate-wa-6003,"Highgate",6003,380,365,2026-04-15T07:15:07.560Z
hilbert-wa-6112,"Hilbert",6112,320,370,2026-04-15T07:15:09.309Z
hillarys-wa-6025,"Hillarys",6025,400,490,2026-04-15T07:15:09.580Z
hillman-wa-6168,"Hillman",6168,300,300,2026-04-15T07:15:11.653Z
hilton-wa-6163,"Hilton",6163,350,300,2026-04-15T07:15:14.597Z
hocking-wa-6065,"Hocking",6065,400,400,2026-04-15T07:15:18.358Z
hopetoun-wa-6348,"Hopetoun",6348,250,250,2026-04-15T07:15:27.560Z
huntingdale-wa-6110,"Huntingdale",6110,315,350,2026-04-15T07:15:41.262Z
iluka-wa-6028,"Iluka",6028,420,635,2026-04-15T07:15:49.763Z
inglewood-wa-6052,"Inglewood",6052,340,310,2026-04-15T07:15:54.310Z
innaloo-wa-6018,"Innaloo",6018,400,400,2026-04-15T07:15:56.126Z
jane-brook-wa-6056,"Jane Brook",6056,300,440,2026-04-15T07:16:15.032Z
jindalee-wa-6036,"Jindalee",6036,350,425,2026-04-15T07:16:27.463Z
jolimont-wa-6014,"Jolimont",6014,312,300,2026-04-15T07:16:31.549Z
joondalup-wa-6027,"Joondalup",6027,380,360,2026-04-15T07:16:33.007Z
joondanna-wa-6060,"Joondanna",6060,323,330,2026-04-15T07:16:33.147Z
jurien-bay-wa-6516,"Jurien Bay",6516,320,320,2026-04-15T07:16:38.404Z
kalamunda-wa-6076,"Kalamunda",6076,360,360,2026-04-15T07:16:41.032Z
kalbarri-wa-6536,"Kalbarri",6536,258,258,2026-04-15T07:16:42.557Z
kalgoorlie-wa-6430,"Kalgoorlie",6430,310,300,2026-04-15T07:16:43.372Z
kallaroo-wa-6025,"Kallaroo",6025,400,433,2026-04-15T07:16:45.536Z
kambalda-east-wa-6442,"Kambalda East",6442,200,170,2026-04-15T07:16:47.870Z
kambalda-west-wa-6442,"Kambalda West",6442,200,200,2026-04-15T07:16:48.147Z
karawara-wa-6152,"Karawara",6152,350,300,2026-04-15T07:16:56.758Z
kardinya-wa-6163,"Kardinya",6163,350,390,2026-04-15T07:16:57.477Z
karnup-wa-6176,"Karnup",6176,370,370,2026-04-15T07:16:59.572Z
karrinyup-wa-6018,"Karrinyup",6018,400,450,2026-04-15T07:17:01.671Z
katanning-wa-6317,"Katanning",6317,200,200,2026-04-15T07:17:03.593Z
kelmscott-wa-6111,"Kelmscott",6111,295,290,2026-04-15T07:17:12.628Z
kensington-wa-6151,"Kensington",6151,375,375,2026-04-15T07:17:19.363Z
kenwick-wa-6107,"Kenwick",6107,350,300,2026-04-15T07:17:20.939Z
kewdale-wa-6105,"Kewdale",6105,340,350,2026-04-15T07:17:25.420Z
kiara-wa-6054,"Kiara",6054,320,333,2026-04-15T07:17:30.035Z
kingsley-wa-6026,"Kingsley",6026,440,418,2026-04-15T07:17:46.296Z
kinross-wa-6028,"Kinross",6028,420,405,2026-04-15T07:17:51.947Z
koondoola-wa-6064,"Koondoola",6064,300,285,2026-04-15T07:18:06.228Z
kununurra-wa-6743,"Kununurra",6743,242,266,2026-04-15T07:18:24.769Z
kwinana-town-centre-wa-6167,"Kwinana Town Centre",6167,300,300,2026-04-15T07:18:29.647Z
lake-coogee-wa-6166,"Lake Coogee",6166,400,400,2026-04-15T07:18:41.590Z
lakelands-wa-6180,"Lakelands",6180,350,350,2026-04-15T07:18:46.334Z
lamington-wa-6430,"Lamington",6430,310,370,2026-04-15T07:18:56.288Z
landsdale-wa-6065,"Landsdale",6065,400,450,2026-04-15T07:18:58.274Z
langford-wa-6147,"Langford",6147,320,300,2026-04-15T07:18:59.360Z
lathlain-wa-6100,"Lathlain",6100,350,350,2026-04-15T07:19:06.544Z
leda-wa-6170,"Leda",6170,350,303,2026-04-15T07:19:13.274Z
leederville-wa-6007,"Leederville",6007,420,430,2026-04-15T07:19:13.825Z
leeming-wa-6149,"Leeming",6149,430,440,2026-04-15T07:19:14.234Z
lesmurdie-wa-6076,"Lesmurdie",6076,360,350,2026-04-15T07:19:21.698Z
lockridge-wa-6054,"Lockridge",6054,320,280,2026-04-15T07:19:45.462Z
lynwood-wa-6147,"Lynwood",6147,320,350,2026-04-15T07:20:15.701Z
maddington-wa-6109,"Maddington",6109,300,300,2026-04-15T07:20:27.158Z
madeley-wa-6065,"Madeley",6065,400,428,2026-04-15T07:20:27.295Z
madora-bay-wa-6210,"Madora Bay",6210,300,370,2026-04-15T07:20:27.573Z
mahomets-flats-wa-6530,"Mahomets Flats",6530,250,250,2026-04-15T07:20:30.712Z
maida-vale-wa-6057,"Maida Vale",6057,380,400,2026-04-15T07:20:31.137Z
mandogalup-wa-6167,"Mandogalup",6167,300,265,2026-04-15T07:20:42.632Z
mandurah-wa-6210,"Mandurah",6210,300,270,2026-04-15T07:20:43.352Z
manjimup-wa-6258,"Manjimup",6258,235,250,2026-04-15T07:20:46.395Z
manning-wa-6152,"Manning",6152,350,340,2026-04-15T07:20:48.666Z
marangaroo-wa-6064,"Marangaroo",6064,300,350,2026-04-15T07:20:54.272Z
margaret-river-wa-6285,"Margaret River",6285,380,380,2026-04-15T07:20:58.068Z
maylands-wa-6051,"Maylands",6051,300,300,2026-04-15T07:21:19.983Z
mckail-wa-6330,"Mckail",6330,300,350,2026-04-15T07:21:23.728Z
meadow-springs-wa-6210,"Meadow Springs",6210,300,350,2026-04-15T07:21:27.017Z
medina-wa-6167,"Medina",6167,300,270,2026-04-15T07:21:28.584Z
melville-wa-6156,"Melville",6156,370,420,2026-04-15T07:21:35.322Z
merredin-wa-6415,"Merredin",6415,220,220,2026-04-15T07:21:43.721Z
merriwa-wa-6030,"Merriwa",6030,352,330,2026-04-15T07:21:46.481Z
middle-swan-wa-6056,"Middle Swan",6056,300,310,2026-04-15T07:21:54.857Z
midland-wa-6056,"Midland",6056,300,295,2026-04-15T07:21:56.700Z
midvale-wa-6056,"Midvale",6056,300,275,2026-04-15T07:21:56.825Z
millars-well-wa-6714,"Millars Well",6714,320,383,2026-04-15T07:22:01.837Z
millbridge-wa-6232,"Millbridge",6232,350,400,2026-04-15T07:22:02.210Z
mindarie-wa-6030,"Mindarie",6030,352,500,2026-04-15T07:22:10.782Z
mira-mar-wa-6330,"Mira Mar",6330,300,300,2026-04-15T07:22:17.635Z
mirrabooka-wa-6061,"Mirrabooka",6061,320,290,2026-04-15T07:22:19.486Z
morgantown-wa-6701,"Morgantown",6701,209,205,2026-04-15T07:26:52.786Z
morley-wa-6062,"Morley",6062,351,360,2026-04-15T07:26:54.023Z
mosman-park-wa-6012,"Mosman Park",6012,300,300,2026-04-15T07:27:00.359Z
mount-barker-wa-6324,"Mount Barker",6324,220,225,2026-04-15T07:27:07.854Z
mount-claremont-wa-6010,"Mount Claremont",6010,460,420,2026-04-15T07:27:13.015Z
mount-hawthorn-wa-6016,"Mount Hawthorn",6016,343,420,2026-04-15T07:27:25.341Z
mount-lawley-wa-6050,"Mount Lawley",6050,350,350,2026-04-15T07:27:31.426Z
mount-melville-wa-6330,"Mount Melville",6330,300,320,2026-04-15T07:27:37.056Z
mount-pleasant-wa-6153,"Mount Pleasant",6153,450,460,2026-04-15T07:27:42.644Z
mount-tarcoola-wa-6530,"Mount Tarcoola",6530,250,300,2026-04-15T07:27:49.961Z
mullaloo-wa-6027,"Mullaloo",6027,380,470,2026-04-15T07:28:06.018Z
murdoch-wa-6150,"Murdoch",6150,460,445,2026-04-15T07:28:19.611Z
myaree-wa-6154,"Myaree",6154,415,400,2026-04-15T07:28:33.410Z
narrogin-wa-6312,"Narrogin",6312,240,240,2026-04-15T07:28:56.729Z
nedlands-wa-6009,"Nedlands",6009,450,500,2026-04-15T07:29:01.793Z
newman-wa-6753,"Newman",6753,110,110,2026-04-15T07:29:18.761Z
nickol-wa-6714,"Nickol",6714,320,240,2026-04-15T07:29:27.171Z
nollamara-wa-6061,"Nollamara",6061,320,340,2026-04-15T07:29:35.773Z
noranda-wa-6062,"Noranda",6062,351,350,2026-04-15T07:29:39.972Z
north-beach-wa-6020,"North Beach",6020,425,380,2026-04-15T07:29:44.743Z
north-coogee-wa-6163,"North Coogee",6163,350,460,2026-04-15T07:29:48.216Z
north-fremantle-wa-6159,"North Fremantle",6159,480,480,2026-04-15T07:29:50.614Z
north-perth-wa-6006,"North Perth",6006,400,400,2026-04-15T07:29:57.636Z
northam-wa-6401,"Northam",6401,250,250,2026-04-15T07:29:42.996Z
northbridge-wa-6003,"Northbridge",6003,380,400,2026-04-15T07:29:46.612Z
nungarin-wa-6490,"Nungarin",6490,88,88,2026-04-15T07:30:16.169Z
ocean-reef-wa-6027,"Ocean Reef",6027,380,525,2026-04-15T07:30:29.720Z
orana-wa-6330,"Orana",6330,300,275,2026-04-15T07:30:40.861Z
orange-grove-wa-6109,"Orange Grove",6109,300,250,2026-04-15T07:30:41.555Z
orelia-wa-6167,"Orelia",6167,300,250,2026-04-15T07:30:43.715Z
osborne-park-wa-6017,"Osborne Park",6017,290,290,2026-04-15T07:30:46.424Z
padbury-wa-6025,"Padbury",6025,400,390,2026-04-15T07:30:54.473Z
palmyra-wa-6157,"Palmyra",6157,350,350,2026-04-15T07:31:03.955Z
parkwood-wa-6147,"Parkwood",6147,320,350,2026-04-15T07:31:17.293Z
parmelia-wa-6167,"Parmelia",6167,300,280,2026-04-15T07:31:18.108Z
pearsall-wa-6065,"Pearsall",6065,400,400,2026-04-15T07:31:28.863Z
pegs-creek-wa-6714,"Pegs Creek",6714,320,367,2026-04-15T07:31:32.386Z
peppermint-grove-wa-6011,"Peppermint Grove",6011,550,440,2026-04-15T07:31:38.687Z
perth-wa-6000,"Perth",6000,400,400,2026-04-15T07:31:42.587Z
piara-waters-wa-6112,"Piara Waters",6112,320,420,2026-04-15T07:31:48.009Z
piccadilly-wa-6430,"Piccadilly",6430,310,320,2026-04-15T07:31:48.574Z
pinjarra-wa-6208,"Pinjarra",6208,310,290,2026-04-15T07:32:00.591Z
port-denison-wa-6525,"Port Denison",6525,250,250,2026-04-15T07:32:24.155Z
port-hedland-wa-6721,"Port Hedland",6721,210,210,2026-04-15T07:32:26.202Z
port-kennedy-wa-6172,"Port Kennedy",6172,350,350,2026-04-15T07:32:27.068Z
queens-park-wa-6107,"Queens Park",6107,350,350,2026-04-15T07:32:54.790Z
quinns-rocks-wa-6030,"Quinns Rocks",6030,352,360,2026-04-15T07:32:57.238Z
rangeway-wa-6530,"Rangeway",6530,250,200,2026-04-15T07:33:04.865Z
ravenswood-wa-6208,"Ravenswood",6208,310,325,2026-04-15T07:33:08.741Z
redcliffe-wa-6104,"Redcliffe",6104,350,330,2026-04-15T07:33:13.044Z
ridgewood-wa-6030,"Ridgewood",6030,352,350,2026-04-15T07:33:34.477Z
riverton-wa-6148,"Riverton",6148,375,400,2026-04-15T07:33:40.899Z
rivervale-wa-6103,"Rivervale",6103,350,350,2026-04-15T07:33:41.914Z
rockingham-wa-6168,"Rockingham",6168,300,300,2026-04-15T07:33:49.283Z
rossmoyne-wa-6148,"Rossmoyne",6148,375,465,2026-04-15T07:34:08.568Z
safety-bay-wa-6169,"Safety Bay",6169,310,310,2026-04-15T07:34:24.647Z
scarborough-wa-6019,"Scarborough",6019,415,405,2026-04-15T07:34:46.015Z
secret-harbour-wa-6173,"Secret Harbour",6173,380,380,2026-04-15T07:34:55.246Z
seville-grove-wa-6112,"Seville Grove",6112,320,330,2026-04-15T07:35:01.984Z
shelley-wa-6148,"Shelley",6148,375,380,2026-04-15T07:35:09.585Z
shenton-park-wa-6008,"Shenton Park",6008,420,420,2026-04-15T07:35:10.661Z
shoalwater-wa-6169,"Shoalwater",6169,310,260,2026-04-15T07:35:14.186Z
silver-sands-wa-6210,"Silver Sands",6210,300,340,2026-04-15T07:35:18.572Z
sinagra-wa-6065,"Sinagra",6065,400,400,2026-04-15T07:35:20.931Z
singleton-wa-6175,"Singleton",6175,370,370,2026-04-15T07:35:21.760Z
somerville-wa-6430,"Somerville",6430,310,330,2026-04-15T07:35:33.820Z
sorrento-wa-6020,"Sorrento",6020,425,480,2026-04-15T07:35:34.770Z
south-boulder-wa-6432,"South Boulder",6432,300,300,2026-04-15T07:35:36.793Z
south-bunbury-wa-6230,"South Bunbury",6230,300,300,2026-04-15T07:35:37.900Z
south-fremantle-wa-6162,"South Fremantle",6162,350,450,2026-04-15T07:35:40.967Z
south-guildford-wa-6055,"South Guildford",6055,373,400,2026-04-15T07:35:42.387Z
south-hedland-wa-6722,"South Hedland",6722,240,240,2026-04-15T07:35:42.932Z
south-kalgoorlie-wa-6430,"South Kalgoorlie",6430,310,300,2026-04-15T07:35:44.050Z
south-lake-wa-6164,"South Lake",6164,395,350,2026-04-15T07:35:45.425Z
south-perth-wa-6151,"South Perth",6151,375,375,2026-04-15T07:35:48.955Z
south-yunderup-wa-6208,"South Yunderup",6208,310,335,2026-04-15T07:35:54.859Z
southern-river-wa-6110,"Southern River",6110,315,420,2026-04-15T07:35:40.550Z
spalding-wa-6530,"Spalding",6530,250,220,2026-04-15T07:35:55.395Z
spearwood-wa-6163,"Spearwood",6163,350,350,2026-04-15T07:35:56.326Z
spencer-park-wa-6330,"Spencer Park",6330,300,290,2026-04-15T07:35:58.048Z
st-james-wa-6102,"St James",6102,320,330,2026-04-15T07:36:26.496Z
stirling-wa-6021,"Stirling",6021,350,410,2026-04-15T07:36:25.827Z
subiaco-wa-6008,"Subiaco",6008,420,438,2026-04-15T07:36:49.806Z
success-wa-6164,"Success",6164,395,400,2026-04-15T07:36:49.953Z
sunset-beach-wa-6530,"Sunset Beach",6530,250,310,2026-04-15T07:36:58.013Z
swan-view-wa-6056,"Swan View",6056,300,320,2026-04-15T07:37:08.488Z
swanbourne-wa-6010,"Swanbourne",6010,460,470,2026-04-15T07:37:04.831Z
tapping-wa-6065,"Tapping",6065,400,430,2026-04-15T07:37:34.140Z
the-vines-wa-6069,"The Vines",6069,365,430,2026-04-15T07:38:17.167Z
thornlie-wa-6108,"Thornlie",6108,330,330,2026-04-15T07:38:21.593Z
tom-price-wa-6751,"Tom Price",6751,50,48,2026-04-15T07:38:41.228Z
treeby-wa-6164,"Treeby",6164,395,450,2026-04-15T07:39:05.625Z
trigg-wa-6029,"Trigg",6029,485,485,2026-04-15T07:39:09.040Z
tuart-hill-wa-6060,"Tuart Hill",6060,323,320,2026-04-15T07:39:12.345Z
two-rocks-wa-6037,"Two Rocks",6037,330,330,2026-04-15T07:39:26.580Z
upper-swan-wa-6069,"Upper Swan",6069,365,300,2026-04-15T07:39:51.235Z
usher-wa-6230,"Usher",6230,300,300,2026-04-15T07:39:56.229Z
utakarra-wa-6530,"Utakarra",6530,250,240,2026-04-15T07:39:56.369Z
vasse-wa-6280,"Vasse",6280,350,420,2026-04-15T07:40:00.341Z
victoria-park-wa-6100,"Victoria Park",6100,350,345,2026-04-15T07:40:04.909Z
victory-heights-wa-6432,"Victory Heights",6432,300,280,2026-04-15T07:40:06.709Z
viveash-wa-6056,"Viveash",6056,300,340,2026-04-15T07:40:09.999Z
waggrakine-wa-6530,"Waggrakine",6530,250,290,2026-04-15T07:40:14.074Z
waikiki-wa-6169,"Waikiki",6169,310,320,2026-04-15T07:40:15.596Z
wandi-wa-6167,"Wandi",6167,300,410,2026-04-15T07:40:36.954Z
wandina-wa-6530,"Wandina",6530,250,340,2026-04-15T07:40:36.520Z
wannanup-wa-6210,"Wannanup",6210,300,363,2026-04-15T07:40:41.382Z
wanneroo-wa-6065,"Wanneroo",6065,400,350,2026-04-15T07:40:41.517Z
warnbro-wa-6169,"Warnbro",6169,310,320,2026-04-15T07:40:49.150Z
waroona-wa-6215,"Waroona",6215,260,270,2026-04-15T07:40:51.174Z
warwick-wa-6024,"Warwick",6024,400,420,2026-04-15T07:41:03.959Z
waterford-wa-6152,"Waterford",6152,350,410,2026-04-15T07:41:07.305Z
wattle-grove-wa-6107,"Wattle Grove",6107,350,430,2026-04-15T07:41:13.800Z
wellard-wa-6170,"Wellard",6170,350,350,2026-04-15T07:41:26.317Z
wembley-downs-wa-6019,"Wembley Downs",6019,415,470,2026-04-15T07:41:29.773Z
wembley-wa-6014,"Wembley",6014,312,290,2026-04-15T07:41:29.924Z
west-beach-wa-6450,"West Beach",6450,265,350,2026-04-15T07:41:37.011Z
west-busselton-wa-6280,"West Busselton",6280,350,340,2026-04-15T07:41:38.483Z
west-lamington-wa-6430,"West Lamington",6430,310,350,2026-04-15T07:41:45.013Z
west-leederville-wa-6007,"West Leederville",6007,420,400,2026-04-15T07:41:45.284Z
west-perth-wa-6005,"West Perth",6005,400,400,2026-04-15T07:41:47.810Z
westminster-wa-6061,"Westminster",6061,320,330,2026-04-15T07:41:46.534Z
whitby-wa-6123,"Whitby",6123,370,360,2026-04-15T07:41:56.801Z
white-gum-valley-wa-6162,"White Gum Valley",6162,350,320,2026-04-15T07:41:57.647Z
wickham-wa-6720,"Wickham",6720,120,115,2026-04-15T07:42:07.534Z
willagee-wa-6156,"Willagee",6156,370,283,2026-04-15T07:42:13.645Z
willetton-wa-6155,"Willetton",6155,420,400,2026-04-15T07:42:16.558Z
wilson-wa-6107,"Wilson",6107,350,350,2026-04-15T07:42:26.681Z
winthrop-wa-6150,"Winthrop",6150,460,545,2026-04-15T07:42:37.381Z
withers-wa-6230,"Withers",6230,300,240,2026-04-15T07:42:43.361Z
wonthella-wa-6530,"Wonthella",6530,250,230,2026-04-15T07:42:56.921Z
woodbridge-wa-6056,"Woodbridge",6056,300,325,2026-04-15T07:42:58.702Z
woodlands-wa-6018,"Woodlands",6018,400,420,2026-04-15T07:43:02.832Z
woodvale-wa-6026,"Woodvale",6026,440,480,2026-04-15T07:43:07.626Z
yakamia-wa-6330,"Yakamia",6330,300,320,2026-04-15T07:43:40.246Z
yalyalup-wa-6280,"Yalyalup",6280,350,418,2026-04-15T07:43:44.158Z
yanchep-wa-6035,"Yanchep",6035,340,340,2026-04-15T07:43:46.367Z
yangebup-wa-6164,"Yangebup",6164,395,350,2026-04-15T07:43:48.751Z
yokine-wa-6060,"Yokine",6060,323,325,2026-04-15T07:44:13.414Z
york-wa-6302,"York",6302,260,260,2026-04-15T07:44:15.384Z
